,ds,trend,yhat_lower,yhat_upper,trend_lower,trend_upper,Ano Novo,Ano Novo_lower,Ano Novo_upper,Black friday,Black friday_lower,Black friday_upper,Dia das crianças,Dia das crianças_lower,Dia das crianças_upper,Dia das mães,Dia das mães_lower,Dia das mães_upper,Dia dos namorados,Dia dos namorados_lower,Dia dos namorados_upper,Dia dos pais,Dia dos pais_lower,Dia dos pais_upper,Natal,Natal_lower,Natal_upper,Páscoa,Páscoa_lower,Páscoa_upper,additive_terms,additive_terms_lower,additive_terms_upper,holidays,holidays_lower,holidays_upper,yearly,yearly_lower,yearly_upper,multiplicative_terms,multiplicative_terms_lower,multiplicative_terms_upper,yhat
0,2015-01-08,-2.341722856596209,-7.343172482961491,5.682450644968882,-2.341722856596209,-2.341722856596209,0.0,0.0,0.0,0.0,0.0,0.0,0.0,0.0,0.0,0.0,0.0,0.0,0.0,0.0,0.0,0.0,0.0,0.0,0.0,0.0,0.0,0.0,0.0,0.0,1.409364567524913,1.409364567524913,1.409364567524913,0.0,0.0,0.0,1.409364567524913,1.409364567524913,1.409364567524913,0.0,0.0,0.0,-0.932358289071296
1,2015-01-15,-2.1994162787773073,-7.876035189083,5.042376068852421,-2.1994162787773073,-2.1994162787773073,0.0,0.0,0.0,0.0,0.0,0.0,0.0,0.0,0.0,0.0,0.0,0.0,0.0,0.0,0.0,0.0,0.0,0.0,0.0,0.0,0.0,0.0,0.0,0.0,0.74349005644473,0.74349005644473,0.74349005644473,0.0,0.0,0.0,0.74349005644473,0.74349005644473,0.74349005644473,0.0,0.0,0.0,-1.4559262223325773
2,2015-01-22,-2.0571097009584056,-9.112572075193567,4.488155820167171,-2.0571097009584056,-2.0571097009584056,0.0,0.0,0.0,0.0,0.0,0.0,0.0,0.0,0.0,0.0,0.0,0.0,0.0,0.0,0.0,0.0,0.0,0.0,0.0,0.0,0.0,0.0,0.0,0.0,-0.07831139774276197,-0.07831139774276197,-0.07831139774276197,0.0,0.0,0.0,-0.07831139774276197,-0.07831139774276197,-0.07831139774276197,0.0,0.0,0.0,-2.1354210987011677
3,2015-01-29,-1.914803123139504,-8.93613987101144,3.839839063737671,-1.914803123139504,-1.914803123139504,0.0,0.0,0.0,0.0,0.0,0.0,0.0,0.0,0.0,0.0,0.0,0.0,0.0,0.0,0.0,0.0,0.0,0.0,0.0,0.0,0.0,0.0,0.0,0.0,-0.7164560136441265,-0.7164560136441265,-0.7164560136441265,0.0,0.0,0.0,-0.7164560136441265,-0.7164560136441265,-0.7164560136441265,0.0,0.0,0.0,-2.6312591367836307
4,2015-02-05,-1.7724965453206025,-8.598893250405887,4.126249498749841,-1.7724965453206025,-1.7724965453206025,0.0,0.0,0.0,0.0,0.0,0.0,0.0,0.0,0.0,0.0,0.0,0.0,0.0,0.0,0.0,0.0,0.0,0.0,0.0,0.0,0.0,0.0,0.0,0.0,-0.8578622331656495,-0.8578622331656495,-0.8578622331656495,0.0,0.0,0.0,-0.8578622331656495,-0.8578622331656495,-0.8578622331656495,0.0,0.0,0.0,-2.630358778486252
5,2015-02-12,-1.6301899675017006,-9.200754611453924,4.398618444321073,-1.6301899675017006,-1.6301899675017006,0.0,0.0,0.0,0.0,0.0,0.0,0.0,0.0,0.0,0.0,0.0,0.0,0.0,0.0,0.0,0.0,0.0,0.0,0.0,0.0,0.0,0.0,0.0,0.0,-0.5079615288610525,-0.5079615288610525,-0.5079615288610525,0.0,0.0,0.0,-0.5079615288610525,-0.5079615288610525,-0.5079615288610525,0.0,0.0,0.0,-2.1381514963627533
6,2015-02-19,-1.4878833932874431,-7.834265215291786,4.840090032286221,-1.4878833932874431,-1.4878833932874431,0.0,0.0,0.0,0.0,0.0,0.0,0.0,0.0,0.0,0.0,0.0,0.0,0.0,0.0,0.0,0.0,0.0,0.0,0.0,0.0,0.0,0.0,0.0,0.0,-0.13026834593517655,-0.13026834593517655,-0.13026834593517655,0.0,0.0,0.0,-0.13026834593517655,-0.13026834593517655,-0.13026834593517655,0.0,0.0,0.0,-1.6181517392226197
7,2015-02-26,-1.3455768190731852,-8.222001274730223,4.908647290262891,-1.3455768190731852,-1.3455768190731852,0.0,0.0,0.0,0.0,0.0,0.0,0.0,0.0,0.0,0.0,0.0,0.0,0.0,0.0,0.0,0.0,0.0,0.0,0.0,0.0,0.0,0.0,0.0,0.0,-0.3084135941050796,-0.3084135941050796,-0.3084135941050796,0.0,0.0,0.0,-0.3084135941050796,-0.3084135941050796,-0.3084135941050796,0.0,0.0,0.0,-1.6539904131782648
8,2015-03-05,-1.2032702448589274,-8.779730828102986,3.811123975858961,-1.2032702448589274,-1.2032702448589274,0.0,0.0,0.0,0.0,0.0,0.0,0.0,0.0,0.0,0.0,0.0,0.0,0.0,0.0,0.0,0.0,0.0,0.0,0.0,0.0,0.0,0.0,0.0,0.0,-1.1217152662927001,-1.1217152662927001,-1.1217152662927001,0.0,0.0,0.0,-1.1217152662927001,-1.1217152662927001,-1.1217152662927001,0.0,0.0,0.0,-2.3249855111516275
9,2015-03-12,-1.0609636706446695,-9.654687058941692,3.6607298507948776,-1.0609636706446695,-1.0609636706446695,0.0,0.0,0.0,0.0,0.0,0.0,0.0,0.0,0.0,0.0,0.0,0.0,0.0,0.0,0.0,0.0,0.0,0.0,0.0,0.0,0.0,0.0,0.0,0.0,-1.9494170255718075,-1.9494170255718075,-1.9494170255718075,0.0,0.0,0.0,-1.9494170255718075,-1.9494170255718075,-1.9494170255718075,0.0,0.0,0.0,-3.010380696216477
10,2015-03-19,-0.9186570964304119,-9.140970370615307,3.873771309559311,-0.9186570964304119,-0.9186570964304119,0.0,0.0,0.0,0.0,0.0,0.0,0.0,0.0,0.0,0.0,0.0,0.0,0.0,0.0,0.0,0.0,0.0,0.0,0.0,0.0,0.0,0.0,0.0,0.0,-2.0942934322946845,-2.0942934322946845,-2.0942934322946845,0.0,0.0,0.0,-2.0942934322946845,-2.0942934322946845,-2.0942934322946845,0.0,0.0,0.0,-3.0129505287250966
11,2015-03-26,-0.7763505215373229,-8.738488631227046,4.600851939993582,-0.776350521537323,-0.776350521537323,0.0,0.0,0.0,0.0,0.0,0.0,0.0,0.0,0.0,0.0,0.0,0.0,0.0,0.0,0.0,0.0,0.0,0.0,0.0,0.0,0.0,0.0,0.0,0.0,-1.6123448224678882,-1.6123448224678882,-1.6123448224678882,0.0,0.0,0.0,-1.6123448224678882,-1.6123448224678882,-1.6123448224678882,0.0,0.0,0.0,-2.388695344005211
12,2015-04-02,-0.6340439466442337,-7.800046287610195,5.68454770921165,-0.6340439466442337,-0.6340439466442337,0.0,0.0,0.0,0.0,0.0,0.0,0.0,0.0,0.0,0.0,0.0,0.0,0.0,0.0,0.0,0.0,0.0,0.0,0.0,0.0,0.0,1.0306855080665966,1.0306855080665966,1.0306855080665966,-0.26887024180982855,-0.26887024180982855,-0.26887024180982855,1.0306855080665966,1.0306855080665966,1.0306855080665966,-1.2995557498764252,-1.2995557498764252,-1.2995557498764252,0.0,0.0,0.0,-0.9029141884540622
13,2015-04-09,-0.4917373717511446,-8.660245021934545,4.686898966204403,-0.4917373717511446,-0.4917373717511446,0.0,0.0,0.0,0.0,0.0,0.0,0.0,0.0,0.0,0.0,0.0,0.0,0.0,0.0,0.0,0.0,0.0,0.0,0.0,0.0,0.0,0.0,0.0,0.0,-1.6837770763520084,-1.6837770763520084,-1.6837770763520084,0.0,0.0,0.0,-1.6837770763520084,-1.6837770763520084,-1.6837770763520084,0.0,0.0,0.0,-2.175514448103153
14,2015-04-16,-0.34943079685805606,-9.52448666864131,3.458093580654829,-0.34943079685805606,-0.34943079685805606,0.0,0.0,0.0,0.0,0.0,0.0,0.0,0.0,0.0,0.0,0.0,0.0,0.0,0.0,0.0,0.0,0.0,0.0,0.0,0.0,0.0,0.0,0.0,0.0,-2.1715009575629787,-2.1715009575629787,-2.1715009575629787,0.0,0.0,0.0,-2.1715009575629787,-2.1715009575629787,-2.1715009575629787,0.0,0.0,0.0,-2.5209317544210346
15,2015-04-23,-0.20712422196496666,-7.821170329562676,4.561439805538265,-0.20712422196496666,-0.20712422196496666,0.0,0.0,0.0,0.0,0.0,0.0,0.0,0.0,0.0,0.0,0.0,0.0,0.0,0.0,0.0,0.0,0.0,0.0,0.0,0.0,0.0,0.0,0.0,0.0,-1.5280698022071477,-1.5280698022071477,-1.5280698022071477,0.0,0.0,0.0,-1.5280698022071477,-1.5280698022071477,-1.5280698022071477,0.0,0.0,0.0,-1.7351940241721144
16,2015-04-30,-0.06481764677621703,-6.148219095486509,7.318360783823757,-0.06481764677621703,-0.06481764677621703,0.0,0.0,0.0,0.0,0.0,0.0,0.0,0.0,0.0,0.0,0.0,0.0,0.0,0.0,0.0,0.0,0.0,0.0,0.0,0.0,0.0,0.0,0.0,0.0,0.6498920283407656,0.6498920283407656,0.6498920283407656,0.0,0.0,0.0,0.6498920283407656,0.6498920283407656,0.6498920283407656,0.0,0.0,0.0,0.5850743815645486
17,2015-05-07,0.07748892841253259,-5.992603826939376,6.88679652668385,0.07748892841253259,0.07748892841253259,0.0,0.0,0.0,0.0,0.0,0.0,0.0,0.0,0.0,-2.7901159517870013,-2.7901159517870013,-2.7901159517870013,0.0,0.0,0.0,0.0,0.0,0.0,0.0,0.0,0.0,0.0,0.0,0.0,0.3616502263681156,0.3616502263681156,0.3616502263681156,-2.7901159517870013,-2.7901159517870013,-2.7901159517870013,3.151766178155117,3.151766178155117,3.151766178155117,0.0,0.0,0.0,0.4391391547806482
18,2015-05-14,0.2197955036012822,-1.8156809373748253,11.426601613197196,0.2197955036012822,0.2197955036012822,0.0,0.0,0.0,0.0,0.0,0.0,0.0,0.0,0.0,0.0,0.0,0.0,0.0,0.0,0.0,0.0,0.0,0.0,0.0,0.0,0.0,0.0,0.0,0.0,4.152337126651332,4.152337126651332,4.152337126651332,0.0,0.0,0.0,4.152337126651332,4.152337126651332,4.152337126651332,0.0,0.0,0.0,4.372132630252614
19,2015-05-21,0.36210207879003153,-2.8374507758062317,10.038410670341042,0.36210207879003153,0.36210207879003153,0.0,0.0,0.0,0.0,0.0,0.0,0.0,0.0,0.0,0.0,0.0,0.0,0.0,0.0,0.0,0.0,0.0,0.0,0.0,0.0,0.0,0.0,0.0,0.0,3.057692663464384,3.057692663464384,3.057692663464384,0.0,0.0,0.0,3.057692663464384,3.057692663464384,3.057692663464384,0.0,0.0,0.0,3.4197947422544157
20,2015-05-28,0.5044086539787811,-4.179185770572491,8.290375145367411,0.5044086539787811,0.5044086539787811,0.0,0.0,0.0,0.0,0.0,0.0,0.0,0.0,0.0,0.0,0.0,0.0,0.0,0.0,0.0,0.0,0.0,0.0,0.0,0.0,0.0,0.0,0.0,0.0,1.15578402216796,1.15578402216796,1.15578402216796,0.0,0.0,0.0,1.15578402216796,1.15578402216796,1.15578402216796,0.0,0.0,0.0,1.6601926761467412
21,2015-06-04,0.6467152314692758,-5.688597303111934,7.510532478585616,0.6467152314692758,0.6467152314692758,0.0,0.0,0.0,0.0,0.0,0.0,0.0,0.0,0.0,0.0,0.0,0.0,0.0,0.0,0.0,0.0,0.0,0.0,0.0,0.0,0.0,0.0,0.0,0.0,0.2782269612257013,0.2782269612257013,0.2782269612257013,0.0,0.0,0.0,0.2782269612257013,0.2782269612257013,0.2782269612257013,0.0,0.0,0.0,0.924942192694977
22,2015-06-11,0.7890218089597699,-5.967823090829271,7.314382757855827,0.78902180895977,0.78902180895977,0.0,0.0,0.0,0.0,0.0,0.0,0.0,0.0,0.0,0.0,0.0,0.0,-1.313117140016772,-1.313117140016772,-1.313117140016772,0.0,0.0,0.0,0.0,0.0,0.0,0.0,0.0,0.0,-0.382312323009343,-0.382312323009343,-0.382312323009343,-1.313117140016772,-1.313117140016772,-1.313117140016772,0.9308048170074291,0.9308048170074291,0.9308048170074291,0.0,0.0,0.0,0.40670948595042694
23,2015-06-18,0.9313283864502646,-3.8180440019002635,9.384028177621376,0.9313283864502646,0.9313283864502646,0.0,0.0,0.0,0.0,0.0,0.0,0.0,0.0,0.0,0.0,0.0,0.0,0.0,0.0,0.0,0.0,0.0,0.0,0.0,0.0,0.0,0.0,0.0,0.0,1.96101655894792,1.96101655894792,1.96101655894792,0.0,0.0,0.0,1.96101655894792,1.96101655894792,1.96101655894792,0.0,0.0,0.0,2.8923449453981847
24,2015-06-25,1.0736349639407592,-3.3494300251138873,9.51830271735448,1.0736349639407592,1.0736349639407592,0.0,0.0,0.0,0.0,0.0,0.0,0.0,0.0,0.0,0.0,0.0,0.0,0.0,0.0,0.0,0.0,0.0,0.0,0.0,0.0,0.0,0.0,0.0,0.0,2.0431676828517555,2.0431676828517555,2.0431676828517555,0.0,0.0,0.0,2.0431676828517555,2.0431676828517555,2.0431676828517555,0.0,0.0,0.0,3.1168026467925145
25,2015-07-02,1.2159415414312533,-3.374008847076963,8.660932459276022,1.2159415414312533,1.2159415414312533,0.0,0.0,0.0,0.0,0.0,0.0,0.0,0.0,0.0,0.0,0.0,0.0,0.0,0.0,0.0,0.0,0.0,0.0,0.0,0.0,0.0,0.0,0.0,0.0,1.1810740305968717,1.1810740305968717,1.1810740305968717,0.0,0.0,0.0,1.1810740305968717,1.1810740305968717,1.1810740305968717,0.0,0.0,0.0,2.397015572028125
26,2015-07-09,1.3582481203667314,-4.715015929087808,8.488625885382325,1.3582481203667314,1.3582481203667314,0.0,0.0,0.0,0.0,0.0,0.0,0.0,0.0,0.0,0.0,0.0,0.0,0.0,0.0,0.0,0.0,0.0,0.0,0.0,0.0,0.0,0.0,0.0,0.0,0.5198615067254513,0.5198615067254513,0.5198615067254513,0.0,0.0,0.0,0.5198615067254513,0.5198615067254513,0.5198615067254513,0.0,0.0,0.0,1.8781096270921827
27,2015-07-16,1.500554699302209,-4.168448508857155,8.834232176142379,1.500554699302209,1.500554699302209,0.0,0.0,0.0,0.0,0.0,0.0,0.0,0.0,0.0,0.0,0.0,0.0,0.0,0.0,0.0,0.0,0.0,0.0,0.0,0.0,0.0,0.0,0.0,0.0,0.8557286877766407,0.8557286877766407,0.8557286877766407,0.0,0.0,0.0,0.8557286877766407,0.8557286877766407,0.8557286877766407,0.0,0.0,0.0,2.3562833870788498
28,2015-07-23,1.6428612782376866,-3.2041632222546155,10.135871402178637,1.6428612782376866,1.6428612782376866,0.0,0.0,0.0,0.0,0.0,0.0,0.0,0.0,0.0,0.0,0.0,0.0,0.0,0.0,0.0,0.0,0.0,0.0,0.0,0.0,0.0,0.0,0.0,0.0,1.749351320407286,1.749351320407286,1.749351320407286,0.0,0.0,0.0,1.749351320407286,1.749351320407286,1.749351320407286,0.0,0.0,0.0,3.3922125986449725
29,2015-07-30,1.7851678571731646,-2.596895706575129,10.343018354975985,1.7851678571731646,1.7851678571731646,0.0,0.0,0.0,0.0,0.0,0.0,0.0,0.0,0.0,0.0,0.0,0.0,0.0,0.0,0.0,0.0,0.0,0.0,0.0,0.0,0.0,0.0,0.0,0.0,2.2625001538075957,2.2625001538075957,2.2625001538075957,0.0,0.0,0.0,2.2625001538075957,2.2625001538075957,2.2625001538075957,0.0,0.0,0.0,4.04766801098076
30,2015-08-06,1.927474436108642,-2.549085231827631,10.189079636237008,1.927474436108642,1.927474436108642,0.0,0.0,0.0,0.0,0.0,0.0,0.0,0.0,0.0,0.0,0.0,0.0,0.0,0.0,0.0,-0.29544611658088127,-0.29544611658088127,-0.29544611658088127,0.0,0.0,0.0,0.0,0.0,0.0,1.932537808082551,1.932537808082551,1.932537808082551,-0.29544611658088127,-0.29544611658088127,-0.29544611658088127,2.2279839246634325,2.2279839246634325,2.2279839246634325,0.0,0.0,0.0,3.860012244191193
31,2015-08-13,2.0697810149461184,-1.8946796251160767,11.617170254514946,2.0697810149461184,2.0697810149461184,0.0,0.0,0.0,0.0,0.0,0.0,0.0,0.0,0.0,0.0,0.0,0.0,0.0,0.0,0.0,0.0,0.0,0.0,0.0,0.0,0.0,0.0,0.0,0.0,2.31802486938614,2.31802486938614,2.31802486938614,0.0,0.0,0.0,2.31802486938614,2.31802486938614,2.31802486938614,0.0,0.0,0.0,4.387805884332258
32,2015-08-20,2.2120875937835947,-1.4378304708471576,12.00943416845373,2.2120875937835947,2.2120875937835947,0.0,0.0,0.0,0.0,0.0,0.0,0.0,0.0,0.0,0.0,0.0,0.0,0.0,0.0,0.0,0.0,0.0,0.0,0.0,0.0,0.0,0.0,0.0,0.0,2.81177159568813,2.81177159568813,2.81177159568813,0.0,0.0,0.0,2.81177159568813,2.81177159568813,2.81177159568813,0.0,0.0,0.0,5.023859189471725
33,2015-08-27,2.3543941726210704,-1.7119085421749687,12.198510650423936,2.3543941726210704,2.3543941726210704,0.0,0.0,0.0,0.0,0.0,0.0,0.0,0.0,0.0,0.0,0.0,0.0,0.0,0.0,0.0,0.0,0.0,0.0,0.0,0.0,0.0,0.0,0.0,0.0,2.7779474287247488,2.7779474287247488,2.7779474287247488,0.0,0.0,0.0,2.7779474287247488,2.7779474287247488,2.7779474287247488,0.0,0.0,0.0,5.13234160134582
34,2015-09-03,2.496700751458547,-2.543685239963308,10.301608675894734,2.496700751458547,2.496700751458547,0.0,0.0,0.0,0.0,0.0,0.0,0.0,0.0,0.0,0.0,0.0,0.0,0.0,0.0,0.0,0.0,0.0,0.0,0.0,0.0,0.0,0.0,0.0,0.0,0.9947820385611118,0.9947820385611118,0.9947820385611118,0.0,0.0,0.0,0.9947820385611118,0.9947820385611118,0.9947820385611118,0.0,0.0,0.0,3.491482790019659
35,2015-09-10,2.639007330545341,-6.699299897815885,6.888721474231889,2.639007330545341,2.639007330545341,0.0,0.0,0.0,0.0,0.0,0.0,0.0,0.0,0.0,0.0,0.0,0.0,0.0,0.0,0.0,0.0,0.0,0.0,0.0,0.0,0.0,0.0,0.0,0.0,-2.3011044868983017,-2.3011044868983017,-2.3011044868983017,0.0,0.0,0.0,-2.3011044868983017,-2.3011044868983017,-2.3011044868983017,0.0,0.0,0.0,0.3379028436470395
36,2015-09-17,2.781313909632137,-8.996527165758922,4.009060842124248,2.781313909632137,2.781313909632137,0.0,0.0,0.0,0.0,0.0,0.0,0.0,0.0,0.0,0.0,0.0,0.0,0.0,0.0,0.0,0.0,0.0,0.0,0.0,0.0,0.0,0.0,0.0,0.0,-5.042558693476497,-5.042558693476497,-5.042558693476497,0.0,0.0,0.0,-5.042558693476497,-5.042558693476497,-5.042558693476497,0.0,0.0,0.0,-2.26124478384436
37,2015-09-24,2.9236204887189317,-8.998307320633705,4.245019144624483,2.9236204887189317,2.9236204887189317,0.0,0.0,0.0,0.0,0.0,0.0,0.0,0.0,0.0,0.0,0.0,0.0,0.0,0.0,0.0,0.0,0.0,0.0,0.0,0.0,0.0,0.0,0.0,0.0,-5.14301939196889,-5.14301939196889,-5.14301939196889,0.0,0.0,0.0,-5.14301939196889,-5.14301939196889,-5.14301939196889,0.0,0.0,0.0,-2.2193989032499584
38,2015-10-01,3.065927067805726,-6.008710747036732,7.104386436250857,3.065927067805726,3.065927067805726,0.0,0.0,0.0,0.0,0.0,0.0,0.0,0.0,0.0,0.0,0.0,0.0,0.0,0.0,0.0,0.0,0.0,0.0,0.0,0.0,0.0,0.0,0.0,0.0,-2.7117502257861092,-2.7117502257861092,-2.7117502257861092,0.0,0.0,0.0,-2.7117502257861092,-2.7117502257861092,-2.7117502257861092,0.0,0.0,0.0,0.35417684201961697
39,2015-10-08,3.2082336468925208,-5.593717150066537,6.902887693965401,3.2082336468925208,3.2082336468925208,0.0,0.0,0.0,0.0,0.0,0.0,-2.838903205728277,-2.838903205728277,-2.838903205728277,0.0,0.0,0.0,0.0,0.0,0.0,0.0,0.0,0.0,0.0,0.0,0.0,0.0,0.0,0.0,-3.0320508376813513,-3.0320508376813513,-3.0320508376813513,-2.838903205728277,-2.838903205728277,-2.838903205728277,-0.1931476319530741,-0.1931476319530741,-0.1931476319530741,0.0,0.0,0.0,0.17618280921116947
40,2015-10-15,3.35054022344816,-3.4440714648440927,9.763499597773913,3.35054022344816,3.35054022344816,0.0,0.0,0.0,0.0,0.0,0.0,0.0,0.0,0.0,0.0,0.0,0.0,0.0,0.0,0.0,0.0,0.0,0.0,0.0,0.0,0.0,0.0,0.0,0.0,-0.0915113040809629,-0.0915113040809629,-0.0915113040809629,0.0,0.0,0.0,-0.0915113040809629,-0.0915113040809629,-0.0915113040809629,0.0,0.0,0.0,3.2590289193671973
41,2015-10-22,3.492846800003798,-5.005756317322032,7.182174409574209,3.4928468000037975,3.4928468000037975,0.0,0.0,0.0,0.0,0.0,0.0,0.0,0.0,0.0,0.0,0.0,0.0,0.0,0.0,0.0,0.0,0.0,0.0,0.0,0.0,0.0,0.0,0.0,0.0,-2.5667465370893114,-2.5667465370893114,-2.5667465370893114,0.0,0.0,0.0,-2.5667465370893114,-2.5667465370893114,-2.5667465370893114,0.0,0.0,0.0,0.9261002629144865
42,2015-10-29,3.6351533765594377,-8.656159507082421,4.964881645080772,3.6351533765594377,3.6351533765594377,0.0,0.0,0.0,0.0,0.0,0.0,0.0,0.0,0.0,0.0,0.0,0.0,0.0,0.0,0.0,0.0,0.0,0.0,0.0,0.0,0.0,0.0,0.0,0.0,-5.34332963793125,-5.34332963793125,-5.34332963793125,0.0,0.0,0.0,-5.34332963793125,-5.34332963793125,-5.34332963793125,0.0,0.0,0.0,-1.708176261371812
43,2015-11-05,3.7774599531150748,-8.250372153493215,4.431908707416899,3.7774599531150743,3.7774599531150743,0.0,0.0,0.0,0.0,0.0,0.0,0.0,0.0,0.0,0.0,0.0,0.0,0.0,0.0,0.0,0.0,0.0,0.0,0.0,0.0,0.0,0.0,0.0,0.0,-5.924264768854412,-5.924264768854412,-5.924264768854412,0.0,0.0,0.0,-5.924264768854412,-5.924264768854412,-5.924264768854412,0.0,0.0,0.0,-2.1468048157393373
44,2015-11-12,3.919766529670714,-6.461324255204426,7.074385862675837,3.919766529670714,3.919766529670714,0.0,0.0,0.0,0.0,0.0,0.0,0.0,0.0,0.0,0.0,0.0,0.0,0.0,0.0,0.0,0.0,0.0,0.0,0.0,0.0,0.0,0.0,0.0,0.0,-3.79234539914853,-3.79234539914853,-3.79234539914853,0.0,0.0,0.0,-3.79234539914853,-3.79234539914853,-3.79234539914853,0.0,0.0,0.0,0.12742113052218418
45,2015-11-19,4.062073107123546,-2.808350033327562,10.472721508647961,4.062073107123546,4.062073107123546,0.0,0.0,0.0,0.0,0.0,0.0,0.0,0.0,0.0,0.0,0.0,0.0,0.0,0.0,0.0,0.0,0.0,0.0,0.0,0.0,0.0,0.0,0.0,0.0,-0.54005008531557,-0.54005008531557,-0.54005008531557,0.0,0.0,0.0,-0.54005008531557,-0.54005008531557,-0.54005008531557,0.0,0.0,0.0,3.522023021807976
46,2015-11-26,4.204379684576377,0.9997502443311463,14.625722536412876,4.204379684576377,4.204379684576377,0.0,0.0,0.0,1.6696230950354223,1.6696230950354223,1.6696230950354223,0.0,0.0,0.0,0.0,0.0,0.0,0.0,0.0,0.0,0.0,0.0,0.0,0.0,0.0,0.0,0.0,0.0,0.0,3.5113843392149375,3.5113843392149375,3.5113843392149375,1.6696230950354223,1.6696230950354223,1.6696230950354223,1.8417612441795153,1.8417612441795153,1.8417612441795153,0.0,0.0,0.0,7.715764023791315
47,2015-12-03,4.34668626202921,0.03601806766876287,13.402750653522226,4.34668626202921,4.34668626202921,0.0,0.0,0.0,0.0,0.0,0.0,0.0,0.0,0.0,0.0,0.0,0.0,0.0,0.0,0.0,0.0,0.0,0.0,0.0,0.0,0.0,0.0,0.0,0.0,2.5901212975614403,2.5901212975614403,2.5901212975614403,0.0,0.0,0.0,2.5901212975614403,2.5901212975614403,2.5901212975614403,0.0,0.0,0.0,6.93680755959065
48,2015-12-10,4.488992839482043,0.39100052520620726,13.563171293142297,4.488992839482043,4.488992839482043,0.0,0.0,0.0,0.0,0.0,0.0,0.0,0.0,0.0,0.0,0.0,0.0,0.0,0.0,0.0,0.0,0.0,0.0,0.0,0.0,0.0,0.0,0.0,0.0,2.299776065882883,2.299776065882883,2.299776065882883,0.0,0.0,0.0,2.299776065882883,2.299776065882883,2.299776065882883,0.0,0.0,0.0,6.788768905364925
49,2015-12-17,4.6312994169348745,-1.7462930939914523,11.35202629878789,4.6312994169348745,4.6312994169348745,0.0,0.0,0.0,0.0,0.0,0.0,0.0,0.0,0.0,0.0,0.0,0.0,0.0,0.0,0.0,0.0,0.0,0.0,-1.532542602082613,-1.532542602082613,-1.532542602082613,0.0,0.0,0.0,0.37021738821020267,0.37021738821020267,0.37021738821020267,-1.532542602082613,-1.532542602082613,-1.532542602082613,1.9027599902928156,1.9027599902928156,1.9027599902928156,0.0,0.0,0.0,5.001516805145077
50,2015-12-24,4.773605994374338,-4.081178669262354,8.944371585035881,4.773605994374338,4.773605994374338,-2.1004593180479354,-2.1004593180479354,-2.1004593180479354,0.0,0.0,0.0,0.0,0.0,0.0,0.0,0.0,0.0,0.0,0.0,0.0,0.0,0.0,0.0,-2.1004593180479354,-2.1004593180479354,-2.1004593180479354,0.0,0.0,0.0,-2.413335521543516,-2.413335521543516,-2.413335521543516,-4.200918636095871,-4.200918636095871,-4.200918636095871,1.7875831145523549,1.7875831145523549,1.7875831145523549,0.0,0.0,0.0,2.3602704728308224
51,2015-12-31,4.915912571813803,-1.1982322684958853,11.86373884713072,4.915912571813803,4.915912571813803,-1.307756866175151,-1.307756866175151,-1.307756866175151,0.0,0.0,0.0,0.0,0.0,0.0,0.0,0.0,0.0,0.0,0.0,0.0,0.0,0.0,0.0,0.0,0.0,0.0,0.0,0.0,0.0,0.4510480200559658,0.4510480200559658,0.4510480200559658,-1.307756866175151,-1.307756866175151,-1.307756866175151,1.7588048862311167,1.7588048862311167,1.7588048862311167,0.0,0.0,0.0,5.366960591869769
52,2016-01-07,5.058219149253268,0.038935247508725186,13.018992951688379,5.058219149253268,5.058219149253268,0.0,0.0,0.0,0.0,0.0,0.0,0.0,0.0,0.0,0.0,0.0,0.0,0.0,0.0,0.0,0.0,0.0,0.0,0.0,0.0,0.0,0.0,0.0,0.0,1.4943323958508912,1.4943323958508912,1.4943323958508912,0.0,0.0,0.0,1.4943323958508912,1.4943323958508912,1.4943323958508912,0.0,0.0,0.0,6.5525515451041585
53,2016-01-14,5.20052572669273,-0.22161436927082634,12.891035987328205,5.20052572669273,5.20052572669273,0.0,0.0,0.0,0.0,0.0,0.0,0.0,0.0,0.0,0.0,0.0,0.0,0.0,0.0,0.0,0.0,0.0,0.0,0.0,0.0,0.0,0.0,0.0,0.0,0.8818212018039225,0.8818212018039225,0.8818212018039225,0.0,0.0,0.0,0.8818212018039225,0.8818212018039225,0.8818212018039225,0.0,0.0,0.0,6.082346928496652
54,2016-01-21,5.3428323041321955,-0.7858971379410955,12.002853768488965,5.3428323041321955,5.3428323041321955,0.0,0.0,0.0,0.0,0.0,0.0,0.0,0.0,0.0,0.0,0.0,0.0,0.0,0.0,0.0,0.0,0.0,0.0,0.0,0.0,0.0,0.0,0.0,0.0,0.06583855400783016,0.06583855400783016,0.06583855400783016,0.0,0.0,0.0,0.06583855400783016,0.06583855400783016,0.06583855400783016,0.0,0.0,0.0,5.408670858140026
55,2016-01-28,5.485138881726703,-1.5418995442153687,11.775551293837308,5.485138881726703,5.485138881726703,0.0,0.0,0.0,0.0,0.0,0.0,0.0,0.0,0.0,0.0,0.0,0.0,0.0,0.0,0.0,0.0,0.0,0.0,0.0,0.0,0.0,0.0,0.0,0.0,-0.6323206707602647,-0.6323206707602647,-0.6323206707602647,0.0,0.0,0.0,-0.6323206707602647,-0.6323206707602647,-0.6323206707602647,0.0,0.0,0.0,4.852818210966438
56,2016-02-04,5.627445459321211,-1.6039001430502156,11.207295185334477,5.627445459321211,5.627445459321211,0.0,0.0,0.0,0.0,0.0,0.0,0.0,0.0,0.0,0.0,0.0,0.0,0.0,0.0,0.0,0.0,0.0,0.0,0.0,0.0,0.0,0.0,0.0,0.0,-0.8750577817062114,-0.8750577817062114,-0.8750577817062114,0.0,0.0,0.0,-0.8750577817062114,-0.8750577817062114,-0.8750577817062114,0.0,0.0,0.0,4.752387677614999
57,2016-02-11,5.769752036915719,-1.8794163563515627,11.418158077399072,5.769752036915719,5.769752036915719,0.0,0.0,0.0,0.0,0.0,0.0,0.0,0.0,0.0,0.0,0.0,0.0,0.0,0.0,0.0,0.0,0.0,0.0,0.0,0.0,0.0,0.0,0.0,0.0,-0.5907897532200443,-0.5907897532200443,-0.5907897532200443,0.0,0.0,0.0,-0.5907897532200443,-0.5907897532200443,-0.5907897532200443,0.0,0.0,0.0,5.178962283695674
58,2016-02-18,5.9120586145102285,-0.8194674678352317,12.321033118423541,5.9120586145102285,5.9120586145102285,0.0,0.0,0.0,0.0,0.0,0.0,0.0,0.0,0.0,0.0,0.0,0.0,0.0,0.0,0.0,0.0,0.0,0.0,0.0,0.0,0.0,0.0,0.0,0.0,-0.17054968451762803,-0.17054968451762803,-0.17054968451762803,0.0,0.0,0.0,-0.17054968451762803,-0.17054968451762803,-0.17054968451762803,0.0,0.0,0.0,5.741508929992601
59,2016-02-25,6.054365192104735,-0.4548564459979282,12.65840857642151,6.054365192104735,6.054365192104735,0.0,0.0,0.0,0.0,0.0,0.0,0.0,0.0,0.0,0.0,0.0,0.0,0.0,0.0,0.0,0.0,0.0,0.0,0.0,0.0,0.0,0.0,0.0,0.0,-0.22198251073593903,-0.22198251073593903,-0.22198251073593903,0.0,0.0,0.0,-0.22198251073593903,-0.22198251073593903,-0.22198251073593903,0.0,0.0,0.0,5.832382681368795
60,2016-03-03,6.196671769933526,-1.3193417314871803,11.202004713773391,6.196671769933526,6.196671769933526,0.0,0.0,0.0,0.0,0.0,0.0,0.0,0.0,0.0,0.0,0.0,0.0,0.0,0.0,0.0,0.0,0.0,0.0,0.0,0.0,0.0,0.0,0.0,0.0,-0.9510727038988666,-0.9510727038988666,-0.9510727038988666,0.0,0.0,0.0,-0.9510727038988666,-0.9510727038988666,-0.9510727038988666,0.0,0.0,0.0,5.24559906603466
61,2016-03-10,6.338978347762318,-1.8602953837467284,11.14259302898844,6.338978347762318,6.338978347762318,0.0,0.0,0.0,0.0,0.0,0.0,0.0,0.0,0.0,0.0,0.0,0.0,0.0,0.0,0.0,0.0,0.0,0.0,0.0,0.0,0.0,0.0,0.0,0.0,-1.8379010665817732,-1.8379010665817732,-1.8379010665817732,0.0,0.0,0.0,-1.8379010665817732,-1.8379010665817732,-1.8379010665817732,0.0,0.0,0.0,4.501077281180544
62,2016-03-17,6.481284925591109,-2.170065152673254,11.21686077675429,6.481284925591109,6.481284925591109,0.0,0.0,0.0,0.0,0.0,0.0,0.0,0.0,0.0,0.0,0.0,0.0,0.0,0.0,0.0,0.0,0.0,0.0,0.0,0.0,0.0,0.0,0.0,0.0,-2.1291696508044846,-2.1291696508044846,-2.1291696508044846,0.0,0.0,0.0,-2.1291696508044846,-2.1291696508044846,-2.1291696508044846,0.0,0.0,0.0,4.352115274786625
63,2016-03-24,6.6235915034199,-0.42616465414085736,12.19622600091084,6.6235915034199,6.6235915034199,0.0,0.0,0.0,0.0,0.0,0.0,0.0,0.0,0.0,0.0,0.0,0.0,0.0,0.0,0.0,0.0,0.0,0.0,0.0,0.0,0.0,1.0306855080665966,1.0306855080665966,1.0306855080665966,-0.6820240554347456,-0.6820240554347456,-0.6820240554347456,1.0306855080665966,1.0306855080665966,1.0306855080665966,-1.7127095635013423,-1.7127095635013423,-1.7127095635013423,0.0,0.0,0.0,5.941567447985154
64,2016-03-31,6.765898081248691,-1.0748735824234863,11.533565077971865,6.765898081248691,6.765898081248691,0.0,0.0,0.0,0.0,0.0,0.0,0.0,0.0,0.0,0.0,0.0,0.0,0.0,0.0,0.0,0.0,0.0,0.0,0.0,0.0,0.0,0.0,0.0,0.0,-1.3069212198540217,-1.3069212198540217,-1.3069212198540217,0.0,0.0,0.0,-1.3069212198540217,-1.3069212198540217,-1.3069212198540217,0.0,0.0,0.0,5.458976861394669
65,2016-04-07,6.9082046604878204,-1.1771957042164427,12.306164207426093,6.9082046604878204,6.9082046604878204,0.0,0.0,0.0,0.0,0.0,0.0,0.0,0.0,0.0,0.0,0.0,0.0,0.0,0.0,0.0,0.0,0.0,0.0,0.0,0.0,0.0,0.0,0.0,0.0,-1.5750870366708987,-1.5750870366708987,-1.5750870366708987,0.0,0.0,0.0,-1.5750870366708987,-1.5750870366708987,-1.5750870366708987,0.0,0.0,0.0,5.333117623816921
66,2016-04-14,7.050511239726948,-1.1715196929821317,11.19686313415851,7.050511239726948,7.050511239726948,0.0,0.0,0.0,0.0,0.0,0.0,0.0,0.0,0.0,0.0,0.0,0.0,0.0,0.0,0.0,0.0,0.0,0.0,0.0,0.0,0.0,0.0,0.0,0.0,-2.1337926690630242,-2.1337926690630242,-2.1337926690630242,0.0,0.0,0.0,-2.1337926690630242,-2.1337926690630242,-2.1337926690630242,0.0,0.0,0.0,4.916718570663924
67,2016-04-21,7.192817818966077,-0.7519855221841818,11.926535264359343,7.192817818966077,7.192817818966077,0.0,0.0,0.0,0.0,0.0,0.0,0.0,0.0,0.0,0.0,0.0,0.0,0.0,0.0,0.0,0.0,0.0,0.0,0.0,0.0,0.0,0.0,0.0,0.0,-1.7651025805108038,-1.7651025805108038,-1.7651025805108038,0.0,0.0,0.0,-1.7651025805108038,-1.7651025805108038,-1.7651025805108038,0.0,0.0,0.0,5.427715238455273
68,2016-04-28,7.335124398205206,0.24593986759082023,13.747818815960095,7.335124398205206,7.335124398205206,0.0,0.0,0.0,0.0,0.0,0.0,0.0,0.0,0.0,0.0,0.0,0.0,0.0,0.0,0.0,0.0,0.0,0.0,0.0,0.0,0.0,0.0,0.0,0.0,0.18390287086264992,0.18390287086264992,0.18390287086264992,0.0,0.0,0.0,0.18390287086264992,0.18390287086264992,0.18390287086264992,0.0,0.0,0.0,7.519027269067856
69,2016-05-05,7.477430977444333,0.9281700605474623,14.021575179096368,7.477430977444333,7.477430977444333,0.0,0.0,0.0,0.0,0.0,0.0,0.0,0.0,0.0,-2.7901159517870013,-2.7901159517870013,-2.7901159517870013,0.0,0.0,0.0,0.0,0.0,0.0,0.0,0.0,0.0,0.0,0.0,0.0,-0.02118134298955693,-0.02118134298955693,-0.02118134298955693,-2.7901159517870013,-2.7901159517870013,-2.7901159517870013,2.7689346087974447,2.7689346087974447,2.7689346087974447,0.0,0.0,0.0,7.4562496344547755
70,2016-05-12,7.619737672166332,5.529898191560631,18.68713367316626,7.619737672166332,7.619737672166332,0.0,0.0,0.0,0.0,0.0,0.0,0.0,0.0,0.0,0.0,0.0,0.0,0.0,0.0,0.0,0.0,0.0,0.0,0.0,0.0,0.0,0.0,0.0,0.0,4.136971983864435,4.136971983864435,4.136971983864435,0.0,0.0,0.0,4.136971983864435,4.136971983864435,4.136971983864435,0.0,0.0,0.0,11.756709656030768
71,2016-05-19,7.7620443668883325,4.591258405956165,17.413927416416694,7.7620443668883325,7.7620443668883325,0.0,0.0,0.0,0.0,0.0,0.0,0.0,0.0,0.0,0.0,0.0,0.0,0.0,0.0,0.0,0.0,0.0,0.0,0.0,0.0,0.0,0.0,0.0,0.0,3.368571006941477,3.368571006941477,3.368571006941477,0.0,0.0,0.0,3.368571006941477,3.368571006941477,3.368571006941477,0.0,0.0,0.0,11.130615373829809
72,2016-05-26,7.904351061610333,2.8914916135274975,15.939586843246893,7.904351061610333,7.904351061610333,0.0,0.0,0.0,0.0,0.0,0.0,0.0,0.0,0.0,0.0,0.0,0.0,0.0,0.0,0.0,0.0,0.0,0.0,0.0,0.0,0.0,0.0,0.0,0.0,1.4642157373628069,1.4642157373628069,1.4642157373628069,0.0,0.0,0.0,1.4642157373628069,1.4642157373628069,1.4642157373628069,0.0,0.0,0.0,9.36856679897314
73,2016-06-02,8.046657756332333,1.8382085354802398,14.78026134440375,8.046657756332333,8.046657756332333,0.0,0.0,0.0,0.0,0.0,0.0,0.0,0.0,0.0,0.0,0.0,0.0,0.0,0.0,0.0,0.0,0.0,0.0,0.0,0.0,0.0,0.0,0.0,0.0,0.31133548927807875,0.31133548927807875,0.31133548927807875,0.0,0.0,0.0,0.31133548927807875,0.31133548927807875,0.31133548927807875,0.0,0.0,0.0,8.357993245610412
74,2016-06-09,8.188964451054334,-0.4868458819614243,13.084595911538537,8.188964451054334,8.188964451054334,0.0,0.0,0.0,0.0,0.0,0.0,0.0,0.0,0.0,0.0,0.0,0.0,-2.445011358420826,-2.445011358420826,-2.445011358420826,0.0,0.0,0.0,0.0,0.0,0.0,0.0,0.0,0.0,-1.7053779089701535,-1.7053779089701535,-1.7053779089701535,-2.445011358420826,-2.445011358420826,-2.445011358420826,0.7396334494506724,0.7396334494506724,0.7396334494506724,0.0,0.0,0.0,6.48358654208418
75,2016-06-16,8.331271145580471,4.053686334325771,16.38974731328502,8.331271145580471,8.331271145580471,0.0,0.0,0.0,0.0,0.0,0.0,0.0,0.0,0.0,0.0,0.0,0.0,0.0,0.0,0.0,0.0,0.0,0.0,0.0,0.0,0.0,0.0,0.0,0.0,1.8206408362230682,1.8206408362230682,1.8206408362230682,0.0,0.0,0.0,1.8206408362230682,1.8206408362230682,1.8206408362230682,0.0,0.0,0.0,10.15191198180354
76,2016-06-23,8.47357784010661,4.083924199042512,17.621979288762812,8.47357784010661,8.47357784010661,0.0,0.0,0.0,0.0,0.0,0.0,0.0,0.0,0.0,0.0,0.0,0.0,0.0,0.0,0.0,0.0,0.0,0.0,0.0,0.0,0.0,0.0,0.0,0.0,2.1193242326885504,2.1193242326885504,2.1193242326885504,0.0,0.0,0.0,2.1193242326885504,2.1193242326885504,2.1193242326885504,0.0,0.0,0.0,10.59290207279516
77,2016-06-30,8.615884534632748,3.619726319864025,17.16561686260511,8.615884534632748,8.615884534632748,0.0,0.0,0.0,0.0,0.0,0.0,0.0,0.0,0.0,0.0,0.0,0.0,0.0,0.0,0.0,0.0,0.0,0.0,0.0,0.0,0.0,0.0,0.0,0.0,1.3581017874480317,1.3581017874480317,1.3581017874480317,0.0,0.0,0.0,1.3581017874480317,1.3581017874480317,1.3581017874480317,0.0,0.0,0.0,9.97398632208078
78,2016-07-07,8.758191229158886,2.369926919018237,15.708251050650148,8.758191229158886,8.758191229158886,0.0,0.0,0.0,0.0,0.0,0.0,0.0,0.0,0.0,0.0,0.0,0.0,0.0,0.0,0.0,0.0,0.0,0.0,0.0,0.0,0.0,0.0,0.0,0.0,0.5722264747170196,0.5722264747170196,0.5722264747170196,0.0,0.0,0.0,0.5722264747170196,0.5722264747170196,0.5722264747170196,0.0,0.0,0.0,9.330417703875906
79,2016-07-14,8.900497923685025,3.1294102034278932,16.52002414894438,8.900497923685025,8.900497923685025,0.0,0.0,0.0,0.0,0.0,0.0,0.0,0.0,0.0,0.0,0.0,0.0,0.0,0.0,0.0,0.0,0.0,0.0,0.0,0.0,0.0,0.0,0.0,0.0,0.7275817476869278,0.7275817476869278,0.7275817476869278,0.0,0.0,0.0,0.7275817476869278,0.7275817476869278,0.7275817476869278,0.0,0.0,0.0,9.628079671371953
80,2016-07-21,9.042804692781797,3.7868876541131105,16.829238616171594,9.042804692781797,9.042804692781797,0.0,0.0,0.0,0.0,0.0,0.0,0.0,0.0,0.0,0.0,0.0,0.0,0.0,0.0,0.0,0.0,0.0,0.0,0.0,0.0,0.0,0.0,0.0,0.0,1.5950837807898455,1.5950837807898455,1.5950837807898455,0.0,0.0,0.0,1.5950837807898455,1.5950837807898455,1.5950837807898455,0.0,0.0,0.0,10.637888473571643
81,2016-07-28,9.18511146187857,4.974530008344341,17.807949457307064,9.18511146187857,9.18511146187857,0.0,0.0,0.0,0.0,0.0,0.0,0.0,0.0,0.0,0.0,0.0,0.0,0.0,0.0,0.0,0.0,0.0,0.0,0.0,0.0,0.0,0.0,0.0,0.0,2.2216375388120855,2.2216375388120855,2.2216375388120855,0.0,0.0,0.0,2.2216375388120855,2.2216375388120855,2.2216375388120855,0.0,0.0,0.0,11.406749000690656
82,2016-08-04,9.32741823097534,5.400391719035799,18.364570859699473,9.32741823097534,9.32741823097534,0.0,0.0,0.0,0.0,0.0,0.0,0.0,0.0,0.0,0.0,0.0,0.0,0.0,0.0,0.0,0.0,0.0,0.0,0.0,0.0,0.0,0.0,0.0,0.0,2.2477912061694068,2.2477912061694068,2.2477912061694068,0.0,0.0,0.0,2.2477912061694068,2.2477912061694068,2.2477912061694068,0.0,0.0,0.0,11.575209437144746
83,2016-08-11,9.469725000072113,4.426207795606124,17.78244088378272,9.469725000072113,9.469725000072113,0.0,0.0,0.0,0.0,0.0,0.0,0.0,0.0,0.0,0.0,0.0,0.0,0.0,0.0,0.0,-0.29544611658088127,-0.29544611658088127,-0.29544611658088127,0.0,0.0,0.0,0.0,0.0,0.0,1.9695711369215994,1.9695711369215994,1.9695711369215994,-0.29544611658088127,-0.29544611658088127,-0.29544611658088127,2.2650172535024806,2.2650172535024806,2.2650172535024806,0.0,0.0,0.0,11.439296136993713
84,2016-08-18,9.612031769168883,5.7543964051685395,19.225837781473967,9.612031769168883,9.612031769168883,0.0,0.0,0.0,0.0,0.0,0.0,0.0,0.0,0.0,0.0,0.0,0.0,0.0,0.0,0.0,0.0,0.0,0.0,0.0,0.0,0.0,0.0,0.0,0.0,2.721636845119941,2.721636845119941,2.721636845119941,0.0,0.0,0.0,2.721636845119941,2.721636845119941,2.721636845119941,0.0,0.0,0.0,12.333668614288824
85,2016-08-25,9.75433960599737,5.983575023900581,18.37009422689754,9.75433960599737,9.75433960599737,0.0,0.0,0.0,0.0,0.0,0.0,0.0,0.0,0.0,0.0,0.0,0.0,0.0,0.0,0.0,0.0,0.0,0.0,0.0,0.0,0.0,0.0,0.0,0.0,2.8873030741208945,2.8873030741208945,2.8873030741208945,0.0,0.0,0.0,2.8873030741208945,2.8873030741208945,2.8873030741208945,0.0,0.0,0.0,12.641642680118263
86,2016-09-01,9.896647442825858,4.836624229344281,17.912498620256393,9.896647442825858,9.896647442825858,0.0,0.0,0.0,0.0,0.0,0.0,0.0,0.0,0.0,0.0,0.0,0.0,0.0,0.0,0.0,0.0,0.0,0.0,0.0,0.0,0.0,0.0,0.0,0.0,1.4593466718408328,1.4593466718408328,1.4593466718408328,0.0,0.0,0.0,1.4593466718408328,1.4593466718408328,1.4593466718408328,0.0,0.0,0.0,11.35599411466669
87,2016-09-08,10.038955279654346,1.6875027843767065,15.381017101793399,10.038955279654346,10.038955279654346,0.0,0.0,0.0,0.0,0.0,0.0,0.0,0.0,0.0,0.0,0.0,0.0,0.0,0.0,0.0,0.0,0.0,0.0,0.0,0.0,0.0,0.0,0.0,0.0,-1.6785170631759714,-1.6785170631759714,-1.6785170631759714,0.0,0.0,0.0,-1.6785170631759714,-1.6785170631759714,-1.6785170631759714,0.0,0.0,0.0,8.360438216478375
88,2016-09-15,10.181263116482837,-1.3152912111590052,11.98604907065825,10.181263116482837,10.181263116482837,0.0,0.0,0.0,0.0,0.0,0.0,0.0,0.0,0.0,0.0,0.0,0.0,0.0,0.0,0.0,0.0,0.0,0.0,0.0,0.0,0.0,0.0,0.0,0.0,-4.705906547857103,-4.705906547857103,-4.705906547857103,0.0,0.0,0.0,-4.705906547857103,-4.705906547857103,-4.705906547857103,0.0,0.0,0.0,5.475356568625734
89,2016-09-22,10.323570953311327,-1.7672967339772947,10.844695208904406,10.323570953311327,10.323570953311327,0.0,0.0,0.0,0.0,0.0,0.0,0.0,0.0,0.0,0.0,0.0,0.0,0.0,0.0,0.0,0.0,0.0,0.0,0.0,0.0,0.0,0.0,0.0,0.0,-5.351703244784761,-5.351703244784761,-5.351703244784761,0.0,0.0,0.0,-5.351703244784761,-5.351703244784761,-5.351703244784761,0.0,0.0,0.0,4.971867708526566
90,2016-09-29,10.4658787915371,0.39998009204295887,13.211551391950715,10.4658787915371,10.4658787915371,0.0,0.0,0.0,0.0,0.0,0.0,0.0,0.0,0.0,0.0,0.0,0.0,0.0,0.0,0.0,0.0,0.0,0.0,0.0,0.0,0.0,0.0,0.0,0.0,-3.240687705718612,-3.240687705718612,-3.240687705718612,0.0,0.0,0.0,-3.240687705718612,-3.240687705718612,-3.240687705718612,0.0,0.0,0.0,7.225191085818489
91,2016-10-06,10.608186629762876,6.819001245742918,20.108487517616847,10.608186629762876,10.608186629762876,0.0,0.0,0.0,0.0,0.0,0.0,3.576270591795673,3.576270591795673,3.576270591795673,0.0,0.0,0.0,0.0,0.0,0.0,0.0,0.0,0.0,0.0,0.0,0.0,0.0,0.0,0.0,3.059705943806491,3.059705943806491,3.059705943806491,3.576270591795673,3.576270591795673,3.576270591795673,-0.516564647989182,-0.516564647989182,-0.516564647989182,0.0,0.0,0.0,13.667892573569368
92,2016-10-13,10.75049446798865,3.5674634018332143,17.41821196730061,10.75049446798865,10.75049446798865,0.0,0.0,0.0,0.0,0.0,0.0,0.0,0.0,0.0,0.0,0.0,0.0,0.0,0.0,0.0,0.0,0.0,0.0,0.0,0.0,0.0,0.0,0.0,0.0,0.11420432259490372,0.11420432259490372,0.11420432259490372,0.0,0.0,0.0,0.11420432259490372,0.11420432259490372,0.11420432259490372,0.0,0.0,0.0,10.864698790583555
93,2016-10-20,10.892802306214428,2.401270481356347,15.225593855380348,10.892802306214428,10.892802306214428,0.0,0.0,0.0,0.0,0.0,0.0,0.0,0.0,0.0,0.0,0.0,0.0,0.0,0.0,0.0,0.0,0.0,0.0,0.0,0.0,0.0,0.0,0.0,0.0,-2.0180311629859236,-2.0180311629859236,-2.0180311629859236,0.0,0.0,0.0,-2.0180311629859236,-2.0180311629859236,-2.0180311629859236,0.0,0.0,0.0,8.874771143228504
94,2016-10-27,11.035110147435846,-0.5600439747275688,12.748842863935165,11.035110147435846,11.035110147435846,0.0,0.0,0.0,0.0,0.0,0.0,0.0,0.0,0.0,0.0,0.0,0.0,0.0,0.0,0.0,0.0,0.0,0.0,0.0,0.0,0.0,0.0,0.0,0.0,-4.9541304742928975,-4.9541304742928975,-4.9541304742928975,0.0,0.0,0.0,-4.9541304742928975,-4.9541304742928975,-4.9541304742928975,0.0,0.0,0.0,6.080979673142949
95,2016-11-03,11.177417988657268,-1.2035329396720231,11.894820997440258,11.177417988657268,11.177417988657268,0.0,0.0,0.0,0.0,0.0,0.0,0.0,0.0,0.0,0.0,0.0,0.0,0.0,0.0,0.0,0.0,0.0,0.0,0.0,0.0,0.0,0.0,0.0,0.0,-6.038272604910993,-6.038272604910993,-6.038272604910993,0.0,0.0,0.0,-6.038272604910993,-6.038272604910993,-6.038272604910993,0.0,0.0,0.0,5.139145383746275
96,2016-11-10,11.319725829878688,-0.028880206767423436,13.858760702544956,11.319725829878688,11.319725829878688,0.0,0.0,0.0,0.0,0.0,0.0,0.0,0.0,0.0,0.0,0.0,0.0,0.0,0.0,0.0,0.0,0.0,0.0,0.0,0.0,0.0,0.0,0.0,0.0,-4.318557297031707,-4.318557297031707,-4.318557297031707,0.0,0.0,0.0,-4.318557297031707,-4.318557297031707,-4.318557297031707,0.0,0.0,0.0,7.0011685328469815
97,2016-11-17,11.46203367110011,4.12254826740974,16.984093837364647,11.46203367110011,11.46203367110011,0.0,0.0,0.0,0.0,0.0,0.0,0.0,0.0,0.0,0.0,0.0,0.0,0.0,0.0,0.0,0.0,0.0,0.0,0.0,0.0,0.0,0.0,0.0,0.0,-1.1042492283989955,-1.1042492283989955,-1.1042492283989955,0.0,0.0,0.0,-1.1042492283989955,-1.1042492283989955,-1.1042492283989955,0.0,0.0,0.0,10.357784442701115
98,2016-11-24,11.60434151232153,7.950264365160235,21.43643330979613,11.60434151232153,11.60434151232153,0.0,0.0,0.0,1.6696230950354223,1.6696230950354223,1.6696230950354223,0.0,0.0,0.0,0.0,0.0,0.0,0.0,0.0,0.0,0.0,0.0,0.0,0.0,0.0,0.0,0.0,0.0,0.0,3.205465500797467,3.205465500797467,3.205465500797467,1.6696230950354223,1.6696230950354223,1.6696230950354223,1.5358424057620448,1.5358424057620448,1.5358424057620448,0.0,0.0,0.0,14.809807013118998
99,2016-12-01,11.746649354535329,8.05680835521968,20.810402010730023,11.746649354535329,11.746649354535329,0.0,0.0,0.0,0.0,0.0,0.0,0.0,0.0,0.0,0.0,0.0,0.0,0.0,0.0,0.0,0.0,0.0,0.0,0.0,0.0,0.0,0.0,0.0,0.0,2.561269643501537,2.561269643501537,2.561269643501537,0.0,0.0,0.0,2.561269643501537,2.561269643501537,2.561269643501537,0.0,0.0,0.0,14.307918998036866
100,2016-12-08,11.888957196749129,7.838891659593447,21.39335971293718,11.888957196749129,11.888957196749129,0.0,0.0,0.0,0.0,0.0,0.0,0.0,0.0,0.0,0.0,0.0,0.0,0.0,0.0,0.0,0.0,0.0,0.0,0.0,0.0,0.0,0.0,0.0,0.0,2.382100923576214,2.382100923576214,2.382100923576214,0.0,0.0,0.0,2.382100923576214,2.382100923576214,2.382100923576214,0.0,0.0,0.0,14.271058120325343
101,2016-12-15,12.031265038962928,7.059823194179317,20.10439297661721,12.031265038962928,12.031265038962928,0.0,0.0,0.0,0.0,0.0,0.0,0.0,0.0,0.0,0.0,0.0,0.0,0.0,0.0,0.0,0.0,0.0,0.0,0.0,0.0,0.0,0.0,0.0,0.0,1.9545372882225922,1.9545372882225922,1.9545372882225922,0.0,0.0,0.0,1.9545372882225922,1.9545372882225922,1.9545372882225922,0.0,0.0,0.0,13.985802327185521
102,2016-12-22,12.173572881176726,7.000502665975314,20.162241126141737,12.173572881176726,12.173572881176726,0.0,0.0,0.0,0.0,0.0,0.0,0.0,0.0,0.0,0.0,0.0,0.0,0.0,0.0,0.0,0.0,0.0,0.0,-0.09460037211289901,-0.09460037211289901,-0.09460037211289901,0.0,0.0,0.0,1.6970458531033907,1.6970458531033907,1.6970458531033907,-0.09460037211289901,-0.09460037211289901,-0.09460037211289901,1.7916462252162897,1.7916462252162897,1.7916462252162897,0.0,0.0,0.0,13.870618734280118
103,2016-12-29,12.315880723390524,3.583057682485906,16.683002813365583,12.315880723390524,12.315880723390524,-3.7161628105359323,-3.7161628105359323,-3.7161628105359323,0.0,0.0,0.0,0.0,0.0,0.0,0.0,0.0,0.0,0.0,0.0,0.0,0.0,0.0,0.0,0.0,0.0,0.0,0.0,0.0,0.0,-1.9424796678478702,-1.9424796678478702,-1.9424796678478702,-3.7161628105359323,-3.7161628105359323,-3.7161628105359323,1.773683142688062,1.773683142688062,1.773683142688062,0.0,0.0,0.0,10.373401055542654
104,2017-01-05,12.458188565668868,7.412164251910062,20.242963282422878,12.458188565668868,12.458188565668868,0.0,0.0,0.0,0.0,0.0,0.0,0.0,0.0,0.0,0.0,0.0,0.0,0.0,0.0,0.0,0.0,0.0,0.0,0.0,0.0,0.0,0.0,0.0,0.0,1.5675111803331676,1.5675111803331676,1.5675111803331676,0.0,0.0,0.0,1.5675111803331676,1.5675111803331676,1.5675111803331676,0.0,0.0,0.0,14.025699746002037
105,2017-01-12,12.600496407947208,6.589651258834883,20.423793459518784,12.600496407947208,12.600496407947208,0.0,0.0,0.0,0.0,0.0,0.0,0.0,0.0,0.0,0.0,0.0,0.0,0.0,0.0,0.0,0.0,0.0,0.0,0.0,0.0,0.0,0.0,0.0,0.0,1.0131915673036151,1.0131915673036151,1.0131915673036151,0.0,0.0,0.0,1.0131915673036151,1.0131915673036151,1.0131915673036151,0.0,0.0,0.0,13.613687975250823
106,2017-01-19,12.742804250225552,6.237465273439644,19.326955419166403,12.742804250225552,12.742804250225552,0.0,0.0,0.0,0.0,0.0,0.0,0.0,0.0,0.0,0.0,0.0,0.0,0.0,0.0,0.0,0.0,0.0,0.0,0.0,0.0,0.0,0.0,0.0,0.0,0.21364252640754333,0.21364252640754333,0.21364252640754333,0.0,0.0,0.0,0.21364252640754333,0.21364252640754333,0.21364252640754333,0.0,0.0,0.0,12.956446776633095
107,2017-01-26,12.885112092503892,5.798356974153573,19.20086334111527,12.885112092503892,12.885112092503892,0.0,0.0,0.0,0.0,0.0,0.0,0.0,0.0,0.0,0.0,0.0,0.0,0.0,0.0,0.0,0.0,0.0,0.0,0.0,0.0,0.0,0.0,0.0,0.0,-0.5329646446863717,-0.5329646446863717,-0.5329646446863717,0.0,0.0,0.0,-0.5329646446863717,-0.5329646446863717,-0.5329646446863717,0.0,0.0,0.0,12.35214744781752
108,2017-02-02,13.027419934782236,5.3952234639598196,18.64222715588716,13.027419934782236,13.027419934782236,0.0,0.0,0.0,0.0,0.0,0.0,0.0,0.0,0.0,0.0,0.0,0.0,0.0,0.0,0.0,0.0,0.0,0.0,0.0,0.0,0.0,0.0,0.0,0.0,-0.8740795131005354,-0.8740795131005354,-0.8740795131005354,0.0,0.0,0.0,-0.8740795131005354,-0.8740795131005354,-0.8740795131005354,0.0,0.0,0.0,12.153340421681701
109,2017-02-09,13.169727776469362,6.119670792355245,18.708938396351215,13.169727776469362,13.169727776469362,0.0,0.0,0.0,0.0,0.0,0.0,0.0,0.0,0.0,0.0,0.0,0.0,0.0,0.0,0.0,0.0,0.0,0.0,0.0,0.0,0.0,0.0,0.0,0.0,-0.6685535487051146,-0.6685535487051146,-0.6685535487051146,0.0,0.0,0.0,-0.6685535487051146,-0.6685535487051146,-0.6685535487051146,0.0,0.0,0.0,12.501174227764247
110,2017-02-16,13.312035618156491,6.510229308775016,19.341436637017402,13.312035618156491,13.312035618156491,0.0,0.0,0.0,0.0,0.0,0.0,0.0,0.0,0.0,0.0,0.0,0.0,0.0,0.0,0.0,0.0,0.0,0.0,0.0,0.0,0.0,0.0,0.0,0.0,-0.22701094242564826,-0.22701094242564826,-0.22701094242564826,0.0,0.0,0.0,-0.22701094242564826,-0.22701094242564826,-0.22701094242564826,0.0,0.0,0.0,13.085024675730843
111,2017-02-23,13.454343459843617,6.725337441348304,19.703448171669177,13.454343459843617,13.454343459843617,0.0,0.0,0.0,0.0,0.0,0.0,0.0,0.0,0.0,0.0,0.0,0.0,0.0,0.0,0.0,0.0,0.0,0.0,0.0,0.0,0.0,0.0,0.0,0.0,-0.15937227015474634,-0.15937227015474634,-0.15937227015474634,0.0,0.0,0.0,-0.15937227015474634,-0.15937227015474634,-0.15937227015474634,0.0,0.0,0.0,13.294971189688871
112,2017-03-02,13.596651301530743,6.411229595459133,19.36149846335871,13.596651301530743,13.596651301530743,0.0,0.0,0.0,0.0,0.0,0.0,0.0,0.0,0.0,0.0,0.0,0.0,0.0,0.0,0.0,0.0,0.0,0.0,0.0,0.0,0.0,0.0,0.0,0.0,-0.786238103342974,-0.786238103342974,-0.786238103342974,0.0,0.0,0.0,-0.786238103342974,-0.786238103342974,-0.786238103342974,0.0,0.0,0.0,12.810413198187769
113,2017-03-09,13.73895914321787,6.1137757346630766,18.835192201393433,13.73895914321787,13.73895914321787,0.0,0.0,0.0,0.0,0.0,0.0,0.0,0.0,0.0,0.0,0.0,0.0,0.0,0.0,0.0,0.0,0.0,0.0,0.0,0.0,0.0,0.0,0.0,0.0,-1.7054674851009362,-1.7054674851009362,-1.7054674851009362,0.0,0.0,0.0,-1.7054674851009362,-1.7054674851009362,-1.7054674851009362,0.0,0.0,0.0,12.033491658116935
114,2017-03-16,13.881266985990923,5.037720200157576,18.57028920106158,13.881266985990923,13.881266985990923,0.0,0.0,0.0,0.0,0.0,0.0,0.0,0.0,0.0,0.0,0.0,0.0,0.0,0.0,0.0,0.0,0.0,0.0,0.0,0.0,0.0,0.0,0.0,0.0,-2.138879731033275,-2.138879731033275,-2.138879731033275,0.0,0.0,0.0,-2.138879731033275,-2.138879731033275,-2.138879731033275,0.0,0.0,0.0,11.742387254957649
115,2017-03-23,14.023574828763977,5.590336854761317,18.705779135293486,14.023574828763977,14.023574828763977,0.0,0.0,0.0,0.0,0.0,0.0,0.0,0.0,0.0,0.0,0.0,0.0,0.0,0.0,0.0,0.0,0.0,0.0,0.0,0.0,0.0,0.0,0.0,0.0,-1.8134928340990792,-1.8134928340990792,-1.8134928340990792,0.0,0.0,0.0,-1.8134928340990792,-1.8134928340990792,-1.8134928340990792,0.0,0.0,0.0,12.210081994664897
116,2017-03-30,14.16588267153703,6.2202296430910335,19.71865501634459,14.16588267153703,14.16588267153703,0.0,0.0,0.0,0.0,0.0,0.0,0.0,0.0,0.0,0.0,0.0,0.0,0.0,0.0,0.0,0.0,0.0,0.0,0.0,0.0,0.0,0.0,0.0,0.0,-1.3389699850187073,-1.3389699850187073,-1.3389699850187073,0.0,0.0,0.0,-1.3389699850187073,-1.3389699850187073,-1.3389699850187073,0.0,0.0,0.0,12.826912686518323
117,2017-04-06,14.308190514310084,6.376822631628438,19.534340751163906,14.308190514310084,14.308190514310084,0.0,0.0,0.0,0.0,0.0,0.0,0.0,0.0,0.0,0.0,0.0,0.0,0.0,0.0,0.0,0.0,0.0,0.0,0.0,0.0,0.0,0.0,0.0,0.0,-1.478321314696548,-1.478321314696548,-1.478321314696548,0.0,0.0,0.0,-1.478321314696548,-1.478321314696548,-1.478321314696548,0.0,0.0,0.0,12.829869199613537
118,2017-04-13,14.450498357083134,6.875862219460879,19.692994202937864,14.450498357083134,14.450498357083134,0.0,0.0,0.0,0.0,0.0,0.0,0.0,0.0,0.0,0.0,0.0,0.0,0.0,0.0,0.0,0.0,0.0,0.0,0.0,0.0,0.0,1.0306855080665966,1.0306855080665966,1.0306855080665966,-1.0342372272210316,-1.0342372272210316,-1.0342372272210316,1.0306855080665966,1.0306855080665966,1.0306855080665966,-2.0649227352876283,-2.0649227352876283,-2.0649227352876283,0.0,0.0,0.0,13.416261129862102
119,2017-04-20,14.592806200765752,6.186833230685537,19.507019259837115,14.592806200765752,14.592806200765752,0.0,0.0,0.0,0.0,0.0,0.0,0.0,0.0,0.0,0.0,0.0,0.0,0.0,0.0,0.0,0.0,0.0,0.0,0.0,0.0,0.0,0.0,0.0,0.0,-1.9469162033766412,-1.9469162033766412,-1.9469162033766412,0.0,0.0,0.0,-1.9469162033766412,-1.9469162033766412,-1.9469162033766412,0.0,0.0,0.0,12.64588999738911
120,2017-04-27,14.73511404444837,8.273383264145048,21.161405618210992,14.73511404444837,14.73511404444837,0.0,0.0,0.0,0.0,0.0,0.0,0.0,0.0,0.0,0.0,0.0,0.0,0.0,0.0,0.0,0.0,0.0,0.0,0.0,0.0,0.0,0.0,0.0,0.0,-0.2589726538550888,-0.2589726538550888,-0.2589726538550888,0.0,0.0,0.0,-0.2589726538550888,-0.2589726538550888,-0.2589726538550888,0.0,0.0,0.0,14.47614139059328
121,2017-05-04,14.877421888130986,10.550175942187282,23.528481553977894,14.877421888130986,14.877421888130986,0.0,0.0,0.0,0.0,0.0,0.0,0.0,0.0,0.0,0.0,0.0,0.0,0.0,0.0,0.0,0.0,0.0,0.0,0.0,0.0,0.0,0.0,0.0,0.0,2.344546318570204,2.344546318570204,2.344546318570204,0.0,0.0,0.0,2.344546318570204,2.344546318570204,2.344546318570204,0.0,0.0,0.0,17.221968206701188
122,2017-05-11,15.019729731813603,9.727516514256031,22.526828655637683,15.019729731813602,15.019729731813602,0.0,0.0,0.0,0.0,0.0,0.0,0.0,0.0,0.0,-2.7901159517870013,-2.7901159517870013,-2.7901159517870013,0.0,0.0,0.0,0.0,0.0,0.0,0.0,0.0,0.0,0.0,0.0,0.0,1.2575814008594428,1.2575814008594428,1.2575814008594428,-2.7901159517870013,-2.7901159517870013,-2.7901159517870013,4.047697352646444,4.047697352646444,4.047697352646444,0.0,0.0,0.0,16.277311132673045
123,2017-05-18,15.162037575496221,12.574313811262455,25.287864105734194,15.162037575496221,15.162037575496221,0.0,0.0,0.0,0.0,0.0,0.0,0.0,0.0,0.0,0.0,0.0,0.0,0.0,0.0,0.0,0.0,0.0,0.0,0.0,0.0,0.0,0.0,0.0,0.0,3.6405609957284932,3.6405609957284932,3.6405609957284932,0.0,0.0,0.0,3.6405609957284932,3.6405609957284932,3.6405609957284932,0.0,0.0,0.0,18.802598571224713
124,2017-05-25,15.304345418445399,10.450301067264562,23.42181724666768,15.304345418445399,15.304345418445399,0.0,0.0,0.0,0.0,0.0,0.0,0.0,0.0,0.0,0.0,0.0,0.0,0.0,0.0,0.0,0.0,0.0,0.0,0.0,0.0,0.0,0.0,0.0,0.0,1.7998548827324252,1.7998548827324252,1.7998548827324252,0.0,0.0,0.0,1.7998548827324252,1.7998548827324252,1.7998548827324252,0.0,0.0,0.0,17.104200301177823
125,2017-06-01,15.446653261394575,9.424099717344438,22.704988692643745,15.446653261394575,15.446653261394575,0.0,0.0,0.0,0.0,0.0,0.0,0.0,0.0,0.0,0.0,0.0,0.0,0.0,0.0,0.0,0.0,0.0,0.0,0.0,0.0,0.0,0.0,0.0,0.0,0.4002075756908844,0.4002075756908844,0.4002075756908844,0.0,0.0,0.0,0.4002075756908844,0.4002075756908844,0.4002075756908844,0.0,0.0,0.0,15.84686083708546
126,2017-06-08,15.588961104343753,9.611895487484524,22.5786036332953,15.588961104343753,15.588961104343753,0.0,0.0,0.0,0.0,0.0,0.0,0.0,0.0,0.0,0.0,0.0,0.0,-0.031215900145843203,-0.031215900145843203,-0.031215900145843203,0.0,0.0,0.0,0.0,0.0,0.0,0.0,0.0,0.0,0.5395290726792991,0.5395290726792991,0.5395290726792991,-0.031215900145843203,-0.031215900145843203,-0.031215900145843203,0.5707449728251421,0.5707449728251421,0.5707449728251421,0.0,0.0,0.0,16.128490177023053
127,2017-06-15,15.731268947292932,10.994575968286327,23.99409319534611,15.731268947292932,15.731268947292932,0.0,0.0,0.0,0.0,0.0,0.0,0.0,0.0,0.0,0.0,0.0,0.0,0.0,0.0,0.0,0.0,0.0,0.0,0.0,0.0,0.0,0.0,0.0,0.0,1.651694831143213,1.651694831143213,1.651694831143213,0.0,0.0,0.0,1.651694831143213,1.651694831143213,1.651694831143213,0.0,0.0,0.0,17.382963778436146
128,2017-06-22,15.87357679024211,11.059994667486142,24.12323131457383,15.87357679024211,15.87357679024211,0.0,0.0,0.0,0.0,0.0,0.0,0.0,0.0,0.0,0.0,0.0,0.0,0.0,0.0,0.0,0.0,0.0,0.0,0.0,0.0,0.0,0.0,0.0,0.0,2.157654880956461,2.157654880956461,2.157654880956461,0.0,0.0,0.0,2.157654880956461,2.157654880956461,2.157654880956461,0.0,0.0,0.0,18.031231671198572
129,2017-06-29,16.015884633191288,10.947679137664469,23.954514180432216,16.015884633191288,16.015884633191288,0.0,0.0,0.0,0.0,0.0,0.0,0.0,0.0,0.0,0.0,0.0,0.0,0.0,0.0,0.0,0.0,0.0,0.0,0.0,0.0,0.0,0.0,0.0,0.0,1.5346421455617307,1.5346421455617307,1.5346421455617307,0.0,0.0,0.0,1.5346421455617307,1.5346421455617307,1.5346421455617307,0.0,0.0,0.0,17.550526778753017
130,2017-07-06,16.158192476140467,10.196112599910013,23.83520996858953,16.158192476140467,16.158192476140467,0.0,0.0,0.0,0.0,0.0,0.0,0.0,0.0,0.0,0.0,0.0,0.0,0.0,0.0,0.0,0.0,0.0,0.0,0.0,0.0,0.0,0.0,0.0,0.0,0.6583704282932009,0.6583704282932009,0.6583704282932009,0.0,0.0,0.0,0.6583704282932009,0.6583704282932009,0.6583704282932009,0.0,0.0,0.0,16.816562904433667
131,2017-07-13,16.300500319089643,10.415985965000848,23.517399279735834,16.300500319089643,16.300500319089643,0.0,0.0,0.0,0.0,0.0,0.0,0.0,0.0,0.0,0.0,0.0,0.0,0.0,0.0,0.0,0.0,0.0,0.0,0.0,0.0,0.0,0.0,0.0,0.0,0.6243689934643517,0.6243689934643517,0.6243689934643517,0.0,0.0,0.0,0.6243689934643517,0.6243689934643517,0.6243689934643517,0.0,0.0,0.0,16.924869312553994
132,2017-07-20,16.44280816203882,11.98733130139709,24.49030412096831,16.44280816203882,16.44280816203882,0.0,0.0,0.0,0.0,0.0,0.0,0.0,0.0,0.0,0.0,0.0,0.0,0.0,0.0,0.0,0.0,0.0,0.0,0.0,0.0,0.0,0.0,0.0,0.0,1.4311858078894768,1.4311858078894768,1.4311858078894768,0.0,0.0,0.0,1.4311858078894768,1.4311858078894768,1.4311858078894768,0.0,0.0,0.0,17.873993969928296
133,2017-07-27,16.585116004987995,12.447436812102872,25.37439137612288,16.585116004987995,16.585116004987995,0.0,0.0,0.0,0.0,0.0,0.0,0.0,0.0,0.0,0.0,0.0,0.0,0.0,0.0,0.0,0.0,0.0,0.0,0.0,0.0,0.0,0.0,0.0,0.0,2.158546945435517,2.158546945435517,2.158546945435517,0.0,0.0,0.0,2.158546945435517,2.158546945435517,2.158546945435517,0.0,0.0,0.0,18.743662950423513
134,2017-08-03,16.727423847937175,12.544289503574115,25.76146468719286,16.727423847937175,16.727423847937175,0.0,0.0,0.0,0.0,0.0,0.0,0.0,0.0,0.0,0.0,0.0,0.0,0.0,0.0,0.0,0.0,0.0,0.0,0.0,0.0,0.0,0.0,0.0,0.0,2.2676949363162304,2.2676949363162304,2.2676949363162304,0.0,0.0,0.0,2.2676949363162304,2.2676949363162304,2.2676949363162304,0.0,0.0,0.0,18.995118784253407
135,2017-08-10,16.869731690886354,12.412902926177393,25.462894592315752,16.869731690886354,16.869731690886354,0.0,0.0,0.0,0.0,0.0,0.0,0.0,0.0,0.0,0.0,0.0,0.0,0.0,0.0,0.0,-0.29544611658088127,-0.29544611658088127,-0.29544611658088127,0.0,0.0,0.0,0.0,0.0,0.0,1.934310811986844,1.934310811986844,1.934310811986844,-0.29544611658088127,-0.29544611658088127,-0.29544611658088127,2.229756928567725,2.229756928567725,2.229756928567725,0.0,0.0,0.0,18.804042502873198
136,2017-08-17,17.012039533835534,12.934416911069636,25.892557687410203,17.012039533835534,17.012039533835534,0.0,0.0,0.0,0.0,0.0,0.0,0.0,0.0,0.0,0.0,0.0,0.0,0.0,0.0,0.0,0.0,0.0,0.0,0.0,0.0,0.0,0.0,0.0,0.0,2.6242078722120166,2.6242078722120166,2.6242078722120166,0.0,0.0,0.0,2.6242078722120166,2.6242078722120166,2.6242078722120166,0.0,0.0,0.0,19.636247406047552
137,2017-08-24,17.15434737678471,13.766097539332097,26.65945648129784,17.15434737678471,17.15434737678471,0.0,0.0,0.0,0.0,0.0,0.0,0.0,0.0,0.0,0.0,0.0,0.0,0.0,0.0,0.0,0.0,0.0,0.0,0.0,0.0,0.0,0.0,0.0,0.0,2.942384196598589,2.942384196598589,2.942384196598589,0.0,0.0,0.0,2.942384196598589,2.942384196598589,2.942384196598589,0.0,0.0,0.0,20.0967315733833
138,2017-08-31,17.29665521973389,12.078922627739122,25.45364025488191,17.29665521973389,17.29665521973389,0.0,0.0,0.0,0.0,0.0,0.0,0.0,0.0,0.0,0.0,0.0,0.0,0.0,0.0,0.0,0.0,0.0,0.0,0.0,0.0,0.0,0.0,0.0,0.0,1.86346274897812,1.86346274897812,1.86346274897812,0.0,0.0,0.0,1.86346274897812,1.86346274897812,1.86346274897812,0.0,0.0,0.0,19.160117968712008
139,2017-09-07,17.438963062683065,10.06124887335047,23.187901895282007,17.438963062683065,17.438963062683065,0.0,0.0,0.0,0.0,0.0,0.0,0.0,0.0,0.0,0.0,0.0,0.0,0.0,0.0,0.0,0.0,0.0,0.0,0.0,0.0,0.0,0.0,0.0,0.0,-1.053944658209198,-1.053944658209198,-1.053944658209198,0.0,0.0,0.0,-1.053944658209198,-1.053944658209198,-1.053944658209198,0.0,0.0,0.0,16.38501840447387
140,2017-09-14,17.58127090563224,6.887746499009847,19.911553037800292,17.58127090563224,17.58127090563224,0.0,0.0,0.0,0.0,0.0,0.0,0.0,0.0,0.0,0.0,0.0,0.0,0.0,0.0,0.0,0.0,0.0,0.0,0.0,0.0,0.0,0.0,0.0,0.0,-4.287729385933953,-4.287729385933953,-4.287729385933953,0.0,0.0,0.0,-4.287729385933953,-4.287729385933953,-4.287729385933953,0.0,0.0,0.0,13.293541519698287
141,2017-09-21,17.723578748581417,5.5905184444074845,19.12836402875487,17.723578748581417,17.723578748581417,0.0,0.0,0.0,0.0,0.0,0.0,0.0,0.0,0.0,0.0,0.0,0.0,0.0,0.0,0.0,0.0,0.0,0.0,0.0,0.0,0.0,0.0,0.0,0.0,-5.464929626939156,-5.464929626939156,-5.464929626939156,0.0,0.0,0.0,-5.464929626939156,-5.464929626939156,-5.464929626939156,0.0,0.0,0.0,12.25864912164226
142,2017-09-28,17.865886591530597,7.620906538234171,20.710925342022563,17.865886591530597,17.865886591530597,0.0,0.0,0.0,0.0,0.0,0.0,0.0,0.0,0.0,0.0,0.0,0.0,0.0,0.0,0.0,0.0,0.0,0.0,0.0,0.0,0.0,0.0,0.0,0.0,-3.74835955053274,-3.74835955053274,-3.74835955053274,0.0,0.0,0.0,-3.74835955053274,-3.74835955053274,-3.74835955053274,0.0,0.0,0.0,14.117527040997857
143,2017-10-05,18.008194434479776,17.822822643478453,31.038847690368044,18.008194434479776,18.008194434479776,0.0,0.0,0.0,0.0,0.0,0.0,7.1542971438253256,7.1542971438253256,7.1542971438253256,0.0,0.0,0.0,0.0,0.0,0.0,0.0,0.0,0.0,0.0,0.0,0.0,0.0,0.0,0.0,6.241493617104195,6.241493617104195,6.241493617104195,7.1542971438253256,7.1542971438253256,7.1542971438253256,-0.9128035267211306,-0.9128035267211306,-0.9128035267211306,0.0,0.0,0.0,24.24968805158397
144,2017-10-12,18.150502277428956,19.61437569517556,33.21646110846849,18.150502277428956,18.150502277428956,0.0,0.0,0.0,0.0,0.0,0.0,7.85129580826081,7.85129580826081,7.85129580826081,0.0,0.0,0.0,0.0,0.0,0.0,0.0,0.0,0.0,0.0,0.0,0.0,0.0,0.0,0.0,8.075314054107638,8.075314054107638,8.075314054107638,7.85129580826081,7.85129580826081,7.85129580826081,0.2240182458468273,0.2240182458468273,0.2240182458468273,0.0,0.0,0.0,26.225816331536592
145,2017-10-19,18.292810120378128,10.698636566674667,23.653715704155996,18.292810120378128,18.292810120378128,0.0,0.0,0.0,0.0,0.0,0.0,0.0,0.0,0.0,0.0,0.0,0.0,0.0,0.0,0.0,0.0,0.0,0.0,0.0,0.0,0.0,0.0,0.0,0.0,-1.4969145021242762,-1.4969145021242762,-1.4969145021242762,0.0,0.0,0.0,-1.4969145021242762,-1.4969145021242762,-1.4969145021242762,0.0,0.0,0.0,16.79589561825385
146,2017-10-26,18.435117963327308,7.48711847414435,20.77125085716366,18.435117963327308,18.435117963327308,0.0,0.0,0.0,0.0,0.0,0.0,0.0,0.0,0.0,0.0,0.0,0.0,0.0,0.0,0.0,0.0,0.0,0.0,0.0,0.0,0.0,0.0,0.0,0.0,-4.500720640049596,-4.500720640049596,-4.500720640049596,0.0,0.0,0.0,-4.500720640049596,-4.500720640049596,-4.500720640049596,0.0,0.0,0.0,13.934397323277711
147,2017-11-02,18.577425806276487,5.934980750466901,18.830486876662384,18.577425806276487,18.577425806276487,0.0,0.0,0.0,0.0,0.0,0.0,0.0,0.0,0.0,0.0,0.0,0.0,0.0,0.0,0.0,0.0,0.0,0.0,0.0,0.0,0.0,0.0,0.0,0.0,-6.056221607870303,-6.056221607870303,-6.056221607870303,0.0,0.0,0.0,-6.056221607870303,-6.056221607870303,-6.056221607870303,0.0,0.0,0.0,12.521204198406185
148,2017-11-09,18.719733649225663,7.171750162143082,20.551833164304234,18.71973364922566,18.71973364922566,0.0,0.0,0.0,0.0,0.0,0.0,0.0,0.0,0.0,0.0,0.0,0.0,0.0,0.0,0.0,0.0,0.0,0.0,0.0,0.0,0.0,0.0,0.0,0.0,-4.795073035470402,-4.795073035470402,-4.795073035470402,0.0,0.0,0.0,-4.795073035470402,-4.795073035470402,-4.795073035470402,0.0,0.0,0.0,13.924660613755261
149,2017-11-16,18.86204149217484,10.897297406862352,23.932944437917246,18.86204149217484,18.86204149217484,0.0,0.0,0.0,0.0,0.0,0.0,0.0,0.0,0.0,0.0,0.0,0.0,0.0,0.0,0.0,0.0,0.0,0.0,0.0,0.0,0.0,0.0,0.0,0.0,-1.68998727369966,-1.68998727369966,-1.68998727369966,0.0,0.0,0.0,-1.68998727369966,-1.68998727369966,-1.68998727369966,0.0,0.0,0.0,17.17205421847518
150,2017-11-23,19.00434933512402,15.123791577162784,28.379492722910882,19.00434933512402,19.00434933512402,0.0,0.0,0.0,1.6696230950354223,1.6696230950354223,1.6696230950354223,0.0,0.0,0.0,0.0,0.0,0.0,0.0,0.0,0.0,0.0,0.0,0.0,0.0,0.0,0.0,0.0,0.0,0.0,2.8437978023192336,2.8437978023192336,2.8437978023192336,1.6696230950354223,1.6696230950354223,1.6696230950354223,1.1741747072838113,1.1741747072838113,1.1741747072838113,0.0,0.0,0.0,21.848147137443252
151,2017-11-30,19.1466571780732,15.322521740245525,28.15051595642572,19.1466571780732,19.1466571780732,0.0,0.0,0.0,0.0,0.0,0.0,0.0,0.0,0.0,0.0,0.0,0.0,0.0,0.0,0.0,0.0,0.0,0.0,0.0,0.0,0.0,0.0,0.0,0.0,2.492603540195392,2.492603540195392,2.492603540195392,0.0,0.0,0.0,2.492603540195392,2.492603540195392,2.492603540195392,0.0,0.0,0.0,21.63926071826859
152,2017-12-07,19.288965021022374,15.16890888380739,27.672604384830393,19.288965021022374,19.288965021022374,0.0,0.0,0.0,0.0,0.0,0.0,0.0,0.0,0.0,0.0,0.0,0.0,0.0,0.0,0.0,0.0,0.0,0.0,0.0,0.0,0.0,0.0,0.0,0.0,2.45799259353403,2.45799259353403,2.45799259353403,0.0,0.0,0.0,2.45799259353403,2.45799259353403,2.45799259353403,0.0,0.0,0.0,21.746957614556404
153,2017-12-14,19.43127286397155,15.010879590229452,28.326036032787613,19.43127286397155,19.43127286397155,0.0,0.0,0.0,0.0,0.0,0.0,0.0,0.0,0.0,0.0,0.0,0.0,0.0,0.0,0.0,0.0,0.0,0.0,0.0,0.0,0.0,0.0,0.0,0.0,2.0166156504292485,2.0166156504292485,2.0166156504292485,0.0,0.0,0.0,2.0166156504292485,2.0166156504292485,2.0166156504292485,0.0,0.0,0.0,21.4478885144008
154,2017-12-21,19.57358070692073,27.054696480323155,40.130674820424595,19.57358070692073,19.57358070692073,0.0,0.0,0.0,0.0,0.0,0.0,0.0,0.0,0.0,0.0,0.0,0.0,0.0,0.0,0.0,0.0,0.0,0.0,12.374220076555458,12.374220076555458,12.374220076555458,0.0,0.0,0.0,14.175056848469366,14.175056848469366,14.175056848469366,12.374220076555458,12.374220076555458,12.374220076555458,1.8008367719139078,1.8008367719139078,1.8008367719139078,0.0,0.0,0.0,33.7486375553901
155,2017-12-28,19.71588854986991,12.248474139310877,25.421974155545296,19.71588854986991,19.71588854986991,-2.4676020700016412,-2.4676020700016412,-2.4676020700016412,0.0,0.0,0.0,0.0,0.0,0.0,0.0,0.0,0.0,0.0,0.0,0.0,0.0,0.0,0.0,0.0,0.0,0.0,0.0,0.0,0.0,-0.6856168036541223,-0.6856168036541223,-0.6856168036541223,-2.4676020700016412,-2.4676020700016412,-2.4676020700016412,1.781985266347519,1.781985266347519,1.781985266347519,0.0,0.0,0.0,19.03027174621579
156,2018-01-04,19.858196392819085,14.486548338407319,27.67250822008497,19.858196392819085,19.858196392819085,0.0,0.0,0.0,0.0,0.0,0.0,0.0,0.0,0.0,0.0,0.0,0.0,0.0,0.0,0.0,0.0,0.0,0.0,0.0,0.0,0.0,0.0,0.0,0.0,1.6288675479001784,1.6288675479001784,1.6288675479001784,0.0,0.0,0.0,1.6288675479001784,1.6288675479001784,1.6288675479001784,0.0,0.0,0.0,21.487063940719263
157,2018-01-11,20.00050423576826,14.346123163633376,27.674303739838233,20.000504223648427,20.00050426843901,0.0,0.0,0.0,0.0,0.0,0.0,0.0,0.0,0.0,0.0,0.0,0.0,0.0,0.0,0.0,0.0,0.0,0.0,0.0,0.0,0.0,0.0,0.0,0.0,1.1362283679642382,1.1362283679642382,1.1362283679642382,0.0,0.0,0.0,1.1362283679642382,1.1362283679642382,1.1362283679642382,0.0,0.0,0.0,21.1367326037325
158,2018-01-18,20.14281207871744,14.082175525047353,26.82616663028696,20.14281203300127,20.142812164023074,0.0,0.0,0.0,0.0,0.0,0.0,0.0,0.0,0.0,0.0,0.0,0.0,0.0,0.0,0.0,0.0,0.0,0.0,0.0,0.0,0.0,0.0,0.0,0.0,0.36293685455712243,0.36293685455712243,0.36293685455712243,0.0,0.0,0.0,0.36293685455712243,0.36293685455712243,0.36293685455712243,0.0,0.0,0.0,20.505748933274564
159,2018-01-25,20.28511992166662,12.866479066195248,26.497653558221764,20.28511983987967,20.285120053409504,0.0,0.0,0.0,0.0,0.0,0.0,0.0,0.0,0.0,0.0,0.0,0.0,0.0,0.0,0.0,0.0,0.0,0.0,0.0,0.0,0.0,0.0,0.0,0.0,-0.4201458169373414,-0.4201458169373414,-0.4201458169373414,0.0,0.0,0.0,-0.4201458169373414,-0.4201458169373414,-0.4201458169373414,0.0,0.0,0.0,19.864974104729278
160,2018-02-01,20.427427764615796,12.984817353149376,25.90561469075278,20.427427633138805,20.427427941544543,0.0,0.0,0.0,0.0,0.0,0.0,0.0,0.0,0.0,0.0,0.0,0.0,0.0,0.0,0.0,0.0,0.0,0.0,0.0,0.0,0.0,0.0,0.0,0.0,-0.8543541607780973,-0.8543541607780973,-0.8543541607780973,0.0,0.0,0.0,-0.8543541607780973,-0.8543541607780973,-0.8543541607780973,0.0,0.0,0.0,19.5730736038377
161,2018-02-08,20.569735607564972,13.025715735247768,26.36937349833517,20.569735415703327,20.56973585943645,0.0,0.0,0.0,0.0,0.0,0.0,0.0,0.0,0.0,0.0,0.0,0.0,0.0,0.0,0.0,0.0,0.0,0.0,0.0,0.0,0.0,0.0,0.0,0.0,-0.7378262756997933,-0.7378262756997933,-0.7378262756997933,0.0,0.0,0.0,-0.7378262756997933,-0.7378262756997933,-0.7378262756997933,0.0,0.0,0.0,19.83190933186518
162,2018-02-15,20.71204345051415,13.858822293786961,26.840094439270974,20.71204318770775,20.712043789173407,0.0,0.0,0.0,0.0,0.0,0.0,0.0,0.0,0.0,0.0,0.0,0.0,0.0,0.0,0.0,0.0,0.0,0.0,0.0,0.0,0.0,0.0,0.0,0.0,-0.29618564336834924,-0.29618564336834924,-0.29618564336834924,0.0,0.0,0.0,-0.29618564336834924,-0.29618564336834924,-0.29618564336834924,0.0,0.0,0.0,20.4158578071458
163,2018-02-22,20.854351293463324,14.328722282996718,27.18041023844296,20.854350953260514,20.854351721733853,0.0,0.0,0.0,0.0,0.0,0.0,0.0,0.0,0.0,0.0,0.0,0.0,0.0,0.0,0.0,0.0,0.0,0.0,0.0,0.0,0.0,0.0,0.0,0.0,-0.12109256764281684,-0.12109256764281684,-0.12109256764281684,0.0,0.0,0.0,-0.12109256764281684,-0.12109256764281684,-0.12109256764281684,0.0,0.0,0.0,20.73325872582051
164,2018-03-01,20.996659136412507,13.808464360468527,26.751675459628085,20.996658728242636,20.996659657257343,0.0,0.0,0.0,0.0,0.0,0.0,0.0,0.0,0.0,0.0,0.0,0.0,0.0,0.0,0.0,0.0,0.0,0.0,0.0,0.0,0.0,0.0,0.0,0.0,-0.6319340266955069,-0.6319340266955069,-0.6319340266955069,0.0,0.0,0.0,-0.6319340266955069,-0.6319340266955069,-0.6319340266955069,0.0,0.0,0.0,20.364725109717
165,2018-03-08,21.138966979361683,13.320017830695527,26.362899733558677,21.13896648739768,21.13896757918197,0.0,0.0,0.0,0.0,0.0,0.0,0.0,0.0,0.0,0.0,0.0,0.0,0.0,0.0,0.0,0.0,0.0,0.0,0.0,0.0,0.0,0.0,0.0,0.0,-1.556044398230224,-1.556044398230224,-1.556044398230224,0.0,0.0,0.0,-1.556044398230224,-1.556044398230224,-1.556044398230224,0.0,0.0,0.0,19.58292258113146
166,2018-03-15,21.281274822310863,12.417435276640369,25.76715324898928,21.281274227051206,21.281275529326226,0.0,0.0,0.0,0.0,0.0,0.0,0.0,0.0,0.0,0.0,0.0,0.0,0.0,0.0,0.0,0.0,0.0,0.0,0.0,0.0,0.0,0.0,0.0,0.0,-2.121651436766196,-2.121651436766196,-2.121651436766196,0.0,0.0,0.0,-2.121651436766196,-2.121651436766196,-2.121651436766196,0.0,0.0,0.0,19.159623385544666
167,2018-03-22,21.423582665260042,12.933202981285373,25.932098539094415,21.42358197292621,21.423583469683344,0.0,0.0,0.0,0.0,0.0,0.0,0.0,0.0,0.0,0.0,0.0,0.0,0.0,0.0,0.0,0.0,0.0,0.0,0.0,0.0,0.0,0.0,0.0,0.0,-1.9089582865958117,-1.9089582865958117,-1.9089582865958117,0.0,0.0,0.0,-1.9089582865958117,-1.9089582865958117,-1.9089582865958117,0.0,0.0,0.0,19.51462437866423
168,2018-03-29,21.56589050820922,14.764031409133962,27.437189777028127,21.56588970290175,21.565891428596068,0.0,0.0,0.0,0.0,0.0,0.0,0.0,0.0,0.0,0.0,0.0,0.0,0.0,0.0,0.0,0.0,0.0,0.0,0.0,0.0,0.0,1.0306855080665966,1.0306855080665966,1.0306855080665966,-0.36272192651382784,-0.36272192651382784,-0.36272192651382784,1.0306855080665966,1.0306855080665966,1.0306855080665966,-1.3934074345804246,-1.3934074345804246,-1.3934074345804246,0.0,0.0,0.0,21.20316858169539
169,2018-04-05,21.708198351158394,13.727182464177197,27.086650992740303,21.708197471918925,21.70819940942353,0.0,0.0,0.0,0.0,0.0,0.0,0.0,0.0,0.0,0.0,0.0,0.0,0.0,0.0,0.0,0.0,0.0,0.0,0.0,0.0,0.0,0.0,0.0,0.0,-1.3989206384706856,-1.3989206384706856,-1.3989206384706856,0.0,0.0,0.0,-1.3989206384706856,-1.3989206384706856,-1.3989206384706856,0.0,0.0,0.0,20.30927771268771
170,2018-04-12,21.85050619410757,13.297193248112544,26.43330412722973,21.850505185660722,21.850507375515594,0.0,0.0,0.0,0.0,0.0,0.0,0.0,0.0,0.0,0.0,0.0,0.0,0.0,0.0,0.0,0.0,0.0,0.0,0.0,0.0,0.0,0.0,0.0,0.0,-1.9728506241964097,-1.9728506241964097,-1.9728506241964097,0.0,0.0,0.0,-1.9728506241964097,-1.9728506241964097,-1.9728506241964097,0.0,0.0,0.0,19.87765556991116
171,2018-04-19,21.992814037056753,13.478797065845233,26.86415322012574,21.99281292290016,21.992815364971875,0.0,0.0,0.0,0.0,0.0,0.0,0.0,0.0,0.0,0.0,0.0,0.0,0.0,0.0,0.0,0.0,0.0,0.0,0.0,0.0,0.0,0.0,0.0,0.0,-2.0740985118784723,-2.0740985118784723,-2.0740985118784723,0.0,0.0,0.0,-2.0740985118784723,-2.0740985118784723,-2.0740985118784723,0.0,0.0,0.0,19.918715525178282
172,2018-04-26,22.13512188000593,14.803813925275287,28.086830071578827,22.135120618374422,22.13512336506078,0.0,0.0,0.0,0.0,0.0,0.0,0.0,0.0,0.0,0.0,0.0,0.0,0.0,0.0,0.0,0.0,0.0,0.0,0.0,0.0,0.0,0.0,0.0,0.0,-0.6690644171759594,-0.6690644171759594,-0.6690644171759594,0.0,0.0,0.0,-0.6690644171759594,-0.6690644171759594,-0.6690644171759594,0.0,0.0,0.0,21.46605746282997
173,2018-05-03,22.277429722955105,17.641980270861207,30.506598746977968,22.27742831734054,22.277431349997357,0.0,0.0,0.0,0.0,0.0,0.0,0.0,0.0,0.0,0.0,0.0,0.0,0.0,0.0,0.0,0.0,0.0,0.0,0.0,0.0,0.0,0.0,0.0,0.0,1.8896961265534498,1.8896961265534498,1.8896961265534498,0.0,0.0,0.0,1.8896961265534498,1.8896961265534498,1.8896961265534498,0.0,0.0,0.0,24.167125849508555
174,2018-05-10,22.419737565904285,16.9412294597781,29.84678740619343,22.419735992447656,22.419739306877695,0.0,0.0,0.0,0.0,0.0,0.0,0.0,0.0,0.0,-2.7901159517870013,-2.7901159517870013,-2.7901159517870013,0.0,0.0,0.0,0.0,0.0,0.0,0.0,0.0,0.0,0.0,0.0,0.0,1.0953392975703657,1.0953392975703657,1.0953392975703657,-2.7901159517870013,-2.7901159517870013,-2.7901159517870013,3.8854552493573675,3.8854552493573675,3.8854552493573675,0.0,0.0,0.0,23.51507686347465
175,2018-05-17,22.562045408853464,20.14345629174147,33.28571883693442,22.562043663108557,22.562047286891044,0.0,0.0,0.0,0.0,0.0,0.0,0.0,0.0,0.0,0.0,0.0,0.0,0.0,0.0,0.0,0.0,0.0,0.0,0.0,0.0,0.0,0.0,0.0,0.0,3.863228565156907,3.863228565156907,3.863228565156907,0.0,0.0,0.0,3.863228565156907,3.863228565156907,3.863228565156907,0.0,0.0,0.0,26.42527397401037
176,2018-05-24,22.70435325180264,18.264613766268788,31.49076139376392,22.70435133558241,22.70435528071544,0.0,0.0,0.0,0.0,0.0,0.0,0.0,0.0,0.0,0.0,0.0,0.0,0.0,0.0,0.0,0.0,0.0,0.0,0.0,0.0,0.0,0.0,0.0,0.0,2.1518547609918426,2.1518547609918426,2.1518547609918426,0.0,0.0,0.0,2.1518547609918426,2.1518547609918426,2.1518547609918426,0.0,0.0,0.0,24.856208012794482
177,2018-05-31,22.846661094751813,16.71829643907178,29.640616728867318,22.84665907925963,22.846663320842598,0.0,0.0,0.0,0.0,0.0,0.0,0.0,0.0,0.0,0.0,0.0,0.0,0.0,0.0,0.0,0.0,0.0,0.0,0.0,0.0,0.0,0.0,0.0,0.0,0.5445952709400818,0.5445952709400818,0.5445952709400818,0.0,0.0,0.0,0.5445952709400818,0.5445952709400818,0.5445952709400818,0.0,0.0,0.0,23.391256365691895
178,2018-06-07,22.988968937700996,16.476973253973938,30.24816135203544,22.988966733756975,22.98897130152228,0.0,0.0,0.0,0.0,0.0,0.0,0.0,0.0,0.0,0.0,0.0,0.0,0.0,0.0,0.0,0.0,0.0,0.0,0.0,0.0,0.0,0.0,0.0,0.0,0.43333953845478584,0.43333953845478584,0.43333953845478584,0.0,0.0,0.0,0.43333953845478584,0.43333953845478584,0.43333953845478584,0.0,0.0,0.0,23.42230847615578
179,2018-06-14,23.13127678065017,18.095364999260106,31.241186834318427,23.131274415695778,23.131279303621895,0.0,0.0,0.0,0.0,0.0,0.0,0.0,0.0,0.0,0.0,0.0,0.0,0.0,0.0,0.0,0.0,0.0,0.0,0.0,0.0,0.0,0.0,0.0,0.0,1.4614766153271208,1.4614766153271208,1.4614766153271208,0.0,0.0,0.0,1.4614766153271208,1.4614766153271208,1.4614766153271208,0.0,0.0,0.0,24.59275339597729
180,2018-06-21,23.27358462359935,18.922639365752435,32.08876763059992,23.273582113133465,23.273587342810814,0.0,0.0,0.0,0.0,0.0,0.0,0.0,0.0,0.0,0.0,0.0,0.0,0.0,0.0,0.0,0.0,0.0,0.0,0.0,0.0,0.0,0.0,0.0,0.0,2.155582504048784,2.155582504048784,2.155582504048784,0.0,0.0,0.0,2.155582504048784,2.155582504048784,2.155582504048784,0.0,0.0,0.0,25.429167127648135
181,2018-06-28,23.415892466548527,18.642811011133535,31.42086825316448,23.415889834921884,23.415895359244526,0.0,0.0,0.0,0.0,0.0,0.0,0.0,0.0,0.0,0.0,0.0,0.0,0.0,0.0,0.0,0.0,0.0,0.0,0.0,0.0,0.0,0.0,0.0,0.0,1.7025057329452227,1.7025057329452227,1.7025057329452227,0.0,0.0,0.0,1.7025057329452227,1.7025057329452227,1.7025057329452227,0.0,0.0,0.0,25.11839819949375
182,2018-07-05,23.558200309497703,18.10101043982467,30.968592460242625,23.558197521490307,23.558203391227945,0.0,0.0,0.0,0.0,0.0,0.0,0.0,0.0,0.0,0.0,0.0,0.0,0.0,0.0,0.0,0.0,0.0,0.0,0.0,0.0,0.0,0.0,0.0,0.0,0.77484304125039,0.77484304125039,0.77484304125039,0.0,0.0,0.0,0.77484304125039,0.77484304125039,0.77484304125039,0.0,0.0,0.0,24.333043350748092
183,2018-07-12,23.700508152446886,17.959590101240764,30.840329761427093,23.70050514222437,23.70051143727089,0.0,0.0,0.0,0.0,0.0,0.0,0.0,0.0,0.0,0.0,0.0,0.0,0.0,0.0,0.0,0.0,0.0,0.0,0.0,0.0,0.0,0.0,0.0,0.0,0.5508141082863083,0.5508141082863083,0.5508141082863083,0.0,0.0,0.0,0.5508141082863083,0.5508141082863083,0.5508141082863083,0.0,0.0,0.0,24.251322260733193
184,2018-07-19,23.84281599539606,18.35711007845383,31.911431802577198,23.842812813508175,23.84281950002439,0.0,0.0,0.0,0.0,0.0,0.0,0.0,0.0,0.0,0.0,0.0,0.0,0.0,0.0,0.0,0.0,0.0,0.0,0.0,0.0,0.0,0.0,0.0,0.0,1.2634778053692288,1.2634778053692288,1.2634778053692288,0.0,0.0,0.0,1.2634778053692288,1.2634778053692288,1.2634778053692288,0.0,0.0,0.0,25.106293800765286
185,2018-07-26,23.98512383834524,19.27608509212928,32.33014812506631,23.985120453968744,23.98512755050839,0.0,0.0,0.0,0.0,0.0,0.0,0.0,0.0,0.0,0.0,0.0,0.0,0.0,0.0,0.0,0.0,0.0,0.0,0.0,0.0,0.0,0.0,0.0,0.0,2.072475636702878,2.072475636702878,2.072475636702878,0.0,0.0,0.0,2.072475636702878,2.072475636702878,2.072475636702878,0.0,0.0,0.0,26.057599475048114
186,2018-08-02,24.127431681294414,19.921277065370127,32.992297131769824,24.127428147257117,24.127435595569867,0.0,0.0,0.0,0.0,0.0,0.0,0.0,0.0,0.0,0.0,0.0,0.0,0.0,0.0,0.0,0.0,0.0,0.0,0.0,0.0,0.0,0.0,0.0,0.0,2.2824899201826767,2.2824899201826767,2.2824899201826767,0.0,0.0,0.0,2.2824899201826767,2.2824899201826767,2.2824899201826767,0.0,0.0,0.0,26.40992160147709
187,2018-08-09,24.269739524243597,19.51915359616238,32.307078607065854,24.269735821457964,24.269743686953177,0.0,0.0,0.0,0.0,0.0,0.0,0.0,0.0,0.0,0.0,0.0,0.0,0.0,0.0,0.0,-0.29544611658088127,-0.29544611658088127,-0.29544611658088127,0.0,0.0,0.0,0.0,0.0,0.0,1.9162660729240377,1.9162660729240377,1.9162660729240377,-0.29544611658088127,-0.29544611658088127,-0.29544611658088127,2.211712189504919,2.211712189504919,2.211712189504919,0.0,0.0,0.0,26.186005597167636
188,2018-08-16,24.412047367192773,20.367749337819113,33.3811835736997,24.41204347156128,24.4120517002356,0.0,0.0,0.0,0.0,0.0,0.0,0.0,0.0,0.0,0.0,0.0,0.0,0.0,0.0,0.0,0.0,0.0,0.0,0.0,0.0,0.0,0.0,0.0,0.0,2.5270572034113195,2.5270572034113195,2.5270572034113195,0.0,0.0,0.0,2.5270572034113195,2.5270572034113195,2.5270572034113195,0.0,0.0,0.0,26.939104570604094
189,2018-08-23,24.554355210141946,20.735055750136286,34.54024308814049,24.554351126406335,24.554359669924324,0.0,0.0,0.0,0.0,0.0,0.0,0.0,0.0,0.0,0.0,0.0,0.0,0.0,0.0,0.0,0.0,0.0,0.0,0.0,0.0,0.0,0.0,0.0,0.0,2.950418513911473,2.950418513911473,2.950418513911473,0.0,0.0,0.0,2.950418513911473,2.950418513911473,2.950418513911473,0.0,0.0,0.0,27.50477372405342
190,2018-08-30,24.69666305309113,20.54122032353129,33.34274350081828,24.696658742126793,24.696667678585406,0.0,0.0,0.0,0.0,0.0,0.0,0.0,0.0,0.0,0.0,0.0,0.0,0.0,0.0,0.0,0.0,0.0,0.0,0.0,0.0,0.0,0.0,0.0,0.0,2.2029813434881187,2.2029813434881187,2.2029813434881187,0.0,0.0,0.0,2.2029813434881187,2.2029813434881187,2.2029813434881187,0.0,0.0,0.0,26.899644396579248
191,2018-09-06,24.8389708960403,17.807768375096472,30.6732231165127,24.838966401897057,24.83897572792311,0.0,0.0,0.0,0.0,0.0,0.0,0.0,0.0,0.0,0.0,0.0,0.0,0.0,0.0,0.0,0.0,0.0,0.0,0.0,0.0,0.0,0.0,0.0,0.0,-0.4421997323291274,-0.4421997323291274,-0.4421997323291274,0.0,0.0,0.0,-0.4421997323291274,-0.4421997323291274,-0.4421997323291274,0.0,0.0,0.0,24.396771163711175
192,2018-09-13,24.981278738989484,14.477611000846524,27.045287189714525,24.981274001084724,24.98128378726905,0.0,0.0,0.0,0.0,0.0,0.0,0.0,0.0,0.0,0.0,0.0,0.0,0.0,0.0,0.0,0.0,0.0,0.0,0.0,0.0,0.0,0.0,0.0,0.0,-3.799491165086794,-3.799491165086794,-3.799491165086794,0.0,0.0,0.0,-3.799491165086794,-3.799491165086794,-3.799491165086794,0.0,0.0,0.0,21.18178757390269
193,2018-09-20,25.123586581938657,12.863792803993656,26.39578357595743,25.123581632357965,25.1235918003576,0.0,0.0,0.0,0.0,0.0,0.0,0.0,0.0,0.0,0.0,0.0,0.0,0.0,0.0,0.0,0.0,0.0,0.0,0.0,0.0,0.0,0.0,0.0,0.0,-5.47806558439744,-5.47806558439744,-5.47806558439744,0.0,0.0,0.0,-5.47806558439744,-5.47806558439744,-5.47806558439744,0.0,0.0,0.0,19.64552099754122
194,2018-09-27,25.26589442488784,14.234007296251498,26.940024227802404,25.265889343370333,25.265899866942572,0.0,0.0,0.0,0.0,0.0,0.0,0.0,0.0,0.0,0.0,0.0,0.0,0.0,0.0,0.0,0.0,0.0,0.0,0.0,0.0,0.0,0.0,0.0,0.0,-4.217196165324884,-4.217196165324884,-4.217196165324884,0.0,0.0,0.0,-4.217196165324884,-4.217196165324884,-4.217196165324884,0.0,0.0,0.0,21.048698259562954
195,2018-10-04,25.408202267837012,17.507050246514417,30.657789224372408,25.40819699971521,25.408207924962248,0.0,0.0,0.0,0.0,0.0,0.0,0.0,0.0,0.0,0.0,0.0,0.0,0.0,0.0,0.0,0.0,0.0,0.0,0.0,0.0,0.0,0.0,0.0,0.0,-1.368151018349923,-1.368151018349923,-1.368151018349923,0.0,0.0,0.0,-1.368151018349923,-1.368151018349923,-1.368151018349923,0.0,0.0,0.0,24.04005124948709
196,2018-10-11,25.550510110786192,18.847764364344403,32.5694966658338,25.55050459055477,25.55051595353971,0.0,0.0,0.0,0.0,0.0,0.0,0.0,0.0,0.0,0.0,0.0,0.0,0.0,0.0,0.0,0.0,0.0,0.0,0.0,0.0,0.0,0.0,0.0,0.0,0.23458304450371387,0.23458304450371387,0.23458304450371387,0.0,0.0,0.0,0.23458304450371387,0.23458304450371387,0.23458304450371387,0.0,0.0,0.0,25.785093155289907
197,2018-10-18,25.69281795373537,18.299409546892523,31.687127622804972,25.69281216500652,25.692824054943525,0.0,0.0,0.0,0.0,0.0,0.0,0.0,0.0,0.0,0.0,0.0,0.0,0.0,0.0,0.0,0.0,0.0,0.0,0.0,0.0,0.0,0.0,0.0,0.0,-1.020049807574597,-1.020049807574597,-1.020049807574597,0.0,0.0,0.0,-1.020049807574597,-1.020049807574597,-1.020049807574597,0.0,0.0,0.0,24.672768146160774
198,2018-10-25,25.835125796684547,15.418684405757935,28.679877706233846,25.835119799209938,25.835132231575585,0.0,0.0,0.0,0.0,0.0,0.0,0.0,0.0,0.0,0.0,0.0,0.0,0.0,0.0,0.0,0.0,0.0,0.0,0.0,0.0,0.0,0.0,0.0,0.0,-3.9969705187485998,-3.9969705187485998,-3.9969705187485998,0.0,0.0,0.0,-3.9969705187485998,-3.9969705187485998,-3.9969705187485998,0.0,0.0,0.0,21.838155277935947
199,2018-11-01,25.97743363963373,13.081723756859315,26.298052091775382,25.977427442711484,25.977440267918972,0.0,0.0,0.0,0.0,0.0,0.0,0.0,0.0,0.0,0.0,0.0,0.0,0.0,0.0,0.0,0.0,0.0,0.0,0.0,0.0,0.0,0.0,0.0,0.0,-5.97743175918017,-5.97743175918017,-5.97743175918017,0.0,0.0,0.0,-5.97743175918017,-5.97743175918017,-5.97743175918017,0.0,0.0,0.0,20.00000188045356
200,2018-11-08,26.119741482582903,14.51792544803867,27.23286615170777,26.119735055202643,26.11974837585851,0.0,0.0,0.0,0.0,0.0,0.0,0.0,0.0,0.0,0.0,0.0,0.0,0.0,0.0,0.0,0.0,0.0,0.0,0.0,0.0,0.0,0.0,0.0,0.0,-5.209689004766241,-5.209689004766241,-5.209689004766241,0.0,0.0,0.0,-5.209689004766241,-5.209689004766241,-5.209689004766241,0.0,0.0,0.0,20.910052477816663
201,2018-11-15,26.262049325532082,17.523691867894787,30.777482305103277,26.262042657152314,26.26205647375896,0.0,0.0,0.0,0.0,0.0,0.0,0.0,0.0,0.0,0.0,0.0,0.0,0.0,0.0,0.0,0.0,0.0,0.0,0.0,0.0,0.0,0.0,0.0,0.0,-2.2859240019721705,-2.2859240019721705,-2.2859240019721705,0.0,0.0,0.0,-2.2859240019721705,-2.2859240019721705,-2.2859240019721705,0.0,0.0,0.0,23.976125323559913
202,2018-11-22,26.40435716848126,20.493882587274456,33.77559205626785,26.404350293985672,26.40436456734313,0.0,0.0,0.0,0.0,0.0,0.0,0.0,0.0,0.0,0.0,0.0,0.0,0.0,0.0,0.0,0.0,0.0,0.0,0.0,0.0,0.0,0.0,0.0,0.0,0.7587731637928676,0.7587731637928676,0.7587731637928676,0.0,0.0,0.0,0.7587731637928676,0.7587731637928676,0.7587731637928676,0.0,0.0,0.0,27.163130332274125
203,2018-11-29,26.546665011430434,22.92763406088109,35.90069877324144,26.54665791419534,26.546672597716032,0.0,0.0,0.0,0.0,0.0,0.0,0.0,0.0,0.0,0.0,0.0,0.0,0.0,0.0,0.0,0.0,0.0,0.0,0.0,0.0,0.0,0.0,0.0,0.0,2.378756669617275,2.378756669617275,2.378756669617275,0.0,0.0,0.0,2.378756669617275,2.378756669617275,2.378756669617275,0.0,0.0,0.0,28.92542168104771
204,2018-12-06,26.688972854379617,22.924966860538817,35.903272431572475,26.688965585000123,26.688980625388638,0.0,0.0,0.0,0.0,0.0,0.0,0.0,0.0,0.0,0.0,0.0,0.0,0.0,0.0,0.0,0.0,0.0,0.0,0.0,0.0,0.0,0.0,0.0,0.0,2.522041720963481,2.522041720963481,2.522041720963481,0.0,0.0,0.0,2.522041720963481,2.522041720963481,2.522041720963481,0.0,0.0,0.0,29.2110145753431
205,2018-12-13,26.83128069732879,22.314610325321816,35.869907702351696,26.83127313148075,26.831288790581837,0.0,0.0,0.0,0.0,0.0,0.0,0.0,0.0,0.0,0.0,0.0,0.0,0.0,0.0,0.0,0.0,0.0,0.0,0.0,0.0,0.0,0.0,0.0,0.0,2.087867099692014,2.087867099692014,2.087867099692014,0.0,0.0,0.0,2.087867099692014,2.087867099692014,2.087867099692014,0.0,0.0,0.0,28.919147797020806
206,2018-12-20,26.973588540277973,22.388879782248324,35.282237913238916,26.97358074146031,26.97359695902386,0.0,0.0,0.0,0.0,0.0,0.0,0.0,0.0,0.0,0.0,0.0,0.0,0.0,0.0,0.0,0.0,0.0,0.0,0.0,0.0,0.0,0.0,0.0,0.0,1.8170837749345363,1.8170837749345363,1.8170837749345363,0.0,0.0,0.0,1.8170837749345363,1.8170837749345363,1.8170837749345363,0.0,0.0,0.0,28.79067231521251
207,2018-12-27,27.115896383227145,22.37129379941434,35.387589001184786,27.11588841114522,27.11590497493569,0.0,0.0,0.0,0.0,0.0,0.0,0.0,0.0,0.0,0.0,0.0,0.0,0.0,0.0,0.0,0.0,0.0,0.0,0.0,0.0,0.0,0.0,0.0,0.0,1.7855501103695806,1.7855501103695806,1.7855501103695806,0.0,0.0,0.0,1.7855501103695806,1.7855501103695806,1.7855501103695806,0.0,0.0,0.0,28.901446493596726
208,2019-01-03,27.25820422617633,22.04277254422689,35.21004936771684,27.258195991494095,27.25821301940106,0.0,0.0,0.0,0.0,0.0,0.0,0.0,0.0,0.0,0.0,0.0,0.0,0.0,0.0,0.0,0.0,0.0,0.0,0.0,0.0,0.0,0.0,0.0,0.0,1.6786563875075613,1.6786563875075613,1.6786563875075613,0.0,0.0,0.0,1.6786563875075613,1.6786563875075613,1.6786563875075613,0.0,0.0,0.0,28.93686061368389
209,2019-01-10,27.4005120691255,22.41919683428246,35.00949012851314,27.400503573817844,27.400520950785456,0.0,0.0,0.0,0.0,0.0,0.0,0.0,0.0,0.0,0.0,0.0,0.0,0.0,0.0,0.0,0.0,0.0,0.0,0.0,0.0,0.0,0.0,0.0,0.0,1.24976220829507,1.24976220829507,1.24976220829507,0.0,0.0,0.0,1.24976220829507,1.24976220829507,1.24976220829507,0.0,0.0,0.0,28.65027427742057
210,2019-01-17,27.54281991207468,21.43772234302599,34.897523829814084,27.542811179420276,27.54282917638455,0.0,0.0,0.0,0.0,0.0,0.0,0.0,0.0,0.0,0.0,0.0,0.0,0.0,0.0,0.0,0.0,0.0,0.0,0.0,0.0,0.0,0.0,0.0,0.0,0.5116418019046369,0.5116418019046369,0.5116418019046369,0.0,0.0,0.0,0.5116418019046369,0.5116418019046369,0.5116418019046369,0.0,0.0,0.0,28.054461713979318
211,2019-01-24,27.685127755023856,20.75474092736979,33.81508894519676,27.685118778551978,27.68513726138824,0.0,0.0,0.0,0.0,0.0,0.0,0.0,0.0,0.0,0.0,0.0,0.0,0.0,0.0,0.0,0.0,0.0,0.0,0.0,0.0,0.0,0.0,0.0,0.0,-0.29583062432364543,-0.29583062432364543,-0.29583062432364543,0.0,0.0,0.0,-0.29583062432364543,-0.29583062432364543,-0.29583062432364543,0.0,0.0,0.0,27.38929713070021
212,2019-01-31,27.827435597973036,20.590326471769462,33.78687285247002,27.827426388522174,27.827445443077288,0.0,0.0,0.0,0.0,0.0,0.0,0.0,0.0,0.0,0.0,0.0,0.0,0.0,0.0,0.0,0.0,0.0,0.0,0.0,0.0,0.0,0.0,0.0,0.0,-0.8158427513058909,-0.8158427513058909,-0.8158427513058909,0.0,0.0,0.0,-0.8158427513058909,-0.8158427513058909,-0.8158427513058909,0.0,0.0,0.0,27.011592846667146
213,2019-02-07,27.969743440922215,20.519757539096613,33.31860822202101,27.969733899775733,27.969753618217407,0.0,0.0,0.0,0.0,0.0,0.0,0.0,0.0,0.0,0.0,0.0,0.0,0.0,0.0,0.0,0.0,0.0,0.0,0.0,0.0,0.0,0.0,0.0,0.0,-0.7955817363656785,-0.7955817363656785,-0.7955817363656785,0.0,0.0,0.0,-0.7955817363656785,-0.7955817363656785,-0.7955817363656785,0.0,0.0,0.0,27.174161704556536
214,2019-02-14,28.11205128387139,21.986430755902276,34.46368794330448,28.11204143786062,28.112061732487067,0.0,0.0,0.0,0.0,0.0,0.0,0.0,0.0,0.0,0.0,0.0,0.0,0.0,0.0,0.0,0.0,0.0,0.0,0.0,0.0,0.0,0.0,0.0,0.0,-0.37429123257119346,-0.37429123257119346,-0.37429123257119346,0.0,0.0,0.0,-0.37429123257119346,-0.37429123257119346,-0.37429123257119346,0.0,0.0,0.0,27.7377600513002
215,2019-02-21,28.254359126820574,21.696813407219665,34.894550429651304,28.25434909731777,28.25436984538394,0.0,0.0,0.0,0.0,0.0,0.0,0.0,0.0,0.0,0.0,0.0,0.0,0.0,0.0,0.0,0.0,0.0,0.0,0.0,0.0,0.0,0.0,0.0,0.0,-0.10675894155782173,-0.10675894155782173,-0.10675894155782173,0.0,0.0,0.0,-0.10675894155782173,-0.10675894155782173,-0.10675894155782173,0.0,0.0,0.0,28.147600185262753
216,2019-02-28,28.396666969769747,21.352684730598924,34.924348547182724,28.39665676070593,28.396678065408185,0.0,0.0,0.0,0.0,0.0,0.0,0.0,0.0,0.0,0.0,0.0,0.0,0.0,0.0,0.0,0.0,0.0,0.0,0.0,0.0,0.0,0.0,0.0,0.0,-0.49238222007205606,-0.49238222007205606,-0.49238222007205606,0.0,0.0,0.0,-0.49238222007205606,-0.49238222007205606,-0.49238222007205606,0.0,0.0,0.0,27.90428474969769
217,2019-03-07,28.538974812718923,20.355914800265673,33.64312809431188,28.538964327951902,28.53898619284018,0.0,0.0,0.0,0.0,0.0,0.0,0.0,0.0,0.0,0.0,0.0,0.0,0.0,0.0,0.0,0.0,0.0,0.0,0.0,0.0,0.0,0.0,0.0,0.0,-1.394170269137939,-1.394170269137939,-1.394170269137939,0.0,0.0,0.0,-1.394170269137939,-1.394170269137939,-1.394170269137939,0.0,0.0,0.0,27.144804543580985
218,2019-03-14,28.681282655668102,20.379097316336576,33.51598550787966,28.681271996202568,28.681294235109284,0.0,0.0,0.0,0.0,0.0,0.0,0.0,0.0,0.0,0.0,0.0,0.0,0.0,0.0,0.0,0.0,0.0,0.0,0.0,0.0,0.0,0.0,0.0,0.0,-2.076841338747973,-2.076841338747973,-2.076841338747973,0.0,0.0,0.0,-2.076841338747973,-2.076841338747973,-2.076841338747973,0.0,0.0,0.0,26.60444131692013
219,2019-03-21,28.82359049861728,20.397708743710055,33.040962265736646,28.823579578426656,28.823602308081192,0.0,0.0,0.0,0.0,0.0,0.0,0.0,0.0,0.0,0.0,0.0,0.0,0.0,0.0,0.0,0.0,0.0,0.0,0.0,0.0,0.0,0.0,0.0,0.0,-1.9936084757196022,-1.9936084757196022,-1.9936084757196022,0.0,0.0,0.0,-1.9936084757196022,-1.9936084757196022,-1.9936084757196022,0.0,0.0,0.0,26.829982022897678
220,2019-03-28,28.96589834156646,21.16391511696361,34.351883482903524,28.96588705293645,28.965910379503754,0.0,0.0,0.0,0.0,0.0,0.0,0.0,0.0,0.0,0.0,0.0,0.0,0.0,0.0,0.0,0.0,0.0,0.0,0.0,0.0,0.0,0.0,0.0,0.0,-1.466787135221228,-1.466787135221228,-1.466787135221228,0.0,0.0,0.0,-1.466787135221228,-1.466787135221228,-1.466787135221228,0.0,0.0,0.0,27.499111206345233
221,2019-04-04,29.108206184515634,21.330128685847825,34.16689663633973,29.10819461392881,29.108218508034213,0.0,0.0,0.0,0.0,0.0,0.0,0.0,0.0,0.0,0.0,0.0,0.0,0.0,0.0,0.0,0.0,0.0,0.0,0.0,0.0,0.0,0.0,0.0,0.0,-1.341044702773123,-1.341044702773123,-1.341044702773123,0.0,0.0,0.0,-1.341044702773123,-1.341044702773123,-1.341044702773123,0.0,0.0,0.0,27.767161481742512
222,2019-04-11,29.250514027464817,20.52000326675106,33.811730166580396,29.25050220346103,29.25052663656467,0.0,0.0,0.0,0.0,0.0,0.0,0.0,0.0,0.0,0.0,0.0,0.0,0.0,0.0,0.0,0.0,0.0,0.0,0.0,0.0,0.0,0.0,0.0,0.0,-1.8658247792989653,-1.8658247792989653,-1.8658247792989653,0.0,0.0,0.0,-1.8658247792989653,-1.8658247792989653,-1.8658247792989653,0.0,0.0,0.0,27.384689248165852
223,2019-04-18,29.39282187041399,21.60599836643914,34.82946459698631,29.392809760063777,29.392834822473894,0.0,0.0,0.0,0.0,0.0,0.0,0.0,0.0,0.0,0.0,0.0,0.0,0.0,0.0,0.0,0.0,0.0,0.0,0.0,0.0,0.0,1.0306855080665966,1.0306855080665966,1.0306855080665966,-1.1184203760642761,-1.1184203760642761,-1.1184203760642761,1.0306855080665966,1.0306855080665966,1.0306855080665966,-2.149105884130873,-2.149105884130873,-2.149105884130873,0.0,0.0,0.0,28.274401494349714
224,2019-04-25,29.53512971336317,21.44942200499596,35.109749226169995,29.535117356212204,29.53514305922561,0.0,0.0,0.0,0.0,0.0,0.0,0.0,0.0,0.0,0.0,0.0,0.0,0.0,0.0,0.0,0.0,0.0,0.0,0.0,0.0,0.0,0.0,0.0,0.0,-1.038177821893903,-1.038177821893903,-1.038177821893903,0.0,0.0,0.0,-1.038177821893903,-1.038177821893903,-1.038177821893903,0.0,0.0,0.0,28.496951891469266
225,2019-05-02,29.677437556312345,24.483365133347228,37.96020103198784,29.67742500262399,29.67745135197174,0.0,0.0,0.0,0.0,0.0,0.0,0.0,0.0,0.0,0.0,0.0,0.0,0.0,0.0,0.0,0.0,0.0,0.0,0.0,0.0,0.0,0.0,0.0,0.0,1.4161887994445783,1.4161887994445783,1.4161887994445783,0.0,0.0,0.0,1.4161887994445783,1.4161887994445783,1.4161887994445783,0.0,0.0,0.0,31.093626355756925
226,2019-05-09,29.819745399261524,24.133659396056334,36.93835138567449,29.81973259295216,29.819759255403326,0.0,0.0,0.0,0.0,0.0,0.0,0.0,0.0,0.0,-2.7901159517870013,-2.7901159517870013,-2.7901159517870013,0.0,0.0,0.0,0.0,0.0,0.0,0.0,0.0,0.0,0.0,0.0,0.0,0.8633927438996306,0.8633927438996306,0.8633927438996306,-2.7901159517870013,-2.7901159517870013,-2.7901159517870013,3.6535086956866323,3.6535086956866323,3.6535086956866323,0.0,0.0,0.0,30.683138143161155
227,2019-05-16,29.9620532422107,27.655990185091575,41.002725573961555,29.962040081638314,29.962067380403703,0.0,0.0,0.0,0.0,0.0,0.0,0.0,0.0,0.0,0.0,0.0,0.0,0.0,0.0,0.0,0.0,0.0,0.0,0.0,0.0,0.0,0.0,0.0,0.0,4.027616313805268,4.027616313805268,4.027616313805268,0.0,0.0,0.0,4.027616313805268,4.027616313805268,4.027616313805268,0.0,0.0,0.0,33.98966955601597
228,2019-05-23,30.10436108515988,26.21159888315465,39.01365160294951,30.104347587746332,30.104375593080675,0.0,0.0,0.0,0.0,0.0,0.0,0.0,0.0,0.0,0.0,0.0,0.0,0.0,0.0,0.0,0.0,0.0,0.0,0.0,0.0,0.0,0.0,0.0,0.0,2.508425051692875,2.508425051692875,2.508425051692875,0.0,0.0,0.0,2.508425051692875,2.508425051692875,2.508425051692875,0.0,0.0,0.0,32.612786136852755
229,2019-05-30,30.24666892810906,24.42152303476645,37.33648474656511,30.246655078358184,30.24668366739467,0.0,0.0,0.0,0.0,0.0,0.0,0.0,0.0,0.0,0.0,0.0,0.0,0.0,0.0,0.0,0.0,0.0,0.0,0.0,0.0,0.0,0.0,0.0,0.0,0.7420178495852112,0.7420178495852112,0.7420178495852112,0.0,0.0,0.0,0.7420178495852112,0.7420178495852112,0.7420178495852112,0.0,0.0,0.0,30.98868677769427
230,2019-06-06,30.388976771058235,23.864616139258892,37.31483737810101,30.38896268901854,30.388991707812373,0.0,0.0,0.0,0.0,0.0,0.0,0.0,0.0,0.0,0.0,0.0,0.0,0.0,0.0,0.0,0.0,0.0,0.0,0.0,0.0,0.0,0.0,0.0,0.0,0.3356171335174949,0.3356171335174949,0.3356171335174949,0.0,0.0,0.0,0.3356171335174949,0.3356171335174949,0.3356171335174949,0.0,0.0,0.0,30.72459390457573
