,Observed,trend,seasonal,resid
2015-01-02,10.0,0.0,0.39848396758280474,0.0
2015-01-03,8.0,0.0,-0.31663231148696264,0.0
2015-01-05,6.0,0.0,0.502359936575053,0.0
2015-01-06,3.0,0.0,0.32018939393939405,0.0
2015-01-07,8.0,0.0,-0.0026788231148695465,0.0
2015-01-08,9.0,0.0,0.024065362931642017,0.0
2015-01-09,12.0,0.0,-0.06663231148696266,0.0
2015-01-10,11.0,0.0,0.37755373502466516,0.0
2015-01-12,5.0,0.0,0.403910324171952,0.0
2015-01-13,3.0,0.0,0.12949171952078925,0.0
2015-01-14,6.0,0.0,-0.4011284355179704,0.0
2015-01-15,5.0,0.0,0.04189482029598302,0.0
2015-01-16,8.0,0.0,-0.02477184637068358,0.0
2015-01-17,11.0,0.0,-0.16004316420014106,0.0
2015-01-19,16.0,0.0,0.30894908386187453,0.0
2015-01-20,9.0,6.366666666666667,0.48017882311486965,2.1531545102184633
2015-01-21,6.0,6.199999999999999,0.12336064129668783,-0.3233606412966871
2015-01-22,7.0,6.283333333333333,0.40139094432699085,0.31527572233967593
2015-01-23,3.0,6.583333333333334,-0.14065451021846376,-3.4426788231148704
2015-01-24,4.0,6.65,-0.2955787526427061,-2.354421247357294
2015-01-26,5.0,6.633333333333334,-0.17550299506694858,-1.457830338266385
2015-01-27,1.0,6.583333333333333,0.05972427766032424,-5.643057610993657
2015-01-28,5.0,6.383333333333334,0.932072762508809,-2.3154060958421425
2015-01-29,3.0,6.2,-0.6300484496124032,-2.569951550387597
2015-01-30,9.0,6.116666666666666,-0.19519996476391824,3.078533298097252
2015-01-31,2.0,6.133333333333333,-0.6917908738548274,-3.4415424594785056
2015-02-02,1.0,6.216666666666667,-0.7736090556730091,-4.443057610993658
2015-02-03,7.0,6.35,-0.001128435517970391,0.6511284355179707
2015-02-04,4.0,6.266666666666666,-0.4356245595489781,-1.8310421071176877
2015-02-05,6.0,5.883333333333333,-0.19260130373502465,0.3092679704016918
2015-02-06,6.0,5.65,0.39848396758280474,-0.0484839675828051
2015-02-07,2.0,5.683333333333334,-0.31663231148696264,-3.366701021846371
2015-02-09,17.0,5.800000000000001,0.502359936575053,10.697640063424947
2015-02-10,10.0,5.983333333333333,0.32018939393939405,3.6964772727272726
2015-02-11,5.0,6.066666666666666,-0.0026788231148695465,-1.0639878435517969
2015-02-12,11.0,6.050000000000001,0.024065362931642017,4.925934637068357
2015-02-13,7.0,6.1,-0.06663231148696266,0.966632311486963
2015-02-14,4.0,6.133333333333333,0.37755373502466516,-2.510887068357998
2015-02-18,1.0,6.133333333333334,0.403910324171952,-5.537243657505286
2015-02-19,2.0,6.033333333333333,0.12949171952078925,-4.162825052854123
2015-02-20,8.0,5.966666666666667,-0.4011284355179704,2.4344617688513037
2015-02-21,8.0,6.033333333333333,0.04189482029598302,1.9247718463706838
2015-02-23,13.0,6.05,-0.02477184637068358,6.974771846370683
2015-02-24,1.0,6.049999999999999,-0.16004316420014106,-4.8899568357998575
2015-02-25,3.0,6.0166666666666675,0.30894908386187453,-3.325615750528542
2015-02-26,8.0,5.983333333333333,0.48017882311486965,1.536487843551797
2015-02-27,9.0,6.083333333333334,0.12336064129668783,2.7933060253699784
2015-02-28,11.0,5.95,0.40139094432699085,4.648609055673009
2015-03-02,10.0,5.666666666666666,-0.14065451021846376,4.4739878435517975
2015-03-03,2.0,5.566666666666666,-0.2955787526427061,-3.27108791402396
2015-03-04,6.0,5.383333333333333,-0.17550299506694858,0.7921696617336157
2015-03-05,3.0,5.133333333333333,0.05972427766032424,-2.193057610993657
2015-03-06,5.0,5.083333333333333,0.932072762508809,-1.015406095842142
2015-03-07,3.0,5.2333333333333325,-0.6300484496124032,-1.6032848837209293
2015-03-09,3.0,5.433333333333334,-0.19519996476391824,-2.2381333685694154
2015-03-10,4.0,5.550000000000001,-0.6917908738548274,-0.8582091261451733
2015-03-11,3.0,5.483333333333333,-0.7736090556730091,-1.7097242776603243
2015-03-12,6.0,5.233333333333333,-0.001128435517970391,0.767795102184637
2015-03-13,5.0,5.116666666666666,-0.4356245595489781,0.31895789288231186
2015-03-14,3.0,5.166666666666666,-0.19260130373502465,-1.9740653629316414
2015-03-16,7.0,5.083333333333333,0.39848396758280474,1.5181826990838623
2015-03-17,7.0,4.9,-0.31663231148696264,2.4166323114869623
2015-03-18,4.0,4.716666666666667,0.502359936575053,-1.2190266032417196
2015-03-19,6.0,4.583333333333334,0.32018939393939405,1.096477272727272
2015-03-20,3.0,4.6,-0.0026788231148695465,-1.59732117688513
2015-03-21,2.0,4.583333333333334,0.024065362931642017,-2.607398696264976
2015-03-23,1.0,4.466666666666667,-0.06663231148696266,-3.400034355179704
2015-03-24,7.0,4.366666666666667,0.37755373502466516,2.255779598308668
2015-03-25,7.0,4.283333333333333,0.403910324171952,2.3127563424947146
2015-03-26,8.0,4.283333333333333,0.12949171952078925,3.5871749471458774
2015-03-27,9.0,4.25,-0.4011284355179704,5.15112843551797
2015-03-28,3.0,4.2333333333333325,0.04189482029598302,-1.2752281536293155
2015-03-30,3.0,4.183333333333334,-0.02477184637068358,-1.15856148696265
2015-03-31,4.0,4.033333333333333,-0.16004316420014106,0.12670983086680784
2015-04-01,3.0,3.966666666666667,0.30894908386187453,-1.2756157505285413
2015-04-02,3.0,3.8666666666666663,0.48017882311486965,-1.3468454897815358
2015-04-04,3.0,3.65,0.12336064129668783,-0.7733606412966878
2015-04-06,6.0,3.5,0.40139094432699085,2.098609055673009
2015-04-07,7.0,3.4833333333333334,-0.14065451021846376,3.65732117688513
2015-04-08,6.0,3.5333333333333337,-0.2955787526427061,2.7622454193093726
2015-04-09,1.0,3.65,-0.17550299506694858,-2.4744970049330512
2015-04-10,1.0,3.8166666666666664,0.05972427766032424,-2.8763909443269906
2015-04-11,1.0,3.8666666666666667,0.932072762508809,-3.798739429175476
2015-04-13,2.0,3.7666666666666666,-0.6300484496124032,-1.1366182170542634
2015-04-14,4.0,3.6333333333333337,-0.19519996476391824,0.5618666314305845
2015-04-15,1.0,3.4333333333333336,-0.6917908738548274,-1.7415424594785063
2015-04-16,5.0,3.3166666666666664,-0.7736090556730091,2.4569423890063424
2015-04-17,1.0,3.3833333333333337,-0.001128435517970391,-2.382204897815363
2015-04-18,1.0,3.4833333333333334,-0.4356245595489781,-2.0477087737843553
2015-04-20,3.0,3.6,-0.19260130373502465,-0.40739869626497544
2015-04-21,1.0,3.8,0.39848396758280474,-3.1984839675828045
2015-04-22,0.0,3.9166666666666665,-0.31663231148696264,-3.600034355179704
2015-04-23,2.0,3.833333333333333,0.502359936575053,-2.335693269908386
2015-04-24,7.0,3.7333333333333334,0.32018939393939405,2.9464772727272726
2015-04-25,5.0,3.6333333333333333,-0.0026788231148695465,1.3693454897815363
2015-04-27,7.0,3.633333333333333,0.024065362931642017,3.3426013037350253
2015-04-28,6.0,3.7666666666666666,-0.06663231148696266,2.299965644820296
2015-04-29,5.0,3.933333333333333,0.37755373502466516,0.6891129316420017
2015-04-30,3.0,4.166666666666666,0.403910324171952,-1.570576990838618
2015-05-02,4.0,4.266666666666667,0.12949171952078925,-0.39615838618745586
2015-05-04,1.0,4.266666666666667,-0.4011284355179704,-2.865538231148696
2015-05-05,4.0,4.2666666666666675,0.04189482029598302,-0.3085614869626505
2015-05-06,6.0,4.333333333333334,-0.02477184637068358,1.6914385130373497
2015-05-07,7.0,4.466666666666667,-0.16004316420014106,2.693376497533474
2015-05-08,7.0,4.65,0.30894908386187453,2.041050916138125
2015-05-09,11.0,4.833333333333333,0.48017882311486965,5.686487843551797
2015-05-10,2.0,5.0,0.12336064129668783,-3.1233606412966877
2015-05-11,2.0,5.15,0.40139094432699085,-3.5513909443269913
2015-05-12,5.0,5.183333333333334,-0.14065451021846376,-0.04267882311486981
2015-05-13,2.0,5.2,-0.2955787526427061,-2.904421247357294
2015-05-14,5.0,5.2,-0.17550299506694858,-0.024497004933051597
2015-05-15,5.0,5.183333333333334,0.05972427766032424,-0.2430576109936578
2015-05-16,7.0,5.166666666666667,0.932072762508809,0.901260570824524
2015-05-18,10.0,5.15,-0.6300484496124032,5.4800484496124025
2015-05-19,2.0,5.083333333333334,-0.19519996476391824,-2.8881333685694157
2015-05-20,3.0,5.133333333333333,-0.6917908738548274,-1.4415424594785056
2015-05-21,3.0,5.216666666666667,-0.7736090556730091,-1.4430576109936577
2015-05-22,7.0,5.216666666666667,-0.001128435517970391,1.7844617688513036
2015-05-23,3.0,5.183333333333333,-0.4356245595489781,-1.7477087737843546
2015-05-25,12.0,5.083333333333333,-0.19260130373502465,7.1092679704016914
2015-05-26,3.0,4.983333333333333,0.39848396758280474,-2.381817300916138
2015-05-27,8.0,5.0,-0.31663231148696264,3.3166323114869627
2015-05-28,3.0,5.1,0.502359936575053,-2.6023599365750525
2015-05-29,8.0,5.116666666666667,0.32018939393939405,2.563143939393939
2015-05-30,5.0,5.083333333333333,-0.0026788231148695465,-0.0806545102184635
2015-05-31,7.0,5.05,0.024065362931642017,1.925934637068358
2015-06-01,5.0,4.966666666666667,-0.06663231148696266,0.09996564482029588
2015-06-02,5.0,4.783333333333333,0.37755373502466516,-0.16088706835799838
2015-06-03,2.0,4.5,0.403910324171952,-2.903910324171952
2015-06-04,1.0,4.416666666666667,0.12949171952078925,-3.5461583861874564
2015-06-05,7.0,4.466666666666667,-0.4011284355179704,2.9344617688513037
2015-06-06,3.0,4.4,0.04189482029598302,-1.4418948202959834
2015-06-08,7.0,4.266666666666667,-0.02477184637068358,2.758105179704017
2015-06-09,4.0,4.15,-0.16004316420014106,0.010043164200140703
2015-06-10,4.0,3.9833333333333334,0.30894908386187453,-0.2922824171952079
2015-06-11,8.0,3.816666666666667,0.48017882311486965,3.703154510218464
2015-06-12,6.0,3.6833333333333336,0.12336064129668783,2.1933060253699788
2015-06-13,4.0,3.583333333333333,0.40139094432699085,0.015275722339676112
2015-06-15,4.0,3.5166666666666666,-0.14065451021846376,0.6239878435517971
2015-06-16,1.0,3.3833333333333333,-0.2955787526427061,-2.087754580690627
2015-06-17,4.0,3.25,-0.17550299506694858,0.9255029950669486
2015-06-18,1.0,3.1666666666666665,0.05972427766032424,-2.2263909443269907
2015-06-19,0.0,3.1,0.932072762508809,-4.032072762508809
2015-06-20,0.0,3.1166666666666667,-0.6300484496124032,-2.4866182170542634
2015-06-22,7.0,3.3,-0.19519996476391824,3.8951999647639184
2015-06-23,1.0,3.3333333333333335,-0.6917908738548274,-1.6415424594785062
2015-06-25,1.0,3.3,-0.7736090556730091,-1.5263909443269907
2015-06-26,1.0,3.2666666666666666,-0.001128435517970391,-2.265538231148696
2015-06-27,2.0,3.166666666666667,-0.4356245595489781,-0.7310421071176889
2015-06-29,3.0,3.1166666666666663,-0.19260130373502465,0.0759346370683584
2015-06-30,2.0,3.033333333333333,0.39848396758280474,-1.431817300916138
2015-07-01,1.0,2.9,-0.31663231148696264,-1.5833676885130372
2015-07-02,4.0,2.8833333333333333,0.502359936575053,0.6143067300916137
2015-07-03,3.0,2.8666666666666667,0.32018939393939405,-0.18685606060606075
2015-07-04,2.0,2.8666666666666667,-0.0026788231148695465,-0.8639878435517971
2015-07-06,2.0,2.9166666666666665,0.024065362931642017,-0.9407320295983085
2015-07-07,5.0,2.933333333333333,-0.06663231148696266,2.1332989781536296
2015-07-08,1.0,3.05,0.37755373502466516,-2.4275537350246648
2015-07-09,7.0,3.1833333333333336,0.403910324171952,3.4127563424947143
2015-07-10,7.0,3.15,0.12949171952078925,3.7205082804792107
2015-07-11,3.0,3.1166666666666667,-0.4011284355179704,0.2844617688513037
2015-07-13,5.0,3.15,0.04189482029598302,1.808105179704017
2015-07-14,3.0,3.2,-0.02477184637068358,-0.1752281536293166
2015-07-15,2.0,3.2666666666666666,-0.16004316420014106,-1.1066235024665256
2015-07-16,3.0,3.2333333333333334,0.30894908386187453,-0.5422824171952079
2015-07-17,4.0,3.25,0.48017882311486965,0.26982117688513035
2015-07-18,2.0,3.333333333333333,0.12336064129668783,-1.456693974630021
2015-07-20,7.0,3.45,0.40139094432699085,3.148609055673009
2015-07-21,0.0,3.5833333333333335,-0.14065451021846376,-3.4426788231148695
2015-07-22,5.0,3.6666666666666665,-0.2955787526427061,1.6289120859760395
2015-07-23,3.0,3.666666666666667,-0.17550299506694858,-0.4911636715997184
2015-07-24,3.0,3.6666666666666665,0.05972427766032424,-0.7263909443269908
2015-07-25,5.0,3.8166666666666664,0.932072762508809,0.2512605708245246
2015-07-27,3.0,3.833333333333333,-0.6300484496124032,-0.2032848837209298
2015-07-28,2.0,3.7333333333333334,-0.19519996476391824,-1.5381333685694152
2015-07-29,4.0,3.6833333333333336,-0.6917908738548274,1.0084575405214937
2015-07-30,0.0,3.583333333333333,-0.7736090556730091,-2.809724277660324
2015-07-31,5.0,3.55,-0.001128435517970391,1.4511284355179705
2015-08-01,2.0,3.533333333333333,-0.4356245595489781,-1.0977087737843552
2015-08-03,1.0,3.5166666666666666,-0.19260130373502465,-2.324065362931642
2015-08-04,5.0,3.533333333333333,0.39848396758280474,1.068182699083862
2015-08-05,3.0,3.55,-0.31663231148696264,-0.23336768851303719
2015-08-06,9.0,3.533333333333333,0.502359936575053,4.9643067300916135
2015-08-07,6.0,3.583333333333333,0.32018939393939405,2.096477272727273
2015-08-08,4.0,3.6166666666666667,-0.0026788231148695465,0.38601215644820286
2015-08-09,0.0,3.5666666666666664,0.024065362931642017,-3.5907320295983083
2015-08-10,7.0,3.5999999999999996,-0.06663231148696266,3.466632311486963
2015-08-11,8.0,3.5999999999999996,0.37755373502466516,4.022446264975335
2015-08-12,1.0,3.6166666666666663,0.403910324171952,-3.0205769908386184
2015-08-13,7.0,3.6666666666666665,0.12949171952078925,3.203841613812544
2015-08-14,0.0,3.6666666666666665,-0.4011284355179704,-3.265538231148696
2015-08-15,2.0,3.7666666666666666,0.04189482029598302,-1.8085614869626496
2015-08-17,4.0,3.833333333333333,-0.02477184637068358,0.19143851303735054
2015-08-18,0.0,3.8833333333333333,-0.16004316420014106,-3.7232901691331923
2015-08-19,4.0,4.0,0.30894908386187453,-0.30894908386187453
2015-08-20,4.0,4.016666666666667,0.48017882311486965,-0.49684548978153625
2015-08-21,3.0,4.05,0.12336064129668783,-1.1733606412966877
2015-08-22,5.0,3.9999999999999996,0.40139094432699085,0.5986090556730096
2015-08-24,5.0,3.85,-0.14065451021846376,1.2906545102184637
2015-08-25,2.0,3.85,-0.2955787526427061,-1.554421247357294
2015-08-26,3.0,4.05,-0.17550299506694858,-0.8744970049330513
2015-08-27,5.0,4.166666666666666,0.05972427766032424,0.7736090556730096
2015-08-28,3.0,4.066666666666666,0.932072762508809,-1.9987394291754754
2015-08-29,6.0,4.033333333333333,-0.6300484496124032,2.59671511627907
2015-08-31,2.0,4.05,-0.19519996476391824,-1.8548000352360816
2015-09-01,4.0,4.1,-0.6917908738548274,0.5917908738548278
2015-09-02,6.0,4.216666666666667,-0.7736090556730091,2.556942389006342
2015-09-03,3.0,4.266666666666667,-0.001128435517970391,-1.2655382311486962
2015-09-04,7.0,4.316666666666667,-0.4356245595489781,3.1189578928823107
2015-09-05,3.0,4.366666666666667,-0.19260130373502465,-1.1740653629316424
2015-09-08,4.0,4.366666666666667,0.39848396758280474,-0.7651506342494718
2015-09-09,6.0,4.383333333333333,-0.31663231148696264,1.9332989781536298
2015-09-10,3.0,4.366666666666667,0.502359936575053,-1.86902660324172
2015-09-11,3.0,4.333333333333333,0.32018939393939405,-1.653522727272727
2015-09-12,7.0,4.383333333333333,-0.0026788231148695465,2.6193454897815367
2015-09-14,9.0,4.433333333333333,0.024065362931642017,4.542601303735025
2015-09-15,5.0,4.516666666666667,-0.06663231148696266,0.5499656448202961
2015-09-16,4.0,4.566666666666667,0.37755373502466516,-0.9442204016913325
2015-09-17,3.0,4.483333333333333,0.403910324171952,-1.8872436575052853
2015-09-18,6.0,4.466666666666667,0.12949171952078925,1.403841613812544
2015-09-19,4.0,4.550000000000001,-0.4011284355179704,-0.14887156448203032
2015-09-21,5.0,4.5166666666666675,0.04189482029598302,0.4414385130373495
2015-09-22,4.0,4.466666666666667,-0.02477184637068358,-0.4418948202959832
2015-09-23,3.0,4.416666666666667,-0.16004316420014106,-1.256623502466526
2015-09-24,4.0,4.316666666666666,0.30894908386187453,-0.6256157505285409
2015-09-25,4.0,4.3,0.48017882311486965,-0.7801788231148694
2015-09-26,4.0,4.2333333333333325,0.12336064129668783,-0.35669397463002034
2015-09-28,3.0,4.183333333333334,0.40139094432699085,-1.5847242776603245
2015-09-29,5.0,4.2,-0.14065451021846376,0.9406545102184636
2015-09-30,5.0,4.116666666666666,-0.2955787526427061,1.1789120859760398
2015-10-01,3.0,3.966666666666667,-0.17550299506694858,-0.7911636715997182
2015-10-02,10.0,3.85,0.05972427766032424,6.090275722339676
2015-10-03,1.0,3.75,0.932072762508809,-3.6820727625088088
2015-10-05,3.0,3.6666666666666665,-0.6300484496124032,-0.03661821705426327
2015-10-06,4.0,3.5666666666666664,-0.19519996476391824,0.6285332980972518
2015-10-07,7.0,3.4499999999999997,-0.6917908738548274,4.241790873854828
2015-10-08,1.0,3.35,-0.7736090556730091,-1.576390944326991
2015-10-09,5.0,3.3,-0.001128435517970391,1.7011284355179705
2015-10-10,2.0,3.3833333333333337,-0.4356245595489781,-0.9477087737843557
2015-10-12,2.0,3.4833333333333334,-0.19260130373502465,-1.2907320295983087
2015-10-13,4.0,3.5166666666666666,0.39848396758280474,0.08484936575052865
2015-10-14,2.0,3.55,-0.31663231148696264,-1.2333676885130371
2015-10-15,4.0,3.55,0.502359936575053,-0.05235993657505278
2015-10-16,3.0,3.466666666666667,0.32018939393939405,-0.7868560606060608
2015-10-17,2.0,3.333333333333334,-0.0026788231148695465,-1.3306545102184644
2015-10-20,5.0,3.3333333333333335,0.024065362931642017,1.6426013037350244
2015-10-21,2.0,3.3499999999999996,-0.06663231148696266,-1.283367688513037
2015-10-22,1.0,3.3666666666666663,0.37755373502466516,-2.744220401691331
2015-10-23,1.0,3.4333333333333336,0.403910324171952,-2.8372436575052857
2015-10-24,2.0,3.4166666666666665,0.12949171952078925,-1.5461583861874557
2015-10-26,1.0,3.333333333333333,-0.4011284355179704,-1.9322048978153625
2015-10-27,2.0,3.25,0.04189482029598302,-1.291894820295983
2015-10-28,4.0,3.2166666666666663,-0.02477184637068358,0.8081051797040173
2015-10-29,8.0,3.2333333333333334,-0.16004316420014106,4.926709830866808
2015-10-30,5.0,3.2666666666666666,0.30894908386187453,1.424384249471459
2015-10-31,5.0,3.266666666666666,0.48017882311486965,1.2531545102184642
2015-11-02,5.0,3.416666666666667,0.12336064129668783,1.4599726920366451
2015-11-03,2.0,3.583333333333333,0.40139094432699085,-1.984724277660324
2015-11-04,1.0,3.7666666666666666,-0.14065451021846376,-2.626012156448203
2015-11-05,1.0,4.066666666666666,-0.2955787526427061,-2.77108791402396
2015-11-06,7.0,4.266666666666667,-0.17550299506694858,2.908836328400282
2015-11-07,7.0,4.483333333333333,0.05972427766032424,2.4569423890063424
2015-11-09,5.0,4.75,0.932072762508809,-0.682072762508809
2015-11-10,3.0,5.0,-0.6300484496124032,-1.3699515503875968
2015-11-11,3.0,5.299999999999999,-0.19519996476391824,-2.1048000352360807
2015-11-12,3.0,5.5,-0.6917908738548274,-1.8082091261451727
2015-11-13,0.0,5.516666666666667,-0.7736090556730091,-4.743057610993658
2015-11-14,4.0,5.450000000000001,-0.001128435517970391,-1.4488715644820307
2015-11-16,4.0,5.4,-0.4356245595489781,-0.9643754404510223
2015-11-17,2.0,5.633333333333333,-0.19260130373502465,-3.4407320295983084
2015-11-18,4.0,6.033333333333333,0.39848396758280474,-2.431817300916138
2015-11-19,11.0,6.316666666666666,-0.31663231148696264,4.999965644820296
2015-11-20,5.0,6.4,0.502359936575053,-1.9023599365750532
2015-11-21,13.0,6.583333333333334,0.32018939393939405,6.096477272727272
2015-11-23,10.0,6.883333333333333,-0.0026788231148695465,3.1193454897815367
2015-11-24,9.0,6.916666666666666,0.024065362931642017,2.059267970401692
2015-11-25,11.0,6.933333333333334,-0.06663231148696266,4.133298978153629
2015-11-26,8.0,7.183333333333333,0.37755373502466516,0.43911293164200216
2015-11-27,9.0,7.416666666666666,0.403910324171952,1.179423009161382
2015-11-28,12.0,7.433333333333334,0.12949171952078925,4.437174947145877
2015-11-30,3.0,7.4,-0.4011284355179704,-3.99887156448203
2015-12-01,1.0,7.583333333333333,0.04189482029598302,-6.625228153629316
2015-12-02,1.0,7.866666666666665,-0.02477184637068358,-6.841894820295982
2015-12-03,8.0,7.983333333333333,-0.16004316420014106,0.17670983086680767
2015-12-04,19.0,8.066666666666666,0.30894908386187453,10.62438424947146
2015-12-05,15.0,8.183333333333334,0.48017882311486965,6.336487843551796
2015-12-07,12.0,8.1,0.12336064129668783,3.7766393587033127
2015-12-08,0.0,8.066666666666666,0.40139094432699085,-8.468057610993657
2015-12-09,14.0,8.083333333333334,-0.14065451021846376,6.05732117688513
2015-12-10,6.0,7.883333333333333,-0.2955787526427061,-1.5877545806906268
2015-12-11,4.0,7.716666666666666,-0.17550299506694858,-3.5411636715997172
2015-12-12,11.0,7.616666666666667,0.05972427766032424,3.3236090556730087
2015-12-14,16.0,7.466666666666666,0.932072762508809,7.601260570824526
2015-12-15,6.0,7.433333333333334,-0.6300484496124032,-0.8032848837209303
2015-12-16,1.0,7.4,-0.19519996476391824,-6.204800035236082
2015-12-17,3.0,7.3,-0.6917908738548274,-3.6082091261451725
2015-12-18,11.0,7.4,-0.7736090556730091,4.3736090556730085
2015-12-19,10.0,7.633333333333334,-0.001128435517970391,2.367795102184637
2015-12-21,5.0,7.733333333333333,-0.4356245595489781,-2.2977087737843553
2015-12-22,6.0,7.383333333333334,-0.19260130373502465,-1.190732029598309
2015-12-23,7.0,6.866666666666666,0.39848396758280474,-0.265150634249471
2015-12-24,3.0,6.6,-0.31663231148696264,-3.283367688513037
2015-12-26,11.0,6.633333333333333,0.502359936575053,3.8643067300916143
2015-12-28,8.0,6.583333333333333,0.32018939393939405,1.096477272727273
2015-12-29,3.0,6.383333333333333,-0.0026788231148695465,-3.3806545102184633
2015-12-30,6.0,6.35,0.024065362931642017,-0.37406536293164167
2015-12-31,8.0,6.283333333333334,-0.06663231148696266,1.7832989781536286
2016-01-02,2.0,6.066666666666666,0.37755373502466516,-4.444220401691331
2016-01-04,13.0,5.933333333333334,0.403910324171952,6.662756342494714
2016-01-05,6.0,5.933333333333334,0.12949171952078925,-0.06282505285412282
2016-01-06,3.0,5.949999999999999,-0.4011284355179704,-2.548871564482029
2016-01-07,7.0,6.0,0.04189482029598302,0.958105179704017
2016-01-08,9.0,5.949999999999999,-0.02477184637068358,3.0747718463706843
2016-01-09,6.0,5.95,-0.16004316420014106,0.21004316420014088
2016-01-11,0.0,6.050000000000001,0.30894908386187453,-6.358949083861876
2016-01-12,3.0,6.166666666666667,0.48017882311486965,-3.6468454897815366
2016-01-13,8.0,6.35,0.12336064129668783,1.5266393587033125
2016-01-14,6.0,6.383333333333333,0.40139094432699085,-0.7847242776603237
2016-01-15,5.0,6.25,-0.14065451021846376,-1.1093454897815362
2016-01-16,3.0,6.25,-0.2955787526427061,-2.9544212473572937
2016-01-18,5.0,6.333333333333333,-0.17550299506694858,-1.1578303382663844
2016-01-19,6.0,6.300000000000001,0.05972427766032424,-0.35972427766032494
2016-01-20,8.0,6.35,0.932072762508809,0.7179272374911914
2016-01-21,6.0,6.35,-0.6300484496124032,0.2800484496124036
2016-01-22,1.0,6.166666666666666,-0.19519996476391824,-4.971466701902748
2016-01-23,4.0,6.133333333333333,-0.6917908738548274,-1.4415424594785056
2016-01-25,13.0,6.2,-0.7736090556730091,7.573609055673009
2016-01-26,5.0,6.183333333333334,-0.001128435517970391,-1.1822048978153632
2016-01-27,10.0,6.366666666666666,-0.4356245595489781,4.068957892882312
2016-01-28,7.0,6.683333333333334,-0.19260130373502465,0.5092679704016911
2016-01-29,13.0,6.816666666666666,0.39848396758280474,5.784849365750529
2016-01-30,8.0,6.766666666666667,-0.31663231148696264,1.549965644820296
2016-02-01,8.0,6.683333333333334,0.502359936575053,0.8143067300916135
2016-02-02,3.0,6.699999999999999,0.32018939393939405,-4.020189393939393
2016-02-03,8.0,6.783333333333333,-0.0026788231148695465,1.2193454897815363
2016-02-04,6.0,6.866666666666667,0.024065362931642017,-0.8907320295983091
2016-02-05,6.0,6.866666666666666,-0.06663231148696266,-0.8000343551797036
2016-02-06,7.0,6.783333333333333,0.37755373502466516,-0.16088706835799838
2016-02-08,8.0,6.733333333333333,0.403910324171952,0.8627563424947147
2016-02-10,0.0,6.85,0.12949171952078925,-6.979491719520789
2016-02-11,7.0,7.049999999999999,-0.4011284355179704,0.35112843551797146
2016-02-12,7.0,6.966666666666667,0.04189482029598302,-0.008561486962649807
2016-02-13,8.0,6.833333333333334,-0.02477184637068358,1.1914385130373497
2016-02-15,18.0,6.75,-0.16004316420014106,11.410043164200141
2016-02-16,7.0,6.566666666666666,0.30894908386187453,0.12438424947145904
2016-02-17,4.0,6.383333333333333,0.48017882311486965,-2.8635121564482025
2016-02-18,4.0,6.366666666666666,0.12336064129668783,-2.490027307963354
2016-02-19,5.0,6.516666666666667,0.40139094432699085,-1.9180576109936576
2016-02-20,7.0,6.716666666666667,-0.14065451021846376,0.423987843551797
2016-02-22,6.0,6.95,-0.2955787526427061,-0.6544212473572941
2016-02-23,7.0,7.016666666666667,-0.17550299506694858,0.15883632840028197
2016-02-24,4.0,6.983333333333334,0.05972427766032424,-3.0430576109936585
2016-02-25,5.0,7.316666666666666,0.932072762508809,-3.248739429175475
2016-02-26,6.0,7.716666666666667,-0.6300484496124032,-1.0866182170542635
2016-02-27,8.0,7.833333333333332,-0.19519996476391824,0.36186663143058606
2016-02-29,9.0,7.883333333333335,-0.6917908738548274,1.8084575405214927
2016-03-01,3.0,7.949999999999999,-0.7736090556730091,-4.17639094432699
2016-03-02,7.0,7.916666666666666,-0.001128435517970391,-0.9155382311486957
2016-03-03,3.0,7.666666666666667,-0.4356245595489781,-4.2310421071176885
2016-03-04,3.0,7.566666666666666,-0.19260130373502465,-4.374065362931642
2016-03-05,6.0,7.716666666666667,0.39848396758280474,-2.1151506342494715
2016-03-07,14.0,7.95,-0.31663231148696264,6.3666323114869625
2016-03-08,11.0,8.1,0.502359936575053,2.3976400634249475
2016-03-09,12.0,8.066666666666666,0.32018939393939405,3.6131439393939395
2016-03-10,13.0,8.033333333333333,-0.0026788231148695465,4.969345489781536
2016-03-11,5.0,8.0,0.024065362931642017,-3.024065362931642
2016-03-12,5.0,8.033333333333333,-0.06663231148696266,-2.9667010218463705
2016-03-14,28.0,8.15,0.37755373502466516,19.472446264975336
2016-03-15,11.0,8.183333333333334,0.403910324171952,2.4127563424947143
2016-03-16,4.0,8.35,0.12949171952078925,-4.479491719520789
2016-03-17,6.0,8.433333333333334,-0.4011284355179704,-2.032204897815363
2016-03-18,12.0,8.416666666666668,0.04189482029598302,3.541438513037349
2016-03-19,1.0,8.483333333333334,-0.02477184637068358,-7.458561486962651
2016-03-21,10.0,8.55,-0.16004316420014106,1.6100431642001403
2016-03-22,9.0,8.633333333333333,0.30894908386187453,0.05771758280479261
2016-03-23,11.0,8.866666666666667,0.48017882311486965,1.6531545102184633
2016-03-24,11.0,8.85,0.12336064129668783,2.0266393587033127
2016-03-26,7.0,8.45,0.40139094432699085,-1.8513909443269903
2016-03-28,3.0,8.133333333333333,-0.14065451021846376,-4.992678823114869
2016-03-29,8.0,7.833333333333333,-0.2955787526427061,0.4622454193093731
2016-03-30,3.0,7.633333333333334,-0.17550299506694858,-4.457830338266385
2016-03-31,10.0,7.583333333333334,0.05972427766032424,2.356942389006342
2016-04-01,6.0,7.183333333333334,0.932072762508809,-2.1154060958421423
2016-04-02,7.0,6.716666666666667,-0.6300484496124032,0.9133817829457365
2016-04-04,17.0,6.7,-0.19519996476391824,10.49519996476392
2016-04-05,5.0,6.75,-0.6917908738548274,-1.0582091261451727
2016-04-06,6.0,6.716666666666667,-0.7736090556730091,0.0569423890063423
2016-04-07,8.0,6.699999999999999,-0.001128435517970391,1.301128435517971
2016-04-08,6.0,6.55,-0.4356245595489781,-0.11437544045102171
2016-04-09,5.0,6.366666666666667,-0.19260130373502465,-1.1740653629316424
2016-04-11,18.0,6.333333333333334,0.39848396758280474,11.26818269908386
2016-04-12,1.0,6.166666666666667,-0.31663231148696264,-4.850034355179704
2016-04-13,0.0,6.05,0.502359936575053,-6.552359936575053
2016-04-14,4.0,6.116666666666667,0.32018939393939405,-2.436856060606061
2016-04-15,3.0,6.083333333333334,-0.0026788231148695465,-3.0806545102184644
2016-04-16,3.0,6.1,0.024065362931642017,-3.1240653629316415
2016-04-18,4.0,6.183333333333333,-0.06663231148696266,-2.11670102184637
2016-04-19,5.0,6.550000000000001,0.37755373502466516,-1.9275537350246659
2016-04-20,6.0,6.866666666666667,0.403910324171952,-1.270576990838619
2016-04-22,8.0,6.683333333333334,0.12949171952078925,1.1871749471458772
2016-04-23,5.0,6.466666666666667,-0.4011284355179704,-1.0655382311486963
2016-04-25,11.0,6.333333333333333,0.04189482029598302,4.624771846370684
2016-04-26,1.0,6.183333333333334,-0.02477184637068358,-5.15856148696265
2016-04-27,1.0,6.083333333333334,-0.16004316420014106,-4.9232901691331925
2016-04-28,7.0,6.116666666666667,0.30894908386187453,0.5743842494714584
2016-04-29,11.0,5.949999999999999,0.48017882311486965,4.569821176885131
2016-04-30,1.0,5.733333333333333,0.12336064129668783,-4.856693974630021
2016-05-02,10.0,5.75,0.40139094432699085,3.848609055673009
2016-05-03,4.0,5.85,-0.14065451021846376,-1.7093454897815359
2016-05-04,5.0,5.95,-0.2955787526427061,-0.6544212473572941
2016-05-05,7.0,6.016666666666667,-0.17550299506694858,1.158836328400282
2016-05-06,11.0,6.049999999999999,0.05972427766032424,4.890275722339677
2016-05-07,27.0,6.0,0.932072762508809,20.06792723749119
2016-05-09,5.0,5.866666666666667,-0.6300484496124032,-0.2366182170542639
2016-05-10,8.0,5.666666666666667,-0.19519996476391824,2.5285332980972512
2016-05-11,1.0,5.5,-0.6917908738548274,-3.8082091261451727
2016-05-12,2.0,5.283333333333333,-0.7736090556730091,-2.5097242776603244
2016-05-13,3.0,5.166666666666666,-0.001128435517970391,-2.1655382311486955
2016-05-14,5.0,5.2,-0.4356245595489781,0.23562455954897793
2016-05-16,8.0,5.2,-0.19260130373502465,2.9926013037350243
2016-05-17,5.0,5.083333333333333,0.39848396758280474,-0.4818173009161378
2016-05-18,1.0,5.0,-0.31663231148696264,-3.6833676885130373
2016-05-19,1.0,5.066666666666666,0.502359936575053,-4.56902660324172
2016-05-20,9.0,5.066666666666666,0.32018939393939405,3.6131439393939395
2016-05-21,4.0,5.033333333333333,-0.0026788231148695465,-1.0306545102184637
2016-05-23,6.0,5.0,0.024065362931642017,0.975934637068358
2016-05-24,3.0,4.883333333333334,-0.06663231148696266,-1.816701021846371
2016-05-25,3.0,4.483333333333333,0.37755373502466516,-1.8608870683579986
2016-05-26,0.0,4.116666666666667,0.403910324171952,-4.520576990838619
2016-05-27,2.0,4.016666666666667,0.12949171952078925,-2.146158386187456
2016-05-28,1.0,3.9833333333333334,-0.4011284355179704,-2.582204897815363
2016-05-30,2.0,4.033333333333333,0.04189482029598302,-2.0752281536293165
2016-05-31,3.0,4.116666666666666,-0.02477184637068358,-1.0918948202959826
2016-06-01,1.0,4.083333333333334,-0.16004316420014106,-2.923290169133193
2016-06-02,7.0,3.966666666666667,0.30894908386187453,2.7243842494714587
2016-06-03,4.0,3.9000000000000004,0.48017882311486965,-0.38017882311487
2016-06-04,3.0,3.8833333333333337,0.12336064129668783,-1.0066939746300216
2016-06-06,12.0,3.916666666666666,0.40139094432699085,7.681942389006343
2016-06-07,2.0,3.8,-0.14065451021846376,-1.659345489781536
2016-06-08,5.0,3.6500000000000004,-0.2955787526427061,1.6455787526427057
2016-06-09,5.0,3.55,-0.17550299506694858,1.6255029950669488
2016-06-10,6.0,3.433333333333333,0.05972427766032424,2.5069423890063427
2016-06-11,8.0,3.3499999999999996,0.932072762508809,3.7179272374911916
2016-06-13,2.0,3.3833333333333333,-0.6300484496124032,-0.75328488372093
2016-06-14,5.0,3.4833333333333334,-0.19519996476391824,1.7118666314305848
2016-06-15,2.0,3.5166666666666666,-0.6917908738548274,-0.8248757928118392
2016-06-16,4.0,3.5666666666666664,-0.7736090556730091,1.2069423890063427
2016-06-17,6.0,3.6333333333333333,-0.001128435517970391,2.3677951021846373
2016-06-18,0.0,3.75,-0.4356245595489781,-3.314375440451022
2016-06-20,6.0,3.766666666666666,-0.19260130373502465,2.4259346370683583
2016-06-21,3.0,3.633333333333333,0.39848396758280474,-1.0318173009161375
2016-06-22,2.0,3.5999999999999996,-0.31663231148696264,-1.283367688513037
2016-06-23,2.0,3.4833333333333334,0.502359936575053,-1.9856932699083862
2016-06-25,1.0,3.3499999999999996,0.32018939393939405,-2.6701893939393937
2016-06-27,3.0,3.3,-0.0026788231148695465,-0.29732117688513027
2016-06-28,1.0,3.1833333333333336,0.024065362931642017,-2.2073986962649754
2016-06-29,1.0,3.033333333333333,-0.06663231148696266,-1.9667010218463705
2016-06-30,0.0,2.8166666666666664,0.37755373502466516,-3.1942204016913314
2016-07-01,5.0,2.7166666666666663,0.403910324171952,1.8794230091613817
2016-07-02,3.0,2.6999999999999997,0.12949171952078925,0.17050828047921102
2016-07-04,2.0,2.6999999999999997,-0.4011284355179704,-0.29887156448202934
2016-07-05,4.0,2.7,0.04189482029598302,1.2581051797040168
2016-07-06,5.0,2.5999999999999996,-0.02477184637068358,2.424771846370684
2016-07-07,6.0,2.6499999999999995,-0.16004316420014106,3.5100431642001415
2016-07-08,3.0,2.683333333333333,0.30894908386187453,0.0077175828047923445
2016-07-09,0.0,2.583333333333333,0.48017882311486965,-3.0635121564482026
2016-07-11,5.0,2.533333333333333,0.12336064129668783,2.343306025369979
2016-07-12,3.0,2.5,0.40139094432699085,0.09860905567300915
2016-07-13,3.0,2.5166666666666666,-0.14065451021846376,0.6239878435517971
2016-07-14,1.0,2.4833333333333334,-0.2955787526427061,-1.1877545806906273
2016-07-15,2.0,2.433333333333333,-0.17550299506694858,-0.2578303382663846
2016-07-16,0.0,2.4833333333333334,0.05972427766032424,-2.5430576109936576
2016-07-18,1.0,2.6166666666666667,0.932072762508809,-2.548739429175476
2016-07-19,3.0,2.6999999999999997,-0.6300484496124032,0.9300484496124035
2016-07-20,3.0,2.8333333333333335,-0.19519996476391824,0.36186663143058473
2016-07-21,4.0,2.933333333333333,-0.6917908738548274,1.7584575405214942
2016-07-22,2.0,2.8666666666666667,-0.7736090556730091,-0.09305761099365761
2016-07-23,2.0,2.85,-0.001128435517970391,-0.8488715644820297
2016-07-25,7.0,2.833333333333333,-0.4356245595489781,4.6022912262156455
2016-07-26,1.0,2.783333333333333,-0.19260130373502465,-1.5907320295983085
2016-07-27,2.0,2.816666666666667,0.39848396758280474,-1.2151506342494716
2016-07-28,0.0,2.833333333333333,-0.31663231148696264,-2.5167010218463703
2016-07-29,2.0,2.75,0.502359936575053,-1.2523599365750528
2016-07-30,2.0,2.666666666666667,0.32018939393939405,-0.986856060606061
2016-08-01,0.0,2.65,-0.0026788231148695465,-2.6473211768851304
2016-08-02,1.0,2.6333333333333337,0.024065362931642017,-1.6573986962649758
2016-08-04,4.0,2.65,-0.06663231148696266,1.4166323114869628
2016-08-05,5.0,2.8,0.37755373502466516,1.822446264975335
2016-08-06,5.0,2.85,0.403910324171952,1.746089675828048
2016-08-08,11.0,2.783333333333333,0.12949171952078925,8.087174947145877
2016-08-09,0.0,2.7,-0.4011284355179704,-2.2988715644820297
2016-08-10,2.0,2.5999999999999996,0.04189482029598302,-0.6418948202959827
2016-08-11,6.0,2.55,-0.02477184637068358,3.474771846370684
2016-08-12,4.0,2.416666666666667,-0.16004316420014106,1.743376497533474
2016-08-13,2.0,2.3333333333333335,0.30894908386187453,-0.642282417195208
2016-08-14,3.0,2.3666666666666667,0.48017882311486965,0.15315451021846366
2016-08-15,3.0,2.416666666666667,0.12336064129668783,0.4599726920366452
2016-08-16,0.0,2.45,0.40139094432699085,-2.851390944326991
2016-08-17,1.0,2.433333333333333,-0.14065451021846376,-1.2926788231148694
2016-08-18,2.0,2.466666666666667,-0.2955787526427061,-0.17108791402396067
2016-08-19,0.0,2.5,-0.17550299506694858,-2.3244970049330513
2016-08-20,3.0,2.45,0.05972427766032424,0.4902757223396756
2016-08-22,7.0,2.3666666666666663,0.932072762508809,3.701260570824525
2016-08-23,0.0,2.2666666666666666,-0.6300484496124032,-1.6366182170542634
2016-08-24,2.0,2.05,-0.19519996476391824,0.14519996476391842
2016-08-25,0.0,1.9,-0.6917908738548274,-1.2082091261451726
2016-08-26,0.0,1.9,-0.7736090556730091,-1.1263909443269908
2016-08-27,1.0,1.85,-0.001128435517970391,-0.8488715644820297
2016-08-28,0.0,1.7666666666666668,-0.4356245595489781,-1.3310421071176888
2016-08-29,3.0,1.7166666666666666,-0.19260130373502465,1.4759346370683581
2016-08-30,2.0,1.6666666666666665,0.39848396758280474,-0.06515063424947126
2016-08-31,3.0,1.6,-0.31663231148696264,1.7166323114869626
2016-09-01,1.0,1.6166666666666665,0.502359936575053,-1.1190266032417195
2016-09-02,2.0,1.6833333333333333,0.32018939393939405,-0.0035227272727273995
2016-09-03,2.0,1.6833333333333333,-0.0026788231148695465,0.3193454897815362
2016-09-05,1.0,1.7166666666666668,0.024065362931642017,-0.7407320295983087
2016-09-06,1.0,1.75,-0.06663231148696266,-0.6833676885130373
2016-09-08,3.0,1.7166666666666668,0.37755373502466516,0.905779598308668
2016-09-09,1.0,1.7166666666666666,0.403910324171952,-1.1205769908386185
2016-09-10,2.0,1.75,0.12949171952078925,0.12050828047921075
2016-09-12,0.0,1.7833333333333334,-0.4011284355179704,-1.3822048978153632
2016-09-13,2.0,1.8,0.04189482029598302,0.15810517970401694
2016-09-14,3.0,1.85,-0.02477184637068358,1.1747718463706835
2016-09-15,2.0,1.9333333333333333,-0.16004316420014106,0.2267098308668077
2016-09-16,1.0,1.9333333333333331,0.30894908386187453,-1.2422824171952076
2016-09-17,1.0,1.8833333333333333,0.48017882311486965,-1.363512156448203
2016-09-19,1.0,1.8333333333333333,0.12336064129668783,-0.9566939746300211
2016-09-20,3.0,1.8666666666666667,0.40139094432699085,0.7319423890063425
2016-09-21,2.0,1.9166666666666667,-0.14065451021846376,0.22398784355179702
2016-09-22,1.0,1.8666666666666667,-0.2955787526427061,-0.5710879140239606
2016-09-23,3.0,1.8333333333333333,-0.17550299506694858,1.3421696617336154
2016-09-24,2.0,1.8499999999999999,0.05972427766032424,0.0902757223396759
2016-09-26,6.0,1.8333333333333333,0.932072762508809,3.234593904157858
2016-09-27,1.0,1.7833333333333332,-0.6300484496124032,-0.15328488372092997
2016-09-28,3.0,1.75,-0.19519996476391824,1.4451999647639182
2016-09-29,1.0,1.7333333333333334,-0.6917908738548274,-0.04154245947850599
2016-09-30,0.0,1.7166666666666668,-0.7736090556730091,-0.9430576109936577
2016-10-01,4.0,1.6833333333333336,-0.001128435517970391,2.317795102184637
2016-10-03,2.0,1.6500000000000001,-0.4356245595489781,0.7856245595489779
2016-10-04,1.0,1.6333333333333333,-0.19260130373502465,-0.44073202959830865
2016-10-05,1.0,1.6333333333333333,0.39848396758280474,-1.031817300916138
2016-10-06,1.0,1.6166666666666667,-0.31663231148696264,-0.30003435517970406
2016-10-07,5.0,1.6,0.502359936575053,2.897640063424947
2016-10-08,1.0,1.5666666666666669,0.32018939393939405,-0.8868560606060609
2016-10-10,0.0,1.6166666666666667,-0.0026788231148695465,-1.6139878435517971
2016-10-11,1.0,1.6833333333333331,0.024065362931642017,-0.7073986962649751
2016-10-12,2.0,1.6833333333333331,-0.06663231148696266,0.38329897815362957
2016-10-13,1.0,1.6166666666666667,0.37755373502466516,-0.9942204016913319
2016-10-14,0.0,1.5333333333333332,0.403910324171952,-1.9372436575052852
2016-10-15,1.0,1.5333333333333332,0.12949171952078925,-0.6628250528541224
2016-10-18,0.0,1.55,-0.4011284355179704,-1.1488715644820298
2016-10-19,1.0,1.6,0.04189482029598302,-0.6418948202959831
2016-10-20,2.0,1.6,-0.02477184637068358,0.4247718463706835
2016-10-21,1.0,1.5833333333333335,-0.16004316420014106,-0.4232901691331924
2016-10-22,1.0,1.6333333333333333,0.30894908386187453,-0.9422824171952078
2016-10-24,1.0,1.7166666666666668,0.48017882311486965,-1.1968454897815364
2016-10-25,0.0,1.833333333333333,0.12336064129668783,-1.956693974630021
2016-10-26,3.0,1.9166666666666665,0.40139094432699085,0.6819423890063426
2016-10-27,0.0,1.9666666666666666,-0.14065451021846376,-1.8260121564482028
2016-10-28,6.0,2.0666666666666664,-0.2955787526427061,4.22891208597604
2016-10-29,2.0,2.15,-0.17550299506694858,0.02550299506694867
2016-10-31,3.0,2.166666666666667,0.05972427766032424,0.7736090556730087
2016-11-01,1.0,2.2,0.932072762508809,-2.132072762508809
2016-11-03,1.0,2.3333333333333335,-0.6300484496124032,-0.7032848837209302
2016-11-04,3.0,2.583333333333334,-0.19519996476391824,0.6118666314305843
2016-11-05,2.0,2.75,-0.6917908738548274,-0.058209126145172596
2016-11-07,2.0,2.783333333333333,-0.7736090556730091,-0.009724277660324132
2016-11-08,2.0,2.8166666666666664,-0.001128435517970391,-0.8155382311486961
2016-11-09,3.0,2.816666666666667,-0.4356245595489781,0.6189578928823112
2016-11-10,3.0,2.8499999999999996,-0.19260130373502465,0.342601303735025
2016-11-11,4.0,2.9166666666666665,0.39848396758280474,0.6848493657505288
2016-11-12,5.0,2.9333333333333336,-0.31663231148696264,2.383298978153629
2016-11-14,6.0,2.9333333333333336,0.502359936575053,2.5643067300916136
2016-11-16,3.0,2.966666666666667,0.32018939393939405,-0.28685606060606084
2016-11-17,4.0,2.966666666666667,-0.0026788231148695465,1.0360121564482028
2016-11-18,2.0,2.916666666666667,0.024065362931642017,-0.9407320295983089
2016-11-19,2.0,2.9,-0.06663231148696266,-0.8333676885130372
2016-11-21,3.0,2.95,0.37755373502466516,-0.32755373502466534
2016-11-22,6.0,3.0166666666666666,0.403910324171952,2.5794230091613812
2016-11-23,10.0,3.083333333333333,0.12949171952078925,6.7871749471458775
2016-11-24,1.0,3.1500000000000004,-0.4011284355179704,-1.7488715644820299
2016-11-25,2.0,3.1333333333333333,0.04189482029598302,-1.1752281536293163
2016-11-26,3.0,3.0666666666666664,-0.02477184637068358,-0.04189482029598285
2016-11-27,0.0,3.033333333333333,-0.16004316420014106,-2.8732901691331922
2016-11-28,4.0,2.9833333333333334,0.30894908386187453,0.7077175828047921
2016-11-29,2.0,2.916666666666667,0.48017882311486965,-1.3968454897815366
2016-11-30,0.0,2.8333333333333335,0.12336064129668783,-2.956693974630021
2016-12-01,3.0,2.783333333333333,0.40139094432699085,-0.18472427766032407
2016-12-02,2.0,2.833333333333333,-0.14065451021846376,-0.6926788231148693
2016-12-03,4.0,2.8166666666666664,-0.2955787526427061,1.4789120859760396
2016-12-04,1.0,2.8,-0.17550299506694858,-1.6244970049330512
2016-12-05,3.0,2.8333333333333335,0.05972427766032424,0.10694238900634229
2016-12-06,4.0,2.85,0.932072762508809,0.21792723749119092
2016-12-07,2.0,2.833333333333333,-0.6300484496124032,-0.2032848837209298
2016-12-08,6.0,2.6833333333333336,-0.19519996476391824,3.5118666314305846
2016-12-09,3.0,2.616666666666667,-0.6917908738548274,1.0751242071881602
2016-12-10,0.0,2.7,-0.7736090556730091,-1.926390944326991
2016-12-11,0.0,2.7333333333333334,-0.001128435517970391,-2.732204897815363
2016-12-12,3.0,2.7333333333333334,-0.4356245595489781,0.7022912262156447
2016-12-13,0.0,2.716666666666667,-0.19260130373502465,-2.5240653629316423
2016-12-14,3.0,2.7333333333333334,0.39848396758280474,-0.13181730091613814
2016-12-15,1.0,2.85,-0.31663231148696264,-1.5333676885130374
2016-12-16,7.0,2.9,0.502359936575053,3.597640063424947
2016-12-17,5.0,2.8333333333333335,0.32018939393939405,1.8464772727272725
2016-12-18,1.0,2.7833333333333337,-0.0026788231148695465,-1.780654510218464
2016-12-19,4.0,2.8166666666666664,0.024065362931642017,1.1592679704016915
2016-12-20,2.0,2.833333333333333,-0.06663231148696266,-0.7667010218463703
2016-12-21,4.0,2.8,0.37755373502466516,0.822446264975335
2016-12-22,4.0,2.8000000000000003,0.403910324171952,0.7960896758280478
2016-12-23,3.0,2.7333333333333334,0.12949171952078925,0.13717494714587736
2016-12-24,4.0,2.6666666666666665,-0.4011284355179704,1.734461768851304
2016-12-26,4.0,2.6666666666666665,0.04189482029598302,1.2914385130373505
2016-12-27,3.0,2.716666666666667,-0.02477184637068358,0.3081051797040168
2016-12-28,0.0,2.7333333333333334,-0.16004316420014106,-2.5732901691331924
2016-12-29,3.0,2.7333333333333334,0.30894908386187453,-0.04228241719520792
2016-12-30,4.0,2.7333333333333334,0.48017882311486965,0.786487843551797
2016-12-31,5.0,2.683333333333333,0.12336064129668783,2.193306025369979
2017-01-02,1.0,2.5999999999999996,0.40139094432699085,-2.0013909443269906
2017-01-03,0.0,2.45,-0.14065451021846376,-2.3093454897815366
2017-01-04,3.0,2.3833333333333337,-0.2955787526427061,0.9122454193093723
2017-01-05,4.0,2.3666666666666667,-0.17550299506694858,1.808836328400282
2017-01-06,1.0,2.3499999999999996,0.05972427766032424,-1.4097242776603238
2017-01-07,4.0,2.35,0.932072762508809,0.7179272374911909
2017-01-09,2.0,2.3499999999999996,-0.6300484496124032,0.2800484496124036
2017-01-10,2.0,2.3499999999999996,-0.19519996476391824,-0.1548000352360814
2017-01-11,3.0,2.3,-0.6917908738548274,1.3917908738548275
2017-01-12,0.0,2.25,-0.7736090556730091,-1.476390944326991
2017-01-13,3.0,2.1833333333333336,-0.001128435517970391,0.8177951021846368
2017-01-14,1.0,2.2,-0.4356245595489781,-0.7643754404510221
2017-01-16,2.0,2.2333333333333334,-0.19260130373502465,-0.04073202959830874
2017-01-17,1.0,2.15,0.39848396758280474,-1.5484839675828046
2017-01-18,0.0,2.033333333333333,-0.31663231148696264,-1.7167010218463705
2017-01-19,3.0,2.0,0.502359936575053,0.49764006342494704
2017-01-20,0.0,2.0666666666666664,0.32018939393939405,-2.3868560606060605
2017-01-21,2.0,2.0666666666666664,-0.0026788231148695465,-0.06398784355179689
2017-01-23,2.0,2.0166666666666666,0.024065362931642017,-0.04073202959830863
2017-01-24,3.0,2.0166666666666666,-0.06663231148696266,1.049965644820296
2017-01-25,3.0,2.0166666666666666,0.37755373502466516,0.6057795983086682
2017-01-26,5.0,1.9666666666666668,0.403910324171952,2.629423009161381
2017-01-27,2.0,1.9166666666666665,0.12949171952078925,-0.04615838618745577
2017-01-28,2.0,1.8833333333333333,-0.4011284355179704,0.5177951021846371
2017-01-30,3.0,1.9,0.04189482029598302,1.058105179704017
2017-01-31,0.0,1.9333333333333333,-0.02477184637068358,-1.9085614869626497
2017-02-01,4.0,1.9666666666666668,-0.16004316420014106,2.193376497533474
2017-02-02,1.0,2.0166666666666666,0.30894908386187453,-1.325615750528541
2017-02-03,1.0,2.033333333333333,0.48017882311486965,-1.5135121564482028
2017-02-04,1.0,2.0833333333333335,0.12336064129668783,-1.2066939746300214
2017-02-06,3.0,2.1500000000000004,0.40139094432699085,0.4486090556730088
2017-02-07,2.0,2.1833333333333336,-0.14065451021846376,-0.04267882311486981
2017-02-08,1.0,2.1833333333333336,-0.2955787526427061,-0.8877545806906275
2017-02-09,3.0,2.1500000000000004,-0.17550299506694858,1.0255029950669483
2017-02-10,2.0,2.1833333333333336,0.05972427766032424,-0.2430576109936578
2017-02-11,3.0,2.25,0.932072762508809,-0.182072762508809
2017-02-13,0.0,2.2666666666666666,-0.6300484496124032,-1.6366182170542634
2017-02-14,1.0,2.25,-0.19519996476391824,-1.0548000352360818
2017-02-15,2.0,2.2333333333333334,-0.6917908738548274,0.458457540521494
2017-02-16,2.0,2.183333333333333,-0.7736090556730091,0.590275722339676
2017-02-17,3.0,2.1666666666666665,-0.001128435517970391,0.8344617688513039
2017-02-18,3.0,2.15,-0.4356245595489781,1.2856245595489781
2017-02-20,3.0,2.1333333333333333,-0.19260130373502465,1.0592679704016914
2017-02-21,1.0,2.1833333333333336,0.39848396758280474,-1.5818173009161383
2017-02-22,3.0,2.2,-0.31663231148696264,1.1166323114869625
2017-02-23,4.0,2.1833333333333336,0.502359936575053,1.3143067300916136
2017-02-24,1.0,2.1333333333333337,0.32018939393939405,-1.4535227272727278
2017-02-25,1.0,2.1,-0.0026788231148695465,-1.0973211768851305
2017-03-01,1.0,2.05,0.024065362931642017,-1.074065362931642
2017-03-02,6.0,2.0,-0.06663231148696266,4.066632311486963
2017-03-03,4.0,1.9500000000000002,0.37755373502466516,1.6724462649753347
2017-03-04,5.0,1.9000000000000004,0.403910324171952,2.6960896758280475
2017-03-06,1.0,1.9,0.12949171952078925,-1.029491719520789
2017-03-07,2.0,1.8666666666666667,-0.4011284355179704,0.5344617688513037
2017-03-08,0.0,1.8000000000000003,0.04189482029598302,-1.8418948202959833
2017-03-09,2.0,1.8,-0.02477184637068358,0.22477184637068354
2017-03-10,1.0,1.8000000000000003,-0.16004316420014106,-0.6399568357998592
2017-03-11,3.0,1.7166666666666668,0.30894908386187453,0.9743842494714587
2017-03-13,2.0,1.7666666666666666,0.48017882311486965,-0.24684548978153625
2017-03-14,1.0,1.8166666666666667,0.12336064129668783,-0.9400273079633545
2017-03-15,2.0,1.8,0.40139094432699085,-0.2013909443269909
2017-03-16,0.0,1.8333333333333333,-0.14065451021846376,-1.6926788231148695
2017-03-17,1.0,1.8666666666666667,-0.2955787526427061,-0.5710879140239606
2017-03-18,0.0,1.8833333333333333,-0.17550299506694858,-1.7078303382663846
2017-03-20,2.0,1.8,0.05972427766032424,0.14027572233967572
2017-03-21,0.0,1.6666666666666667,0.932072762508809,-2.5987394291754757
2017-03-22,0.0,1.5666666666666667,-0.6300484496124032,-0.9366182170542634
2017-03-23,1.0,1.55,-0.19519996476391824,-0.35480003523608183
2017-03-24,0.0,1.5333333333333332,-0.6917908738548274,-0.8415424594785058
2017-03-25,0.0,1.5,-0.7736090556730091,-0.7263909443269909
2017-03-27,5.0,1.4666666666666668,-0.001128435517970391,3.534461768851304
2017-03-28,1.0,1.4166666666666665,-0.4356245595489781,0.01895789288231159
2017-03-29,0.0,1.3833333333333333,-0.19260130373502465,-1.1907320295983086
2017-03-30,7.0,1.35,0.39848396758280474,5.251516032417196
2017-03-31,0.0,1.35,-0.31663231148696264,-1.0333676885130374
2017-04-01,6.0,1.3333333333333335,0.502359936575053,4.164306730091613
2017-04-03,1.0,1.2999999999999998,0.32018939393939405,-0.6201893939393939
2017-04-04,3.0,1.3333333333333335,-0.0026788231148695465,1.669345489781536
2017-04-05,0.0,1.4000000000000001,0.024065362931642017,-1.4240653629316422
2017-04-06,2.0,1.4,-0.06663231148696266,0.6666323114869628
2017-04-07,0.0,1.3666666666666667,0.37755373502466516,-1.7442204016913319
2017-04-08,3.0,1.3666666666666667,0.403910324171952,1.2294230091613814
2017-04-10,2.0,1.35,0.12949171952078925,0.5205082804792107
2017-04-11,0.0,1.3333333333333335,-0.4011284355179704,-0.9322048978153631
2017-04-12,0.0,1.35,0.04189482029598302,-1.391894820295983
2017-04-13,0.0,1.3,-0.02477184637068358,-1.2752281536293164
2017-04-15,0.0,1.2666666666666666,-0.16004316420014106,-1.1066235024665256
2017-04-17,2.0,1.3,0.30894908386187453,0.3910509161381254
2017-04-18,1.0,1.2333333333333334,0.48017882311486965,-0.713512156448203
2017-04-19,2.0,1.25,0.12336064129668783,0.6266393587033121
2017-04-20,0.0,1.2666666666666666,0.40139094432699085,-1.6680576109936576
2017-04-22,0.0,1.2166666666666668,-0.14065451021846376,-1.076012156448203
2017-04-24,3.0,1.2333333333333332,-0.2955787526427061,2.062245419309373
2017-04-25,2.0,1.25,-0.17550299506694858,0.9255029950669486
2017-04-26,0.0,1.2333333333333334,0.05972427766032424,-1.2930576109936576
2017-04-27,0.0,1.2,0.932072762508809,-2.132072762508809
2017-04-28,0.0,1.1833333333333331,-0.6300484496124032,-0.5532848837209299
2017-04-29,0.0,1.1333333333333333,-0.19519996476391824,-0.9381333685694151
2017-05-02,0.0,1.1333333333333333,-0.6917908738548274,-0.4415424594785059
2017-05-03,1.0,1.1833333333333333,-0.7736090556730091,0.5902757223396757
2017-05-04,1.0,1.2333333333333334,-0.001128435517970391,-0.232204897815363
2017-05-05,3.0,1.3166666666666667,-0.4356245595489781,2.1189578928823116
2017-05-06,0.0,1.3666666666666667,-0.19260130373502465,-1.174065362931642
2017-05-08,3.0,1.35,0.39848396758280474,1.2515160324171952
2017-05-09,5.0,1.3333333333333335,-0.31663231148696264,3.983298978153629
2017-05-10,2.0,1.3666666666666667,0.502359936575053,0.13097339675828035
2017-05-11,2.0,1.4666666666666668,0.32018939393939405,0.21314393939393916
2017-05-12,3.0,1.5,-0.0026788231148695465,1.5026788231148696
2017-05-13,1.0,1.4833333333333334,0.024065362931642017,-0.5073986962649754
2017-05-15,0.0,1.5333333333333334,-0.06663231148696266,-1.4667010218463707
2017-05-16,0.0,1.5666666666666667,0.37755373502466516,-1.9442204016913318
2017-05-17,2.0,1.5666666666666669,0.403910324171952,0.02942300916138113
2017-05-18,0.0,1.5833333333333333,0.12949171952078925,-1.7128250528541225
2017-05-19,2.0,1.6166666666666667,-0.4011284355179704,0.7844617688513037
2017-05-20,1.0,1.6666666666666667,0.04189482029598302,-0.7085614869626498
2017-05-22,2.0,1.7,-0.02477184637068358,0.3247718463706836
2017-05-23,3.0,1.6666666666666665,-0.16004316420014106,1.4933764975334745
2017-05-24,2.0,1.7166666666666666,0.30894908386187453,-0.025615750528541092
2017-05-25,0.0,1.7666666666666666,0.48017882311486965,-2.246845489781536
2017-05-26,2.0,1.6666666666666665,0.12336064129668783,0.20997269203664565
2017-05-27,2.0,1.6,0.40139094432699085,-0.0013909443269909394
2017-05-29,4.0,1.5666666666666667,-0.14065451021846376,2.573987843551797
2017-05-30,1.0,1.4833333333333334,-0.2955787526427061,-0.18775458069062728
2017-05-31,3.0,1.4333333333333336,-0.17550299506694858,1.742169661733615
2017-06-01,2.0,1.5,0.05972427766032424,0.44027572233967577
2017-06-02,0.0,1.6166666666666667,0.932072762508809,-2.548739429175476
2017-06-03,0.0,1.666666666666667,-0.6300484496124032,-1.0366182170542637
2017-06-05,1.0,1.6833333333333333,-0.19519996476391824,-0.48813336856941514
2017-06-06,1.0,1.75,-0.6917908738548274,-0.058209126145172596
2017-06-07,3.0,1.8166666666666667,-0.7736090556730091,1.9569423890063424
2017-06-08,1.0,1.8,-0.001128435517970391,-0.7988715644820297
2017-06-09,1.0,1.7166666666666666,-0.4356245595489781,-0.28104210711768846
2017-06-10,5.0,1.6333333333333333,-0.19260130373502465,3.559267970401691
2017-06-12,1.0,1.6,0.39848396758280474,-0.9984839675828048
2017-06-13,1.0,1.5666666666666667,-0.31663231148696264,-0.250034355179704
2017-06-14,2.0,1.55,0.502359936575053,-0.052359936575053
2017-06-16,0.0,1.5166666666666666,0.32018939393939405,-1.8368560606060607
2017-06-17,0.0,1.5333333333333332,-0.0026788231148695465,-1.5306545102184637
2017-06-19,1.0,1.5666666666666667,0.024065362931642017,-0.5907320295983086
2017-06-20,4.0,1.55,-0.06663231148696266,2.516632311486963
2017-06-21,3.0,1.5666666666666667,0.37755373502466516,1.0557795983086682
2017-06-22,2.0,1.5833333333333333,0.403910324171952,0.012756342494714745
2017-06-23,1.0,1.5833333333333333,0.12949171952078925,-0.7128250528541225
2017-06-26,5.0,1.5666666666666664,-0.4011284355179704,3.834461768851304
2017-06-27,2.0,1.5166666666666666,0.04189482029598302,0.4414385130373504
2017-06-28,0.0,1.4833333333333334,-0.02477184637068358,-1.4585614869626498
2017-06-29,0.0,1.5166666666666666,-0.16004316420014106,-1.3566235024665256
2017-06-30,0.0,1.45,0.30894908386187453,-1.7589490838618744
2017-07-01,0.0,1.3666666666666667,0.48017882311486965,-1.8468454897815363
2017-07-03,0.0,1.35,0.12336064129668783,-1.473360641296688
2017-07-04,3.0,1.3,0.40139094432699085,1.2986090556730092
2017-07-05,1.0,1.2833333333333334,-0.14065451021846376,-0.14267882311486968
2017-07-06,5.0,1.3,-0.2955787526427061,3.9955787526427065
2017-07-07,1.0,1.2833333333333332,-0.17550299506694858,-0.10783033826638463
2017-07-08,3.0,1.2000000000000002,0.05972427766032424,1.7402757223396756
2017-07-10,0.0,1.0833333333333333,0.932072762508809,-2.0154060958421423
2017-07-11,1.0,1.0,-0.6300484496124032,0.6300484496124032
2017-07-12,0.0,0.95,-0.19519996476391824,-0.7548000352360817
2017-07-13,1.0,0.8666666666666666,-0.6917908738548274,0.8251242071881608
2017-07-14,0.0,0.8,-0.7736090556730091,-0.02639094432699096
2017-07-15,2.0,0.8,-0.001128435517970391,1.2011284355179703
2017-07-17,2.0,0.8166666666666667,-0.4356245595489781,1.6189578928823114
2017-07-18,0.0,0.8500000000000001,-0.19260130373502465,-0.6573986962649754
2017-07-19,1.0,0.8666666666666667,0.39848396758280474,-0.26515063424947144
2017-07-20,0.0,0.8666666666666667,-0.31663231148696264,-0.550034355179704
2017-07-21,0.0,0.8166666666666667,0.502359936575053,-1.3190266032417197
2017-07-22,1.0,0.75,0.32018939393939405,-0.07018939393939405
2017-07-24,0.0,0.65,-0.0026788231148695465,-0.6473211768851305
2017-07-25,0.0,0.6166666666666667,0.024065362931642017,-0.6407320295983087
2017-07-26,0.0,0.6166666666666667,-0.06663231148696266,-0.550034355179704
2017-07-27,0.0,0.5666666666666667,0.37755373502466516,-0.9442204016913318
2017-07-28,0.0,0.55,0.403910324171952,-0.953910324171952
2017-07-29,0.0,0.5333333333333333,0.12949171952078925,-0.6628250528541226
2017-07-31,1.0,0.5333333333333333,-0.4011284355179704,0.8677951021846371
2017-08-01,2.0,0.5333333333333333,0.04189482029598302,1.4247718463706838
2017-08-02,0.0,0.5,-0.02477184637068358,-0.4752281536293164
2017-08-03,1.0,0.45,-0.16004316420014106,0.7100431642001411
2017-08-04,1.0,0.43333333333333335,0.30894908386187453,0.2577175828047921
2017-08-05,0.0,0.4166666666666667,0.48017882311486965,-0.8968454897815363
2017-08-07,0.0,0.44999999999999996,0.12336064129668783,-0.5733606412966878
2017-08-08,0.0,0.5,0.40139094432699085,-0.9013909443269909
2017-08-09,0.0,0.4833333333333333,-0.14065451021846376,-0.3426788231148695
2017-08-10,0.0,0.4666666666666667,-0.2955787526427061,-0.17108791402396056
2017-08-11,4.0,0.5,-0.17550299506694858,3.6755029950669487
2017-08-12,0.0,0.5333333333333333,0.05972427766032424,-0.5930576109936576
2017-08-14,0.0,0.5333333333333333,0.932072762508809,-1.4654060958421424
2017-08-15,0.0,0.55,-0.6300484496124032,0.0800484496124032
2017-08-16,0.0,0.5666666666666667,-0.19519996476391824,-0.37146670190274844
2017-08-17,1.0,0.55,-0.6917908738548274,1.1417908738548275
2017-08-18,0.0,0.5166666666666667,-0.7736090556730091,0.25694238900634236
2017-08-19,0.0,0.5,-0.001128435517970391,-0.49887156448202963
2017-08-21,1.0,0.4833333333333334,-0.4356245595489781,0.9522912262156447
2017-08-22,0.0,0.48333333333333334,-0.19260130373502465,-0.2907320295983087
2017-08-23,0.0,0.5,0.39848396758280474,-0.8984839675828047
2017-08-24,3.0,0.5333333333333333,-0.31663231148696264,2.7832989781536295
2017-08-25,0.0,0.5666666666666667,0.502359936575053,-1.0690266032417197
2017-08-26,0.0,0.5833333333333334,0.32018939393939405,-0.9035227272727274
2017-08-28,0.0,0.6000000000000001,-0.0026788231148695465,-0.5973211768851305
2017-08-29,2.0,0.5333333333333334,0.024065362931642017,1.4426013037350245
2017-08-30,0.0,0.46666666666666673,-0.06663231148696266,-0.4000343551797041
2017-08-31,0.0,0.4833333333333334,0.37755373502466516,-0.8608870683579986
2017-09-01,1.0,0.5,0.403910324171952,0.096089675828048
2017-09-02,0.0,0.5166666666666666,0.12949171952078925,-0.6461583861874558
2017-09-04,0.0,0.5166666666666667,-0.4011284355179704,-0.11553823114869632
2017-09-05,1.0,0.5,0.04189482029598302,0.458105179704017
2017-09-06,0.0,0.5166666666666667,-0.02477184637068358,-0.49189482029598314
2017-09-08,0.0,0.55,-0.16004316420014106,-0.38995683579985896
2017-09-09,2.0,0.5833333333333333,0.30894908386187453,1.1077175828047923
2017-09-11,0.0,0.6000000000000001,0.48017882311486965,-1.0801788231148697
2017-09-12,2.0,0.55,0.12336064129668783,1.326639358703312
2017-09-13,0.0,0.5166666666666666,0.40139094432699085,-0.9180576109936575
2017-09-14,1.0,0.5333333333333333,-0.14065451021846376,0.6073211768851304
2017-09-15,0.0,0.5333333333333334,-0.2955787526427061,-0.23775458069062733
2017-09-16,0.0,0.5333333333333334,-0.17550299506694858,-0.3578303382663849
2017-09-18,0.0,0.5333333333333333,0.05972427766032424,-0.5930576109936576
2017-09-19,1.0,0.5333333333333333,0.932072762508809,-0.4654060958421423
2017-09-20,0.0,0.5166666666666666,-0.6300484496124032,0.11338178294573664
2017-09-21,1.0,0.5,-0.19519996476391824,0.6951999647639182
2017-09-22,0.0,0.5,-0.6917908738548274,0.1917908738548274
2017-09-23,0.0,0.5,-0.7736090556730091,0.2736090556730091
2017-09-25,1.0,0.5,-0.001128435517970391,0.5011284355179704
2017-09-26,2.0,0.5,-0.4356245595489781,1.935624559548978
2017-09-27,1.0,0.48333333333333334,-0.19260130373502465,0.7092679704016913
2017-09-28,0.0,0.4666666666666667,0.39848396758280474,-0.8651506342494715
2017-09-29,0.0,0.43333333333333335,-0.31663231148696264,-0.11670102184637071
2017-09-30,1.0,0.4,0.502359936575053,0.09764006342494702
2017-10-02,0.0,0.38333333333333336,0.32018939393939405,-0.7035227272727274
2017-10-03,0.0,0.3666666666666667,-0.0026788231148695465,-0.36398784355179714
2017-10-04,2.0,0.38333333333333336,0.024065362931642017,1.5926013037350246
2017-10-05,0.0,0.4,-0.06663231148696266,-0.33336768851303733
2017-10-06,0.0,0.38333333333333336,0.37755373502466516,-0.7608870683579985
2017-10-07,0.0,0.3666666666666667,0.403910324171952,-0.7705769908386186
2017-10-09,0.0,0.35,0.12949171952078925,-0.47949171952078923
2017-10-10,0.0,0.35,-0.4011284355179704,0.051128435517970416
2017-10-11,1.0,0.3666666666666667,0.04189482029598302,0.5914385130373503
2017-10-12,0.0,0.35,-0.02477184637068358,-0.3252281536293164
2017-10-13,0.0,0.30000000000000004,-0.16004316420014106,-0.139956835799859
2017-10-14,1.0,0.30000000000000004,0.30894908386187453,0.3910509161381254
2017-10-17,0.0,0.33333333333333337,0.48017882311486965,-0.8135121564482031
2017-10-18,0.0,0.3333333333333333,0.12336064129668783,-0.45669397463002115
2017-10-19,0.0,0.31666666666666665,0.40139094432699085,-0.7180576109936575
2017-10-20,0.0,0.31666666666666665,-0.14065451021846376,-0.1760121564482029
2017-10-21,0.0,0.35,-0.2955787526427061,-0.05442124735729387
2017-10-23,1.0,0.35,-0.17550299506694858,0.8255029950669486
2017-10-24,0.0,0.33333333333333337,0.05972427766032424,-0.3930576109936576
2017-10-25,0.0,0.33333333333333337,0.932072762508809,-1.2654060958421423
2017-10-26,0.0,0.35000000000000003,-0.6300484496124032,0.2800484496124032
2017-10-27,0.0,0.3833333333333334,-0.19519996476391824,-0.18813336856941518
2017-10-28,1.0,0.45,-0.6917908738548274,1.2417908738548276
2017-10-30,0.0,0.48333333333333334,-0.7736090556730091,0.29027572233967575
2017-10-31,0.0,0.5,-0.001128435517970391,-0.49887156448202963
2017-11-01,0.0,0.55,-0.4356245595489781,-0.11437544045102194
2017-11-03,3.0,0.5833333333333333,-0.19260130373502465,2.6092679704016914
2017-11-04,0.0,0.65,0.39848396758280474,-1.0484839675828048
2017-11-06,0.0,0.8,-0.31663231148696264,-0.4833676885130374
2017-11-07,0.0,0.9166666666666666,0.502359936575053,-1.4190266032417196
2017-11-08,1.0,0.9833333333333333,0.32018939393939405,-0.30352272727272733
2017-11-09,1.0,1.0333333333333332,-0.0026788231148695465,-0.030654510218463667
2017-11-10,1.0,1.0166666666666666,0.024065362931642017,-0.04073202959830863
2017-11-11,0.0,1.0166666666666666,-0.06663231148696266,-0.9500343551797039
2017-11-13,0.0,1.05,0.37755373502466516,-1.4275537350246652
2017-11-14,1.0,1.0666666666666667,0.403910324171952,-0.47057699083861865
2017-11-16,1.0,1.0666666666666667,0.12949171952078925,-0.1961583861874559
2017-11-17,3.0,1.05,-0.4011284355179704,2.3511284355179702
2017-11-18,0.0,1.0333333333333334,0.04189482029598302,-1.0752281536293165
2017-11-20,2.0,1.0333333333333334,-0.02477184637068358,0.9914385130373502
2017-11-21,1.0,1.0333333333333334,-0.16004316420014106,0.12670983086680762
2017-11-22,2.0,1.0,0.30894908386187453,0.6910509161381255
2017-11-23,3.0,0.9666666666666668,0.48017882311486965,1.5531545102184636
2017-11-24,6.0,0.9666666666666667,0.12336064129668783,4.9099726920366455
2017-11-25,1.0,0.9666666666666667,0.40139094432699085,-0.3680576109936575
2017-11-27,3.0,0.9666666666666667,-0.14065451021846376,2.1739878435517968
2017-11-28,0.0,0.9500000000000001,-0.2955787526427061,-0.6544212473572939
2017-11-29,0.0,0.9333333333333335,-0.17550299506694858,-0.7578303382663849
2017-11-30,1.0,0.9333333333333333,0.05972427766032424,0.006942389006342413
2017-12-01,1.0,0.9500000000000001,0.932072762508809,-0.8820727625088091
2017-12-02,0.0,0.95,-0.6300484496124032,-0.3199515503875967
2017-12-04,0.0,0.9166666666666667,-0.19519996476391824,-0.7214667019027485
2017-12-05,0.0,0.85,-0.6917908738548274,-0.15820912614517257
2017-12-06,0.0,0.8,-0.7736090556730091,-0.02639094432699096
2017-12-07,0.0,0.7833333333333333,-0.001128435517970391,-0.782204897815363
2017-12-08,0.0,0.75,-0.4356245595489781,-0.3143754404510219
2017-12-09,1.0,0.7000000000000001,-0.19260130373502465,0.4926013037350246
2017-12-11,0.0,0.6166666666666667,0.39848396758280474,-1.0151506342494714
2017-12-12,0.0,0.55,-0.31663231148696264,-0.2333676885130374
2017-12-13,0.0,0.5166666666666666,0.502359936575053,-1.0190266032417195
2017-12-14,1.0,0.5,0.32018939393939405,0.17981060606060595
2017-12-15,0.0,0.5666666666666667,-0.0026788231148695465,-0.5639878435517971
2017-12-16,1.0,0.65,0.024065362931642017,0.32593463706835796
2017-12-17,0.0,0.6833333333333333,-0.06663231148696266,-0.6167010218463707
2017-12-18,1.0,0.7,0.37755373502466516,-0.07755373502466512
2017-12-19,0.0,0.7166666666666667,0.403910324171952,-1.1205769908386187
2017-12-20,0.0,0.7333333333333334,0.12949171952078925,-0.8628250528541226
2017-12-21,0.0,0.75,-0.4011284355179704,-0.3488715644820296
2017-12-22,0.0,0.7666666666666667,0.04189482029598302,-0.8085614869626497
2017-12-23,1.0,0.7833333333333332,-0.02477184637068358,0.24143851303735037
2017-12-26,0.0,0.8166666666666667,-0.16004316420014106,-0.6566235024665256
2017-12-27,0.0,0.8166666666666667,0.30894908386187453,-1.1256157505285411
2017-12-28,0.0,0.8333333333333334,0.48017882311486965,-1.313512156448203
2017-12-29,5.0,0.8666666666666667,0.12336064129668783,4.009972692036645
2017-12-30,0.0,0.8666666666666667,0.40139094432699085,-1.2680576109936577
2018-01-02,3.0,0.8666666666666666,-0.14065451021846376,2.2739878435517973
2018-01-03,4.0,0.9166666666666667,-0.2955787526427061,3.3789120859760393
2018-01-04,1.0,0.9833333333333334,-0.17550299506694858,0.1921696617336152
2018-01-05,2.0,1.0166666666666666,0.05972427766032424,0.9236090556730091
2018-01-06,1.0,1.0333333333333332,0.932072762508809,-0.9654060958421422
2018-01-08,1.0,1.0333333333333332,-0.6300484496124032,0.59671511627907
2018-01-09,0.0,1.05,-0.19519996476391824,-0.8548000352360818
2018-01-10,1.0,1.0666666666666669,-0.6917908738548274,0.6251242071881605
2018-01-11,0.0,1.0833333333333333,-0.7736090556730091,-0.3097242776603242
2018-01-12,1.0,1.1500000000000001,-0.001128435517970391,-0.14887156448202973
2018-01-13,1.0,1.2,-0.4356245595489781,0.23562455954897815
2018-01-15,0.0,1.25,-0.19260130373502465,-1.0573986962649753
2018-01-16,2.0,1.2999999999999998,0.39848396758280474,0.30151603241719543
2018-01-17,0.0,1.2333333333333334,-0.31663231148696264,-0.9167010218463707
2018-01-18,0.0,1.2166666666666668,0.502359936575053,-1.7190266032417196
2018-01-19,1.0,1.25,0.32018939393939405,-0.570189393939394
2018-01-20,3.0,1.2000000000000002,-0.0026788231148695465,1.8026788231148694
2018-01-22,2.0,1.1833333333333333,0.024065362931642017,0.7926013037350247
2018-01-23,1.0,1.2000000000000002,-0.06663231148696266,-0.1333676885130375
2018-01-24,1.0,1.2166666666666668,0.37755373502466516,-0.594220401691332
2018-01-25,0.0,1.2166666666666668,0.403910324171952,-1.6205769908386187
2018-01-26,1.0,1.2000000000000002,0.12949171952078925,-0.32949171952078943
2018-01-27,0.0,1.2166666666666668,-0.4011284355179704,-0.8155382311486964
2018-01-29,1.0,1.25,0.04189482029598302,-0.291894820295983
2018-01-30,4.0,1.3166666666666667,-0.02477184637068358,2.708105179704017
2018-01-31,0.0,1.3833333333333333,-0.16004316420014106,-1.2232901691331923
2018-02-01,3.0,1.4333333333333333,0.30894908386187453,1.2577175828047922
2018-02-02,0.0,1.4333333333333336,0.48017882311486965,-1.9135121564482032
2018-02-03,1.0,1.4,0.12336064129668783,-0.5233606412966878
2018-02-05,3.0,1.4166666666666667,0.40139094432699085,1.1819423890063425
2018-02-06,2.0,1.4500000000000002,-0.14065451021846376,0.6906545102184636
2018-02-07,2.0,1.4333333333333331,-0.2955787526427061,0.8622454193093729
2018-02-08,2.0,1.4,-0.17550299506694858,0.7755029950669486
2018-02-09,2.0,1.3833333333333333,0.05972427766032424,0.5569423890063424
2018-02-10,2.0,1.35,0.932072762508809,-0.2820727625088091
2018-02-12,0.0,1.3666666666666667,-0.6300484496124032,-0.7366182170542634
2018-02-14,0.0,1.3833333333333333,-0.19519996476391824,-1.188133368569415
2018-02-15,2.0,1.3666666666666667,-0.6917908738548274,1.3251242071881606
2018-02-16,1.0,1.4166666666666667,-0.7736090556730091,0.35694238900634234
2018-02-17,4.0,1.4666666666666666,-0.001128435517970391,2.534461768851304
2018-02-19,2.0,1.4666666666666668,-0.4356245595489781,0.9689578928823113
2018-02-20,2.0,1.4666666666666666,-0.19260130373502465,0.7259346370683581
2018-02-21,0.0,1.5333333333333332,0.39848396758280474,-1.931817300916138
2018-02-22,0.0,1.5833333333333335,-0.31663231148696264,-1.2667010218463708
2018-02-23,1.0,1.5333333333333332,0.502359936575053,-1.035693269908386
2018-02-24,2.0,1.4666666666666668,0.32018939393939405,0.21314393939393916
2018-02-26,1.0,1.4,-0.0026788231148695465,-0.39732117688513036
2018-02-27,2.0,1.3666666666666667,0.024065362931642017,0.6092679704016913
2018-02-28,0.0,1.3333333333333335,-0.06663231148696266,-1.2667010218463708
2018-03-01,0.0,1.2666666666666666,0.37755373502466516,-1.6442204016913318
2018-03-02,2.0,1.25,0.403910324171952,0.346089675828048
2018-03-03,0.0,1.2666666666666666,0.12949171952078925,-1.3961583861874558
2018-03-05,0.0,1.2333333333333334,-0.4011284355179704,-0.832204897815363
2018-03-07,4.0,1.1833333333333333,0.04189482029598302,2.774771846370683
2018-03-08,4.0,1.1,-0.02477184637068358,2.9247718463706835
2018-03-09,0.0,1.0,-0.16004316420014106,-0.8399568357998589
2018-03-10,3.0,0.9500000000000001,0.30894908386187453,1.7410509161381253
2018-03-12,4.0,0.9666666666666668,0.48017882311486965,2.5531545102184636
2018-03-13,0.0,1.0,0.12336064129668783,-1.123360641296688
2018-03-14,1.0,1.0166666666666666,0.40139094432699085,-0.41805761099365746
2018-03-15,0.0,1.0,-0.14065451021846376,-0.8593454897815362
2018-03-16,0.0,0.95,-0.2955787526427061,-0.6544212473572939
2018-03-17,2.0,0.9166666666666666,-0.17550299506694858,1.2588363284002821
2018-03-19,0.0,0.8999999999999999,0.05972427766032424,-0.9597242776603242
2018-03-20,0.0,0.9000000000000001,0.932072762508809,-1.8320727625088091
2018-03-21,1.0,0.9333333333333333,-0.6300484496124032,0.6967151162790699
2018-03-22,0.0,0.9666666666666667,-0.19519996476391824,-0.7714667019027485
2018-03-23,0.0,0.9666666666666666,-0.6917908738548274,-0.27487579281183916
2018-03-24,0.0,0.9,-0.7736090556730091,-0.12639094432699094
2018-03-26,0.0,0.7666666666666666,-0.001128435517970391,-0.7655382311486962
2018-03-27,0.0,0.7333333333333334,-0.4356245595489781,-0.2977087737843553
2018-03-28,1.0,0.7333333333333333,-0.19260130373502465,0.45926797040169137
2018-03-29,2.0,0.6333333333333333,0.39848396758280474,0.968182699083862
2018-03-31,0.0,0.5666666666666667,-0.31663231148696264,-0.250034355179704
2018-04-02,2.0,0.5833333333333334,0.502359936575053,0.9143067300916136
2018-04-03,0.0,0.6000000000000001,0.32018939393939405,-0.9201893939393941
2018-04-04,0.0,0.6000000000000001,-0.0026788231148695465,-0.5973211768851305
2018-04-05,1.0,0.5666666666666667,0.024065362931642017,0.40926797040169133
2018-04-06,0.0,0.5333333333333334,-0.06663231148696266,-0.46670102184637074
2018-04-07,0.0,0.55,0.37755373502466516,-0.9275537350246652
2018-04-09,4.0,0.55,0.403910324171952,3.046089675828048
2018-04-10,0.0,0.5333333333333333,0.12949171952078925,-0.6628250528541226
2018-04-11,0.0,0.5333333333333333,-0.4011284355179704,-0.13220489781536293
2018-04-12,0.0,0.5333333333333333,0.04189482029598302,-0.5752281536293163
2018-04-13,0.0,0.55,-0.02477184637068358,-0.5252281536293164
2018-04-14,2.0,0.5666666666666667,-0.16004316420014106,1.5933764975334743
2018-04-16,1.0,0.55,0.30894908386187453,0.14105091613812543
2018-04-17,0.0,0.55,0.48017882311486965,-1.0301788231148696
2018-04-18,0.0,0.5833333333333334,0.12336064129668783,-0.7066939746300211
2018-04-19,2.0,0.5666666666666667,0.40139094432699085,1.0319423890063426
2018-04-20,0.0,0.5333333333333333,-0.14065451021846376,-0.39267882311486957
2018-04-21,0.0,0.55,-0.2955787526427061,-0.25442124735729393
2018-04-23,0.0,0.5666666666666667,-0.17550299506694858,-0.3911636715997181
2018-04-24,0.0,0.5833333333333333,0.05972427766032424,-0.6430576109936575
2018-04-25,1.0,0.6,0.932072762508809,-0.532072762508809
2018-04-26,0.0,0.5333333333333333,-0.6300484496124032,0.09671511627906992
2018-04-27,0.0,0.4833333333333333,-0.19519996476391824,-0.28813336856941507
2018-04-28,0.0,0.5166666666666666,-0.6917908738548274,0.1751242071881608
2018-04-29,0.0,0.55,-0.7736090556730091,0.22360905567300904
2018-04-30,1.0,0.5833333333333333,-0.001128435517970391,0.4177951021846371
2018-05-02,0.0,0.5833333333333333,-0.4356245595489781,-0.14770877378435515
2018-05-03,0.0,0.55,-0.19260130373502465,-0.3573986962649754
2018-05-04,3.0,0.55,0.39848396758280474,2.0515160324171955
2018-05-05,1.0,0.5833333333333334,-0.31663231148696264,0.7332989781536292
2018-05-07,0.0,0.5666666666666667,0.502359936575053,-1.0690266032417197
2018-05-08,0.0,0.55,0.32018939393939405,-0.8701893939393941
2018-05-09,1.0,0.5666666666666667,-0.0026788231148695465,0.4360121564482029
2018-05-10,1.0,0.5666666666666667,0.024065362931642017,0.40926797040169133
2018-05-11,1.0,0.5666666666666667,-0.06663231148696266,0.49996564482029604
2018-05-12,0.0,0.55,0.37755373502466516,-0.9275537350246652
2018-05-13,0.0,0.55,0.403910324171952,-0.953910324171952
2018-05-14,1.0,0.6000000000000001,0.12949171952078925,0.27050828047921066
2018-05-15,1.0,0.65,-0.4011284355179704,0.7511284355179704
2018-05-16,1.0,0.6666666666666667,0.04189482029598302,0.29143851303735024
2018-05-17,1.0,0.65,-0.02477184637068358,0.37477184637068356
2018-05-18,1.0,0.6333333333333333,-0.16004316420014106,0.5267098308668078
2018-05-19,0.0,0.6333333333333334,0.30894908386187453,-0.942282417195208
2018-05-21,1.0,0.5833333333333334,0.48017882311486965,-0.06351215644820302
2018-05-22,1.0,0.5166666666666667,0.12336064129668783,0.35997269203664545
2018-05-23,0.0,0.5,0.40139094432699085,-0.9013909443269909
2018-05-24,1.0,0.5,-0.14065451021846376,0.6406545102184638
2018-05-25,0.0,0.5,-0.2955787526427061,-0.2044212473572939
2018-05-26,0.0,0.48333333333333334,-0.17550299506694858,-0.30783033826638473
2018-05-28,0.0,0.45,0.05972427766032424,-0.5097242776603242
2018-05-29,0.0,0.45,0.932072762508809,-1.382072762508809
2018-05-30,1.0,0.4666666666666667,-0.6300484496124032,1.1633817829457365
2018-06-01,2.0,0.45,-0.19519996476391824,1.7451999647639183
2018-06-02,1.0,0.4166666666666667,-0.6917908738548274,1.2751242071881608
2018-06-04,0.0,0.38333333333333336,-0.7736090556730091,0.3902757223396757
2018-06-05,0.0,0.35,-0.001128435517970391,-0.3488715644820296
2018-06-06,0.0,0.3166666666666667,-0.4356245595489781,0.1189578928823114
2018-06-07,0.0,0.30000000000000004,-0.19260130373502465,-0.10739869626497539
2018-06-08,0.0,0.2833333333333333,0.39848396758280474,-0.6818173009161381
2018-06-09,0.0,0.25,-0.31663231148696264,0.06663231148696264
2018-06-11,0.0,0.23333333333333334,0.502359936575053,-0.7356932699083862
2018-06-12,0.0,0.21666666666666667,0.32018939393939405,-0.5368560606060607
2018-06-13,1.0,0.2,-0.0026788231148695465,0.8026788231148696
2018-06-14,0.0,0.2,0.024065362931642017,-0.22406536293164203
2018-06-15,0.0,0.2,-0.06663231148696266,-0.13336768851303735
2018-06-16,1.0,0.2,0.37755373502466516,0.4224462649753349
2018-06-18,0.0,0.2,0.403910324171952,-0.603910324171952
2018-06-19,0.0,0.16666666666666666,0.12949171952078925,-0.29615838618745594
2018-06-20,0.0,0.11666666666666667,-0.4011284355179704,0.2844617688513037
2018-06-21,0.0,0.11666666666666667,0.04189482029598302,-0.15856148696264968
2018-06-22,0.0,0.13333333333333333,-0.02477184637068358,-0.10856148696264975
2018-06-23,0.0,0.13333333333333333,-0.16004316420014106,0.026709830866807727
2018-06-25,0.0,0.13333333333333333,0.30894908386187453,-0.4422824171952079
2018-06-26,0.0,0.13333333333333333,0.48017882311486965,-0.613512156448203
2018-06-27,0.0,0.13333333333333333,0.12336064129668783,-0.2566939746300212
2018-06-28,0.0,0.13333333333333333,0.40139094432699085,-0.5347242776603242
2018-06-29,0.0,0.13333333333333333,-0.14065451021846376,0.007321176885130426
2018-06-30,0.0,0.11666666666666667,-0.2955787526427061,0.17891208597603944
2018-07-02,0.0,0.1,-0.17550299506694858,0.07550299506694857
2018-07-03,0.0,0.1,0.05972427766032424,-0.15972427766032424
2018-07-04,0.0,0.08333333333333334,0.932072762508809,-1.0154060958421423
2018-07-05,1.0,0.06666666666666667,-0.6300484496124032,1.5633817829457366
2018-07-06,0.0,0.06666666666666667,-0.19519996476391824,0.12853329809725156
2018-07-07,0.0,0.06666666666666667,-0.6917908738548274,0.6251242071881608
2018-07-09,1.0,0.06666666666666667,-0.7736090556730091,1.7069423890063424
2018-07-10,0.0,0.06666666666666667,-0.001128435517970391,-0.06553823114869628
2018-07-11,0.0,0.06666666666666667,-0.4356245595489781,0.36895789288231146
2018-07-12,0.0,0.06666666666666667,-0.19260130373502465,0.125934637068358
2018-07-13,0.0,0.08333333333333334,0.39848396758280474,-0.48181730091613806
2018-07-14,0.0,0.1,-0.31663231148696264,0.21663231148696263
2018-07-16,0.0,0.11666666666666667,0.502359936575053,-0.6190266032417197
2018-07-17,0.0,0.15000000000000002,0.32018939393939405,-0.4701893939393941
2018-07-18,0.0,0.16666666666666669,-0.0026788231148695465,-0.16398784355179713
2018-07-19,0.0,0.16666666666666669,0.024065362931642017,-0.1907320295983087
2018-07-20,0.0,0.16666666666666669,-0.06663231148696266,-0.10003435517970402
2018-07-21,0.0,0.18333333333333335,0.37755373502466516,-0.5608870683579985
2018-07-23,0.0,0.2,0.403910324171952,-0.603910324171952
2018-07-24,0.0,0.2,0.12949171952078925,-0.32949171952078926
2018-07-25,0.0,0.21666666666666667,-0.4011284355179704,0.18446176885130372
2018-07-26,0.0,0.23333333333333334,0.04189482029598302,-0.27522815362931635
2018-07-27,0.0,0.23333333333333334,-0.02477184637068358,-0.20856148696264976
2018-07-28,0.0,0.23333333333333334,-0.16004316420014106,-0.07329016913319228
2018-07-30,0.0,0.23333333333333334,0.30894908386187453,-0.5422824171952079
2018-07-31,1.0,0.25,0.48017882311486965,0.26982117688513035
2018-08-01,0.0,0.2833333333333333,0.12336064129668783,-0.40669397463002116
2018-08-02,1.0,0.3,0.40139094432699085,0.2986090556730091
2018-08-03,1.0,0.30000000000000004,-0.14065451021846376,0.8406545102184637
2018-08-04,0.0,0.3,-0.2955787526427061,-0.004421247357293878
2018-08-06,0.0,0.30000000000000004,-0.17550299506694858,-0.12449700493305146
2018-08-07,0.0,0.3,0.05972427766032424,-0.3597242776603242
2018-08-08,1.0,0.30000000000000004,0.932072762508809,-0.23207276250880904
2018-08-09,1.0,0.3,-0.6300484496124032,1.3300484496124032
2018-08-10,0.0,0.30000000000000004,-0.19519996476391824,-0.1048000352360818
2018-08-11,1.0,0.3,-0.6917908738548274,1.3917908738548275
2018-08-13,1.0,0.30000000000000004,-0.7736090556730091,1.473609055673009
2018-08-14,0.0,0.3,-0.001128435517970391,-0.2988715644820296
2018-08-15,0.0,0.30000000000000004,-0.4356245595489781,0.13562455954897806
2018-08-16,0.0,0.3,-0.19260130373502465,-0.10739869626497534
2018-08-17,1.0,0.2833333333333333,0.39848396758280474,0.31818269908386193
2018-08-18,1.0,0.26666666666666666,-0.31663231148696264,1.049965644820296
2018-08-20,0.0,0.2833333333333333,0.502359936575053,-0.7856932699083863
2018-08-21,0.0,0.2833333333333333,0.32018939393939405,-0.6035227272727274
2018-08-22,0.0,0.2833333333333333,-0.0026788231148695465,-0.28065451021846377
2018-08-23,0.0,0.3,0.024065362931642017,-0.324065362931642
2018-08-24,0.0,0.30000000000000004,-0.06663231148696266,-0.23336768851303738
2018-08-25,0.0,0.2833333333333333,0.37755373502466516,-0.6608870683579985
2018-08-26,0.0,0.26666666666666666,0.403910324171952,-0.6705769908386187
2018-08-27,0.0,0.2833333333333333,0.12949171952078925,-0.4128250528541226
2018-08-28,0.0,0.30000000000000004,-0.4011284355179704,0.10112843551797035
2018-08-29,0.0,0.3,0.04189482029598302,-0.341894820295983
2018-08-30,0.0,0.31666666666666665,-0.02477184637068358,-0.29189482029598307
2018-08-31,0.0,0.33333333333333337,-0.16004316420014106,-0.1732901691331923
2018-09-01,0.0,0.33333333333333337,0.30894908386187453,-0.642282417195208
2018-09-03,0.0,0.33333333333333337,0.48017882311486965,-0.8135121564482031
2018-09-04,0.0,0.33333333333333337,0.12336064129668783,-0.4566939746300212
2018-09-05,2.0,0.3666666666666667,0.40139094432699085,1.2319423890063423
2018-09-06,0.0,0.4166666666666667,-0.14065451021846376,-0.2760121564482029
2018-09-08,1.0,0.43333333333333335,-0.2955787526427061,0.8622454193093727
2018-09-10,0.0,0.45,-0.17550299506694858,-0.2744970049330514
2018-09-11,0.0,0.4666666666666667,0.05972427766032424,-0.526390944326991
2018-09-12,0.0,0.48333333333333334,0.932072762508809,-1.4154060958421424
2018-09-13,1.0,0.5333333333333334,-0.6300484496124032,1.0967151162790698
2018-09-14,1.0,0.5833333333333334,-0.19519996476391824,0.6118666314305848
2018-09-15,1.0,0.6166666666666667,-0.6917908738548274,1.0751242071881606
2018-09-17,1.0,0.6333333333333333,-0.7736090556730091,1.1402757223396758
2018-09-18,1.0,0.6499999999999999,-0.001128435517970391,0.35112843551797046
2018-09-19,0.0,0.6833333333333333,-0.4356245595489781,-0.24770877378435524
2018-09-20,0.0,0.7,-0.19260130373502465,-0.5073986962649752
2018-09-21,1.0,0.7000000000000001,0.39848396758280474,-0.09848396758280481
2018-09-22,1.0,0.7,-0.31663231148696264,0.6166323114869627
2018-09-24,2.0,0.7000000000000001,0.502359936575053,0.7976400634249469
2018-09-25,1.0,0.7166666666666667,0.32018939393939405,-0.036856060606060725
2018-09-26,0.0,0.7333333333333334,-0.0026788231148695465,-0.7306545102184638
2018-09-27,1.0,0.8,0.024065362931642017,0.17593463706835794
2018-09-28,0.0,0.8666666666666667,-0.06663231148696266,-0.800034355179704
2018-09-29,1.0,1.0166666666666666,0.37755373502466516,-0.39422040169133177
2018-10-01,2.0,1.15,0.403910324171952,0.4460896758280481
2018-10-02,1.0,1.1166666666666667,0.12949171952078925,-0.24615838618745595
2018-10-03,1.0,1.1,-0.4011284355179704,0.3011284355179703
2018-10-04,0.0,1.0833333333333335,0.04189482029598302,-1.1252281536293165
2018-10-05,1.0,1.05,-0.02477184637068358,-0.025228153629316463
2018-10-06,1.0,1.0333333333333332,-0.16004316420014106,0.12670983086680784
2018-10-08,0.0,1.0666666666666667,0.30894908386187453,-1.3756157505285411
2018-10-09,0.0,1.1333333333333333,0.48017882311486965,-1.613512156448203
2018-10-10,0.0,1.15,0.12336064129668783,-1.2733606412966878
2018-10-11,2.0,1.1166666666666667,0.40139094432699085,0.48194238900634245
2018-10-12,1.0,1.0833333333333335,-0.14065451021846376,0.057321176885130276
2018-10-13,1.0,1.15,-0.2955787526427061,0.1455787526427062
2018-10-16,4.0,1.25,-0.17550299506694858,2.9255029950669487
2018-10-17,0.0,1.2833333333333332,0.05972427766032424,-1.3430576109936574
2018-10-18,9.0,1.3333333333333333,0.932072762508809,6.734593904157858
2018-10-19,0.0,1.3499999999999999,-0.6300484496124032,-0.7199515503875966
2018-10-20,0.0,1.3333333333333335,-0.19519996476391824,-1.1381333685694153
2018-10-22,1.0,1.3833333333333333,-0.6917908738548274,0.3084575405214941
2018-10-23,0.0,1.4666666666666666,-0.7736090556730091,-0.6930576109936575
2018-10-24,0.0,1.4833333333333332,-0.001128435517970391,-1.4822048978153628
2018-10-25,0.0,1.45,-0.4356245595489781,-1.014375440451022
2018-10-26,2.0,1.4333333333333333,-0.19260130373502465,0.7592679704016914
2018-10-27,3.0,1.4333333333333333,0.39848396758280474,1.168182699083862
2018-10-29,0.0,1.4500000000000002,-0.31663231148696264,-1.1333676885130375
2018-10-30,1.0,1.5333333333333332,0.502359936575053,-1.035693269908386
2018-10-31,0.0,1.583333333333333,0.32018939393939405,-1.903522727272727
2018-11-01,5.0,1.5833333333333333,-0.0026788231148695465,3.4193454897815365
2018-11-03,2.0,1.55,0.024065362931642017,0.42593463706835794
2018-11-05,1.0,1.5,-0.06663231148696266,-0.4333676885130373
2018-11-06,3.0,1.4666666666666668,0.37755373502466516,1.155779598308668
2018-11-07,1.0,1.4499999999999997,0.403910324171952,-0.8539103241719517
2018-11-08,1.0,1.4666666666666668,0.12949171952078925,-0.596158386187456
2018-11-09,4.0,1.45,-0.4011284355179704,2.9511284355179703
2018-11-10,2.0,1.4666666666666668,0.04189482029598302,0.4914385130373502
2018-11-12,0.0,1.5,-0.02477184637068358,-1.4752281536293164
2018-11-13,0.0,1.5,-0.16004316420014106,-1.339956835799859
2018-11-14,0.0,1.5166666666666666,0.30894908386187453,-1.825615750528541
2018-11-15,0.0,1.4833333333333332,0.48017882311486965,-1.9635121564482028
2018-11-16,1.0,1.45,0.12336064129668783,-0.5733606412966878
2018-11-17,6.0,1.4666666666666666,0.40139094432699085,4.131942389006342
2018-11-19,0.0,1.5,-0.14065451021846376,-1.3593454897815362
2018-11-20,2.0,1.5,-0.2955787526427061,0.795578752642706
2018-11-21,1.0,1.45,-0.17550299506694858,-0.2744970049330514
2018-11-22,0.0,1.4166666666666665,0.05972427766032424,-1.4763909443269907
2018-11-23,7.0,1.4,0.932072762508809,4.667927237491191
2018-11-24,1.0,1.45,-0.6300484496124032,0.1800484496124033
2018-11-26,0.0,1.5333333333333334,-0.19519996476391824,-1.3381333685694152
2018-11-27,0.0,1.5666666666666669,-0.6917908738548274,-0.8748757928118395
2018-11-28,2.0,1.6,-0.7736090556730091,1.173609055673009
2018-11-29,0.0,1.6333333333333335,-0.001128435517970391,-1.6322048978153632
2018-11-30,0.0,1.6333333333333333,-0.4356245595489781,-1.1977087737843553
2018-12-01,3.0,1.6833333333333333,-0.19260130373502465,1.5092679704016914
2018-12-02,0.0,1.8333333333333335,0.39848396758280474,-2.231817300916138
2018-12-03,1.0,1.9666666666666668,-0.31663231148696264,-0.6500343551797041
2018-12-04,1.0,1.9333333333333331,0.502359936575053,-1.435693269908386
2018-12-05,2.0,1.9333333333333336,0.32018939393939405,-0.2535227272727276
2018-12-06,3.0,1.9666666666666668,-0.0026788231148695465,1.0360121564482028
2018-12-07,1.0,1.9166666666666665,0.024065362931642017,-0.9407320295983085
2018-12-09,0.0,1.9666666666666668,-0.06663231148696266,-1.900034355179704
2018-12-10,3.0,1.9333333333333331,0.37755373502466516,0.6891129316420017
2018-12-11,4.0,1.8333333333333333,0.403910324171952,1.762756342494715
2018-12-12,3.0,1.8333333333333335,0.12949171952078925,1.0371749471458773
2018-12-13,4.0,1.8499999999999999,-0.4011284355179704,2.551128435517971
2018-12-14,4.0,1.8666666666666667,0.04189482029598302,2.09143851303735
2018-12-15,0.0,1.8666666666666667,-0.02477184637068358,-1.841894820295983
2018-12-16,0.0,1.8666666666666667,-0.16004316420014106,-1.7066235024665257
2018-12-17,3.0,1.8166666666666667,0.30894908386187453,0.8743842494714589
2018-12-18,6.0,1.7666666666666668,0.48017882311486965,3.753154510218464
2018-12-19,3.0,1.75,0.12336064129668783,1.126639358703312
2018-12-20,2.0,1.7166666666666668,0.40139094432699085,-0.11805761099365764
2018-12-21,4.0,1.6666666666666665,-0.14065451021846376,2.4739878435517975
2018-12-22,0.0,1.5833333333333333,-0.2955787526427061,-1.2877545806906272
2018-12-23,0.0,1.5166666666666666,-0.17550299506694858,-1.341163671599718
2018-12-24,4.0,1.5,0.05972427766032424,2.440275722339676
2018-12-26,1.0,1.4500000000000002,0.932072762508809,-1.3820727625088092
2018-12-27,1.0,1.3333333333333335,-0.6300484496124032,0.29671511627906977
2018-12-28,0.0,1.2166666666666668,-0.19519996476391824,-1.0214667019027486
2018-12-29,1.0,1.1,-0.6917908738548274,0.5917908738548273
2018-12-31,2.0,0.9666666666666667,-0.7736090556730091,1.8069423890063423
2019-01-02,0.0,0.9,-0.001128435517970391,-0.8988715644820297
2019-01-03,0.0,0.9,-0.4356245595489781,-0.4643754404510219
2019-01-04,0.0,0.85,-0.19260130373502465,-0.6573986962649754
2019-01-05,0.0,0.7,0.39848396758280474,-1.0984839675828046
2019-01-06,0.0,0.55,-0.31663231148696264,-0.2333676885130374
2019-01-07,0.0,0.4666666666666667,0.502359936575053,-0.9690266032417196
2019-01-08,0.0,0.3666666666666667,0.32018939393939405,-0.6868560606060607
2019-01-09,0.0,0.3,-0.0026788231148695465,-0.29732117688513043
2019-01-10,0.0,0.3,0.024065362931642017,-0.324065362931642
2019-01-11,0.0,0.23333333333333334,-0.06663231148696266,-0.16670102184637067
2019-01-12,0.0,0.15,0.37755373502466516,-0.5275537350246652
2019-01-14,0.0,0.11666666666666667,0.403910324171952,-0.5205769908386186
2019-01-15,0.0,0.1,0.12949171952078925,-0.22949171952078926
2019-01-16,0.0,0.08333333333333333,-0.4011284355179704,0.3177951021846371
2019-01-17,0.0,0.03333333333333333,0.04189482029598302,-0.07522815362931635
2019-01-18,0.0,0.0,-0.02477184637068358,0.02477184637068358
2019-01-19,0.0,0.0,-0.16004316420014106,0.16004316420014106
2019-01-21,0.0,0.0,0.30894908386187453,-0.30894908386187453
2019-01-22,0.0,0.0,0.48017882311486965,-0.48017882311486965
2019-01-23,0.0,0.0,0.12336064129668783,-0.12336064129668783
2019-01-24,0.0,0.0,0.40139094432699085,-0.40139094432699085
2019-01-25,0.0,0.0,-0.14065451021846376,0.14065451021846376
2019-01-26,0.0,0.0,-0.2955787526427061,0.2955787526427061
2019-01-28,0.0,0.0,-0.17550299506694858,0.17550299506694858
2019-01-29,0.0,0.0,0.05972427766032424,-0.05972427766032424
2019-01-30,0.0,0.0,0.932072762508809,-0.932072762508809
2019-01-31,0.0,0.0,-0.6300484496124032,0.6300484496124032
2019-02-01,0.0,0.0,-0.19519996476391824,0.19519996476391824
2019-02-02,0.0,0.0,-0.6917908738548274,0.6917908738548274
2019-02-04,0.0,0.0,-0.7736090556730091,0.7736090556730091
2019-02-05,0.0,0.0,-0.001128435517970391,0.001128435517970391
2019-02-06,0.0,0.0,-0.4356245595489781,0.4356245595489781
2019-02-07,0.0,0.0,-0.19260130373502465,0.19260130373502465
2019-02-08,0.0,0.0,0.39848396758280474,-0.39848396758280474
2019-02-09,0.0,0.0,-0.31663231148696264,0.31663231148696264
2019-02-10,0.0,0.0,0.502359936575053,-0.502359936575053
2019-02-11,0.0,0.0,0.32018939393939405,-0.32018939393939405
2019-02-12,0.0,0.0,-0.0026788231148695465,0.0026788231148695465
2019-02-13,0.0,0.0,0.024065362931642017,-0.024065362931642017
2019-02-14,0.0,0.0,-0.06663231148696266,0.06663231148696266
2019-02-15,0.0,0.0,0.37755373502466516,-0.37755373502466516
2019-02-16,0.0,0.0,0.403910324171952,-0.403910324171952
2019-02-18,0.0,0.0,0.12949171952078925,-0.12949171952078925
2019-02-19,0.0,0.0,-0.4011284355179704,0.4011284355179704
2019-02-20,0.0,0.0,0.04189482029598302,-0.04189482029598302
2019-02-21,0.0,0.0,-0.02477184637068358,0.02477184637068358
2019-02-22,0.0,0.0,-0.16004316420014106,0.16004316420014106
2019-02-23,0.0,0.0,0.30894908386187453,-0.30894908386187453
2019-02-25,0.0,0.0,0.48017882311486965,-0.48017882311486965
2019-02-26,0.0,0.0,0.12336064129668783,-0.12336064129668783
2019-02-27,0.0,0.0,0.40139094432699085,-0.40139094432699085
2019-02-28,0.0,0.0,-0.14065451021846376,0.14065451021846376
2019-03-01,0.0,0.0,-0.2955787526427061,0.2955787526427061
2019-03-02,0.0,0.0,-0.17550299506694858,0.17550299506694858
2019-03-04,0.0,0.0,0.05972427766032424,-0.05972427766032424
2019-03-07,0.0,0.0,0.932072762508809,-0.932072762508809
2019-03-08,0.0,0.0,-0.6300484496124032,0.6300484496124032
2019-03-09,0.0,0.0,-0.19519996476391824,0.19519996476391824
2019-03-11,0.0,0.0,-0.6917908738548274,0.6917908738548274
2019-03-12,0.0,0.0,-0.7736090556730091,0.7736090556730091
2019-03-13,0.0,0.0,-0.001128435517970391,0.001128435517970391
2019-03-14,0.0,0.0,-0.4356245595489781,0.4356245595489781
2019-03-15,0.0,0.0,-0.19260130373502465,0.19260130373502465
2019-03-16,0.0,0.0,0.39848396758280474,-0.39848396758280474
2019-03-18,0.0,0.0,-0.31663231148696264,0.31663231148696264
2019-03-19,0.0,0.0,0.502359936575053,-0.502359936575053
2019-03-20,0.0,0.0,0.32018939393939405,-0.32018939393939405
2019-03-21,0.0,0.0,-0.0026788231148695465,0.0026788231148695465
2019-03-22,0.0,0.0,0.024065362931642017,-0.024065362931642017
2019-03-23,0.0,0.0,-0.06663231148696266,0.06663231148696266
2019-03-25,0.0,0.0,0.37755373502466516,-0.37755373502466516
2019-03-26,0.0,0.0,0.403910324171952,-0.403910324171952
2019-03-27,0.0,0.0,0.12949171952078925,-0.12949171952078925
2019-03-28,0.0,0.0,-0.4011284355179704,0.4011284355179704
2019-03-29,0.0,0.0,0.04189482029598302,-0.04189482029598302
2019-03-30,0.0,0.0,-0.02477184637068358,0.02477184637068358
2019-04-01,0.0,0.0,-0.16004316420014106,0.16004316420014106
2019-04-02,0.0,0.0,0.30894908386187453,-0.30894908386187453
2019-04-03,0.0,0.0,0.48017882311486965,-0.48017882311486965
2019-04-04,0.0,0.0,0.12336064129668783,-0.12336064129668783
2019-04-05,0.0,0.0,0.40139094432699085,-0.40139094432699085
2019-04-06,0.0,0.0,-0.14065451021846376,0.14065451021846376
2019-04-07,0.0,0.0,-0.2955787526427061,0.2955787526427061
2019-04-08,0.0,0.0,-0.17550299506694858,0.17550299506694858
2019-04-09,0.0,0.0,0.05972427766032424,-0.05972427766032424
2019-04-10,0.0,0.0,0.932072762508809,-0.932072762508809
2019-04-11,0.0,0.0,-0.6300484496124032,0.6300484496124032
2019-04-12,0.0,0.0,-0.19519996476391824,0.19519996476391824
2019-04-13,0.0,0.0,-0.6917908738548274,0.6917908738548274
2019-04-15,0.0,0.0,-0.7736090556730091,0.0
2019-04-16,0.0,0.0,-0.001128435517970391,0.0
2019-04-17,0.0,0.0,-0.4356245595489781,0.0
2019-04-18,0.0,0.0,-0.19260130373502465,0.0
2019-04-20,0.0,0.0,0.39848396758280474,0.0
2019-04-22,0.0,0.0,-0.31663231148696264,0.0
2019-04-23,0.0,0.0,0.502359936575053,0.0
2019-04-24,0.0,0.0,0.32018939393939405,0.0
2019-04-25,0.0,0.0,-0.0026788231148695465,0.0
2019-04-26,0.0,0.0,0.024065362931642017,0.0
2019-04-27,0.0,0.0,-0.06663231148696266,0.0
2019-04-28,0.0,0.0,0.37755373502466516,0.0
2019-04-29,0.0,0.0,0.403910324171952,0.0
2019-04-30,0.0,0.0,0.12949171952078925,0.0
2019-05-02,0.0,0.0,-0.4011284355179704,0.0
