,ENTREGA,CHIP CLARO ODA 128KB TRIPE,GE1 ELETROPORTATEIS,CHIP VIVO 4G 128K P19 HRS PRE,GE2 CELULAR,CHIP OI 4G 128KB,GE1 CELULAR,CHIP TIM INFINITY PRE HRD TRIPLO 4G,VENTILADOR 30 NV-15 3P BR 220V,CHIP TIM INFINITY PRE DUPLO 4G HDR NACIONAL
2015-01-02,5.0,0.0,10.0,1.0,0.0,0.0,3.0,0.0,0.0,15.0
2015-01-03,4.0,0.0,8.0,0.0,0.0,0.0,3.0,0.0,1.0,12.0
2015-01-05,9.0,0.0,6.0,0.0,0.0,0.0,10.0,0.0,1.0,30.0
2015-01-06,12.0,0.0,3.0,0.0,0.0,0.0,7.0,0.0,0.0,17.0
2015-01-07,4.0,0.0,8.0,2.0,0.0,0.0,5.0,0.0,1.0,22.0
2015-01-08,14.0,0.0,9.0,5.0,0.0,0.0,11.0,0.0,5.0,19.0
2015-01-09,6.0,0.0,12.0,7.0,1.0,0.0,6.0,0.0,6.0,18.0
2015-01-10,7.0,0.0,11.0,5.0,0.0,0.0,8.0,0.0,16.0,25.0
2015-01-12,5.0,0.0,5.0,0.0,1.0,0.0,4.0,0.0,6.0,36.0
2015-01-13,4.0,0.0,3.0,1.0,0.0,0.0,7.0,0.0,4.0,12.0
2015-01-14,3.0,0.0,6.0,0.0,0.0,0.0,4.0,0.0,4.0,12.0
2015-01-15,4.0,0.0,5.0,0.0,0.0,0.0,6.0,0.0,9.0,7.0
2015-01-16,6.0,0.0,8.0,0.0,0.0,0.0,6.0,0.0,4.0,16.0
2015-01-17,4.0,0.0,11.0,0.0,1.0,0.0,5.0,0.0,5.0,12.0
2015-01-19,2.0,0.0,16.0,0.0,0.0,0.0,9.0,0.0,12.0,14.0
2015-01-20,0.0,0.0,9.0,0.0,0.0,0.0,8.0,0.0,3.0,18.0
2015-01-21,0.0,0.0,6.0,0.0,0.0,0.0,3.0,0.0,0.0,13.0
2015-01-22,0.0,0.0,7.0,0.0,0.0,0.0,4.0,0.0,0.0,4.0
2015-01-23,0.0,0.0,3.0,0.0,0.0,0.0,3.0,0.0,1.0,8.0
2015-01-24,0.0,0.0,4.0,0.0,0.0,0.0,1.0,0.0,0.0,11.0
2015-01-26,3.0,0.0,5.0,0.0,1.0,0.0,5.0,0.0,0.0,14.0
2015-01-27,2.0,0.0,1.0,3.0,0.0,0.0,4.0,0.0,1.0,12.0
2015-01-28,0.0,0.0,5.0,5.0,0.0,0.0,4.0,0.0,0.0,10.0
2015-01-29,0.0,0.0,3.0,5.0,0.0,0.0,4.0,0.0,0.0,11.0
2015-01-30,0.0,0.0,9.0,4.0,0.0,0.0,2.0,0.0,0.0,15.0
2015-01-31,0.0,0.0,2.0,4.0,0.0,0.0,2.0,0.0,0.0,11.0
2015-02-02,1.0,0.0,1.0,6.0,0.0,0.0,5.0,0.0,23.0,6.0
2015-02-03,6.0,0.0,7.0,10.0,0.0,0.0,4.0,0.0,0.0,9.0
2015-02-04,5.0,0.0,4.0,3.0,0.0,0.0,6.0,0.0,0.0,15.0
2015-02-05,8.0,0.0,6.0,0.0,0.0,0.0,10.0,0.0,0.0,11.0
2015-02-06,7.0,0.0,6.0,1.0,1.0,0.0,3.0,0.0,0.0,11.0
2015-02-07,7.0,0.0,2.0,1.0,0.0,0.0,6.0,0.0,0.0,14.0
2015-02-09,5.0,0.0,17.0,3.0,1.0,0.0,7.0,0.0,3.0,16.0
2015-02-10,7.0,0.0,10.0,0.0,0.0,0.0,4.0,0.0,3.0,9.0
2015-02-11,4.0,0.0,5.0,2.0,0.0,0.0,4.0,0.0,0.0,7.0
2015-02-12,5.0,0.0,11.0,2.0,0.0,0.0,5.0,0.0,5.0,12.0
2015-02-13,5.0,0.0,7.0,4.0,0.0,0.0,1.0,0.0,2.0,6.0
2015-02-14,6.0,0.0,4.0,1.0,0.0,0.0,5.0,0.0,0.0,7.0
2015-02-18,0.0,0.0,1.0,3.0,0.0,0.0,5.0,0.0,1.0,9.0
2015-02-19,8.0,0.0,2.0,3.0,0.0,0.0,7.0,0.0,9.0,14.0
2015-02-20,4.0,0.0,8.0,3.0,1.0,0.0,3.0,0.0,10.0,7.0
2015-02-21,9.0,0.0,8.0,4.0,0.0,0.0,12.0,0.0,10.0,7.0
2015-02-23,14.0,0.0,13.0,2.0,0.0,0.0,10.0,0.0,11.0,10.0
2015-02-24,2.0,0.0,1.0,1.0,0.0,0.0,3.0,0.0,8.0,5.0
2015-02-25,13.0,0.0,3.0,0.0,1.0,0.0,0.0,0.0,10.0,7.0
2015-02-26,4.0,0.0,8.0,1.0,0.0,0.0,4.0,0.0,1.0,7.0
2015-02-27,15.0,0.0,9.0,3.0,0.0,0.0,9.0,0.0,10.0,13.0
2015-02-28,12.0,0.0,11.0,2.0,0.0,0.0,6.0,0.0,9.0,8.0
2015-03-02,15.0,0.0,10.0,0.0,0.0,0.0,9.0,0.0,0.0,9.0
2015-03-03,8.0,0.0,2.0,1.0,1.0,0.0,4.0,0.0,2.0,4.0
2015-03-04,5.0,0.0,6.0,1.0,0.0,0.0,6.0,0.0,1.0,10.0
2015-03-05,9.0,0.0,3.0,3.0,0.0,0.0,4.0,0.0,0.0,13.0
2015-03-06,5.0,0.0,5.0,2.0,0.0,0.0,7.0,0.0,0.0,16.0
2015-03-07,5.0,0.0,3.0,3.0,0.0,0.0,5.0,0.0,0.0,10.0
2015-03-09,10.0,0.0,3.0,0.0,1.0,0.0,5.0,0.0,0.0,16.0
2015-03-10,11.0,0.0,4.0,3.0,0.0,0.0,5.0,0.0,0.0,10.0
2015-03-11,7.0,0.0,3.0,8.0,0.0,0.0,8.0,0.0,0.0,5.0
2015-03-12,7.0,0.0,6.0,6.0,0.0,0.0,3.0,0.0,1.0,8.0
2015-03-13,9.0,0.0,5.0,7.0,0.0,0.0,11.0,0.0,1.0,15.0
2015-03-14,9.0,0.0,3.0,0.0,0.0,0.0,4.0,0.0,1.0,15.0
2015-03-16,8.0,0.0,7.0,0.0,0.0,0.0,7.0,0.0,1.0,9.0
2015-03-17,8.0,0.0,7.0,0.0,0.0,0.0,7.0,0.0,0.0,17.0
2015-03-18,5.0,0.0,4.0,0.0,0.0,0.0,6.0,0.0,0.0,8.0
2015-03-19,2.0,0.0,6.0,0.0,0.0,0.0,9.0,0.0,2.0,10.0
2015-03-20,8.0,0.0,3.0,0.0,0.0,0.0,4.0,0.0,0.0,12.0
2015-03-21,5.0,0.0,2.0,0.0,0.0,0.0,2.0,0.0,0.0,11.0
2015-03-23,7.0,0.0,1.0,0.0,0.0,0.0,10.0,0.0,0.0,16.0
2015-03-24,6.0,0.0,7.0,0.0,0.0,0.0,4.0,0.0,0.0,11.0
2015-03-25,5.0,0.0,7.0,0.0,0.0,0.0,10.0,0.0,37.0,10.0
2015-03-26,15.0,0.0,8.0,0.0,0.0,0.0,5.0,0.0,25.0,10.0
2015-03-27,5.0,0.0,9.0,0.0,0.0,0.0,4.0,0.0,0.0,10.0
2015-03-28,5.0,0.0,3.0,0.0,0.0,0.0,9.0,0.0,0.0,11.0
2015-03-30,3.0,0.0,3.0,0.0,0.0,0.0,4.0,0.0,0.0,7.0
2015-03-31,7.0,0.0,4.0,0.0,0.0,0.0,7.0,0.0,4.0,9.0
2015-04-01,7.0,0.0,3.0,0.0,1.0,0.0,5.0,0.0,2.0,11.0
2015-04-02,8.0,0.0,3.0,2.0,0.0,0.0,6.0,0.0,3.0,7.0
2015-04-04,4.0,0.0,3.0,2.0,0.0,0.0,17.0,0.0,2.0,15.0
2015-04-06,10.0,0.0,6.0,0.0,0.0,0.0,19.0,0.0,5.0,18.0
2015-04-07,7.0,0.0,7.0,2.0,0.0,0.0,7.0,0.0,9.0,8.0
2015-04-08,5.0,0.0,6.0,3.0,0.0,0.0,7.0,0.0,4.0,8.0
2015-04-09,7.0,0.0,1.0,1.0,0.0,0.0,9.0,0.0,0.0,6.0
2015-04-10,5.0,0.0,1.0,0.0,0.0,0.0,7.0,0.0,3.0,10.0
2015-04-11,8.0,0.0,1.0,3.0,0.0,0.0,6.0,0.0,0.0,12.0
2015-04-13,10.0,0.0,2.0,2.0,0.0,0.0,9.0,0.0,1.0,29.0
2015-04-14,7.0,0.0,4.0,4.0,1.0,0.0,6.0,0.0,0.0,15.0
2015-04-15,6.0,0.0,1.0,5.0,1.0,0.0,8.0,0.0,0.0,16.0
2015-04-16,5.0,0.0,5.0,3.0,1.0,0.0,8.0,0.0,0.0,17.0
2015-04-17,4.0,0.0,1.0,3.0,0.0,0.0,7.0,0.0,0.0,12.0
2015-04-18,7.0,0.0,1.0,4.0,0.0,0.0,7.0,0.0,0.0,14.0
2015-04-20,9.0,0.0,3.0,4.0,0.0,0.0,12.0,0.0,0.0,28.0
2015-04-21,0.0,0.0,1.0,0.0,0.0,0.0,0.0,0.0,1.0,2.0
2015-04-22,3.0,0.0,0.0,4.0,0.0,0.0,9.0,0.0,4.0,13.0
2015-04-23,4.0,0.0,2.0,1.0,0.0,0.0,5.0,0.0,1.0,10.0
2015-04-24,9.0,0.0,7.0,3.0,0.0,0.0,8.0,0.0,2.0,9.0
2015-04-25,3.0,0.0,5.0,1.0,0.0,0.0,6.0,0.0,1.0,13.0
2015-04-27,8.0,0.0,7.0,3.0,0.0,0.0,9.0,0.0,11.0,6.0
2015-04-28,6.0,0.0,6.0,4.0,0.0,0.0,8.0,0.0,2.0,9.0
2015-04-29,11.0,0.0,5.0,5.0,0.0,0.0,7.0,0.0,5.0,10.0
2015-04-30,4.0,0.0,3.0,0.0,1.0,0.0,6.0,0.0,0.0,13.0
2015-05-02,7.0,0.0,4.0,1.0,1.0,0.0,7.0,0.0,1.0,8.0
2015-05-04,14.0,0.0,1.0,0.0,2.0,0.0,2.0,0.0,0.0,10.0
2015-05-05,8.0,0.0,4.0,0.0,1.0,0.0,4.0,0.0,0.0,10.0
2015-05-06,6.0,0.0,6.0,0.0,0.0,0.0,8.0,0.0,1.0,8.0
2015-05-07,9.0,0.0,7.0,0.0,0.0,0.0,7.0,0.0,3.0,5.0
2015-05-08,7.0,0.0,7.0,0.0,0.0,1.0,7.0,0.0,2.0,8.0
2015-05-09,10.0,0.0,11.0,0.0,1.0,20.0,7.0,0.0,9.0,19.0
2015-05-10,2.0,0.0,2.0,0.0,0.0,1.0,1.0,0.0,1.0,5.0
2015-05-11,13.0,0.0,2.0,0.0,0.0,5.0,7.0,0.0,0.0,13.0
2015-05-12,4.0,0.0,5.0,0.0,0.0,8.0,5.0,0.0,2.0,11.0
2015-05-13,3.0,0.0,2.0,0.0,0.0,10.0,6.0,0.0,1.0,4.0
2015-05-14,2.0,0.0,5.0,1.0,1.0,9.0,5.0,0.0,1.0,11.0
2015-05-15,4.0,0.0,5.0,0.0,0.0,7.0,8.0,0.0,2.0,9.0
2015-05-16,1.0,0.0,7.0,0.0,0.0,3.0,7.0,0.0,2.0,8.0
2015-05-18,14.0,0.0,10.0,0.0,5.0,16.0,9.0,0.0,2.0,4.0
2015-05-19,5.0,0.0,2.0,0.0,0.0,5.0,5.0,0.0,3.0,5.0
2015-05-20,9.0,0.0,3.0,2.0,1.0,10.0,4.0,0.0,0.0,5.0
2015-05-21,7.0,0.0,3.0,2.0,1.0,2.0,10.0,0.0,0.0,5.0
2015-05-22,3.0,0.0,7.0,0.0,0.0,3.0,7.0,0.0,2.0,11.0
2015-05-23,8.0,0.0,3.0,1.0,2.0,5.0,2.0,0.0,0.0,7.0
2015-05-25,7.0,0.0,12.0,6.0,1.0,8.0,10.0,0.0,2.0,9.0
2015-05-26,4.0,0.0,3.0,1.0,0.0,8.0,2.0,0.0,1.0,7.0
2015-05-27,4.0,0.0,8.0,3.0,0.0,7.0,5.0,0.0,7.0,8.0
2015-05-28,9.0,0.0,3.0,4.0,3.0,16.0,7.0,0.0,0.0,11.0
2015-05-29,0.0,0.0,8.0,1.0,1.0,7.0,7.0,0.0,0.0,11.0
2015-05-30,4.0,0.0,5.0,3.0,0.0,19.0,7.0,0.0,6.0,17.0
2015-05-31,2.0,0.0,7.0,0.0,1.0,5.0,2.0,0.0,2.0,2.0
2015-06-01,5.0,0.0,5.0,1.0,2.0,12.0,5.0,0.0,2.0,8.0
2015-06-02,2.0,0.0,5.0,2.0,5.0,8.0,9.0,0.0,1.0,11.0
2015-06-03,2.0,0.0,2.0,1.0,8.0,7.0,3.0,0.0,2.0,8.0
2015-06-04,2.0,0.0,1.0,1.0,1.0,4.0,5.0,0.0,0.0,3.0
2015-06-05,6.0,0.0,7.0,1.0,6.0,7.0,4.0,0.0,4.0,15.0
2015-06-06,2.0,0.0,3.0,3.0,3.0,8.0,8.0,0.0,2.0,12.0
2015-06-08,6.0,0.0,7.0,3.0,6.0,15.0,8.0,0.0,2.0,15.0
2015-06-09,4.0,0.0,4.0,0.0,7.0,8.0,6.0,0.0,1.0,9.0
2015-06-10,3.0,0.0,4.0,1.0,2.0,12.0,8.0,0.0,0.0,14.0
2015-06-11,3.0,0.0,8.0,3.0,3.0,10.0,7.0,0.0,2.0,14.0
2015-06-12,1.0,0.0,6.0,4.0,10.0,10.0,9.0,0.0,0.0,15.0
2015-06-13,3.0,0.0,4.0,1.0,4.0,10.0,6.0,0.0,2.0,11.0
2015-06-15,11.0,0.0,4.0,2.0,9.0,10.0,5.0,0.0,0.0,10.0
2015-06-16,9.0,0.0,1.0,2.0,8.0,4.0,2.0,0.0,1.0,8.0
2015-06-17,8.0,0.0,4.0,1.0,1.0,7.0,3.0,0.0,0.0,9.0
2015-06-18,4.0,0.0,1.0,0.0,1.0,4.0,2.0,0.0,0.0,8.0
2015-06-19,1.0,0.0,0.0,0.0,2.0,6.0,4.0,0.0,3.0,9.0
2015-06-20,0.0,0.0,0.0,0.0,3.0,6.0,3.0,0.0,0.0,9.0
2015-06-22,2.0,0.0,7.0,3.0,3.0,8.0,5.0,0.0,0.0,18.0
2015-06-23,4.0,0.0,1.0,2.0,3.0,3.0,2.0,0.0,0.0,9.0
2015-06-25,3.0,0.0,1.0,5.0,3.0,5.0,5.0,0.0,0.0,7.0
2015-06-26,3.0,0.0,1.0,1.0,0.0,5.0,3.0,0.0,0.0,22.0
2015-06-27,6.0,0.0,2.0,2.0,1.0,9.0,2.0,0.0,3.0,13.0
2015-06-29,8.0,0.0,3.0,4.0,1.0,10.0,7.0,0.0,1.0,18.0
2015-06-30,8.0,0.0,2.0,0.0,0.0,9.0,4.0,0.0,3.0,15.0
2015-07-01,4.0,0.0,1.0,4.0,3.0,7.0,3.0,0.0,0.0,13.0
2015-07-02,6.0,0.0,4.0,2.0,3.0,9.0,7.0,0.0,0.0,7.0
2015-07-03,3.0,0.0,3.0,4.0,5.0,5.0,4.0,0.0,2.0,4.0
2015-07-04,6.0,0.0,2.0,1.0,2.0,8.0,2.0,0.0,1.0,6.0
2015-07-06,7.0,0.0,2.0,3.0,8.0,11.0,8.0,0.0,2.0,16.0
2015-07-07,3.0,0.0,5.0,1.0,7.0,5.0,2.0,0.0,0.0,9.0
2015-07-08,7.0,0.0,1.0,0.0,3.0,2.0,4.0,0.0,1.0,13.0
2015-07-09,5.0,0.0,7.0,0.0,7.0,2.0,6.0,0.0,1.0,14.0
2015-07-10,8.0,0.0,7.0,3.0,4.0,9.0,6.0,0.0,1.0,12.0
2015-07-11,3.0,0.0,3.0,5.0,4.0,3.0,7.0,0.0,0.0,11.0
2015-07-13,10.0,0.0,5.0,6.0,7.0,5.0,8.0,0.0,0.0,11.0
2015-07-14,2.0,0.0,3.0,4.0,6.0,3.0,3.0,0.0,2.0,6.0
2015-07-15,4.0,0.0,2.0,3.0,1.0,4.0,2.0,0.0,1.0,7.0
2015-07-16,3.0,0.0,3.0,1.0,3.0,4.0,2.0,0.0,0.0,6.0
2015-07-17,4.0,0.0,4.0,1.0,4.0,2.0,2.0,0.0,0.0,6.0
2015-07-18,4.0,0.0,2.0,3.0,3.0,4.0,2.0,0.0,1.0,5.0
2015-07-20,4.0,0.0,7.0,4.0,4.0,7.0,3.0,0.0,1.0,13.0
2015-07-21,2.0,0.0,0.0,2.0,2.0,9.0,0.0,0.0,0.0,3.0
2015-07-22,6.0,0.0,5.0,1.0,4.0,5.0,3.0,0.0,1.0,7.0
2015-07-23,10.0,0.0,3.0,2.0,2.0,4.0,7.0,0.0,0.0,10.0
2015-07-24,4.0,0.0,3.0,5.0,4.0,3.0,0.0,0.0,0.0,11.0
2015-07-25,3.0,0.0,5.0,3.0,3.0,5.0,2.0,0.0,0.0,7.0
2015-07-27,6.0,0.0,3.0,5.0,8.0,11.0,4.0,0.0,1.0,15.0
2015-07-28,7.0,0.0,2.0,1.0,2.0,4.0,5.0,0.0,1.0,8.0
2015-07-29,4.0,0.0,4.0,1.0,3.0,9.0,5.0,0.0,0.0,9.0
2015-07-30,6.0,0.0,0.0,1.0,2.0,3.0,4.0,0.0,0.0,6.0
2015-07-31,7.0,0.0,5.0,3.0,6.0,5.0,4.0,0.0,1.0,10.0
2015-08-01,6.0,0.0,2.0,2.0,4.0,3.0,4.0,0.0,0.0,8.0
2015-08-03,3.0,0.0,1.0,4.0,2.0,6.0,2.0,0.0,0.0,4.0
2015-08-04,7.0,0.0,5.0,5.0,5.0,5.0,7.0,0.0,0.0,21.0
2015-08-05,6.0,0.0,3.0,3.0,3.0,2.0,1.0,0.0,1.0,10.0
2015-08-06,7.0,0.0,9.0,2.0,4.0,3.0,5.0,0.0,0.0,13.0
2015-08-07,7.0,0.0,6.0,3.0,3.0,4.0,0.0,0.0,1.0,13.0
2015-08-08,3.0,0.0,4.0,0.0,11.0,6.0,4.0,0.0,2.0,23.0
2015-08-09,0.0,0.0,0.0,0.0,3.0,4.0,2.0,0.0,0.0,4.0
2015-08-10,9.0,0.0,7.0,0.0,5.0,6.0,5.0,0.0,0.0,11.0
2015-08-11,7.0,0.0,8.0,0.0,1.0,3.0,5.0,0.0,0.0,5.0
2015-08-12,2.0,0.0,1.0,0.0,3.0,4.0,5.0,0.0,0.0,11.0
2015-08-13,4.0,0.0,7.0,0.0,0.0,2.0,3.0,0.0,1.0,4.0
2015-08-14,5.0,0.0,0.0,0.0,1.0,4.0,3.0,0.0,0.0,10.0
2015-08-15,1.0,0.0,2.0,0.0,3.0,2.0,2.0,0.0,0.0,8.0
2015-08-17,2.0,0.0,4.0,1.0,6.0,5.0,1.0,0.0,0.0,12.0
2015-08-18,3.0,0.0,0.0,0.0,5.0,10.0,9.0,0.0,0.0,10.0
2015-08-19,8.0,0.0,4.0,1.0,1.0,6.0,3.0,0.0,0.0,4.0
2015-08-20,6.0,0.0,4.0,3.0,3.0,2.0,3.0,0.0,0.0,4.0
2015-08-21,4.0,0.0,3.0,2.0,6.0,7.0,3.0,0.0,0.0,15.0
2015-08-22,4.0,0.0,5.0,1.0,3.0,7.0,5.0,0.0,0.0,8.0
2015-08-24,6.0,0.0,5.0,0.0,10.0,9.0,6.0,0.0,0.0,12.0
2015-08-25,1.0,0.0,2.0,0.0,3.0,3.0,3.0,0.0,0.0,2.0
2015-08-26,2.0,0.0,3.0,0.0,1.0,3.0,3.0,0.0,0.0,6.0
2015-08-27,1.0,0.0,5.0,0.0,1.0,5.0,0.0,0.0,0.0,2.0
2015-08-28,2.0,0.0,3.0,1.0,5.0,9.0,2.0,0.0,0.0,2.0
2015-08-29,3.0,0.0,6.0,1.0,4.0,13.0,4.0,0.0,1.0,6.0
2015-08-31,10.0,0.0,2.0,5.0,2.0,13.0,3.0,0.0,0.0,5.0
2015-09-01,2.0,0.0,4.0,1.0,3.0,10.0,4.0,0.0,0.0,4.0
2015-09-02,2.0,0.0,6.0,2.0,3.0,7.0,1.0,0.0,1.0,4.0
2015-09-03,2.0,0.0,3.0,2.0,4.0,7.0,3.0,0.0,1.0,2.0
2015-09-04,2.0,0.0,7.0,1.0,2.0,6.0,1.0,0.0,1.0,0.0
2015-09-05,1.0,0.0,3.0,3.0,5.0,15.0,5.0,0.0,1.0,3.0
2015-09-08,9.0,0.0,4.0,3.0,3.0,22.0,4.0,0.0,2.0,2.0
2015-09-09,7.0,0.0,6.0,2.0,4.0,7.0,3.0,0.0,7.0,3.0
2015-09-10,6.0,0.0,3.0,6.0,4.0,14.0,2.0,0.0,2.0,4.0
2015-09-11,2.0,0.0,3.0,6.0,4.0,3.0,0.0,0.0,1.0,2.0
2015-09-12,6.0,0.0,7.0,4.0,8.0,19.0,7.0,0.0,3.0,1.0
2015-09-14,10.0,0.0,9.0,1.0,8.0,12.0,8.0,0.0,1.0,4.0
2015-09-15,4.0,0.0,5.0,2.0,2.0,7.0,2.0,0.0,2.0,1.0
2015-09-16,3.0,0.0,4.0,1.0,2.0,3.0,0.0,0.0,0.0,1.0
2015-09-17,5.0,0.0,3.0,0.0,7.0,9.0,2.0,0.0,0.0,0.0
2015-09-18,6.0,0.0,6.0,1.0,4.0,7.0,5.0,0.0,2.0,1.0
2015-09-19,6.0,0.0,4.0,0.0,1.0,8.0,2.0,0.0,0.0,1.0
2015-09-21,10.0,0.0,5.0,2.0,9.0,14.0,5.0,0.0,0.0,1.0
2015-09-22,5.0,0.0,4.0,1.0,0.0,4.0,4.0,0.0,1.0,1.0
2015-09-23,4.0,0.0,3.0,2.0,2.0,8.0,1.0,0.0,0.0,1.0
2015-09-24,9.0,0.0,4.0,6.0,2.0,6.0,4.0,0.0,1.0,1.0
2015-09-25,8.0,0.0,4.0,1.0,2.0,3.0,0.0,0.0,1.0,1.0
2015-09-26,6.0,0.0,4.0,1.0,7.0,5.0,1.0,0.0,3.0,2.0
2015-09-28,9.0,0.0,3.0,4.0,3.0,11.0,2.0,0.0,1.0,2.0
2015-09-29,6.0,0.0,5.0,2.0,2.0,8.0,1.0,0.0,1.0,1.0
2015-09-30,11.0,0.0,5.0,0.0,1.0,5.0,1.0,0.0,4.0,6.0
2015-10-01,9.0,0.0,3.0,0.0,5.0,10.0,2.0,0.0,4.0,1.0
2015-10-02,4.0,0.0,10.0,0.0,5.0,4.0,2.0,0.0,1.0,1.0
2015-10-03,3.0,0.0,1.0,0.0,3.0,9.0,3.0,0.0,0.0,0.0
2015-10-05,1.0,0.0,3.0,0.0,8.0,9.0,4.0,0.0,2.0,5.0
2015-10-06,6.0,0.0,4.0,0.0,3.0,5.0,1.0,0.0,2.0,0.0
2015-10-07,5.0,0.0,7.0,0.0,6.0,10.0,4.0,0.0,1.0,0.0
2015-10-08,4.0,0.0,1.0,0.0,3.0,8.0,4.0,0.0,2.0,1.0
2015-10-09,2.0,0.0,5.0,0.0,3.0,7.0,3.0,0.0,0.0,4.0
2015-10-10,5.0,0.0,2.0,0.0,7.0,6.0,5.0,0.0,2.0,9.0
2015-10-12,3.0,0.0,2.0,0.0,1.0,5.0,2.0,0.0,1.0,5.0
2015-10-13,4.0,0.0,4.0,0.0,0.0,5.0,4.0,0.0,2.0,3.0
2015-10-14,2.0,0.0,2.0,1.0,1.0,6.0,2.0,0.0,0.0,5.0
2015-10-15,3.0,0.0,4.0,5.0,3.0,3.0,1.0,0.0,1.0,1.0
2015-10-16,2.0,0.0,3.0,2.0,5.0,7.0,4.0,0.0,1.0,5.0
2015-10-17,3.0,0.0,2.0,1.0,1.0,2.0,3.0,0.0,1.0,3.0
2015-10-20,6.0,0.0,5.0,2.0,1.0,5.0,5.0,0.0,0.0,6.0
2015-10-21,4.0,0.0,2.0,3.0,4.0,6.0,4.0,0.0,0.0,4.0
2015-10-22,9.0,0.0,1.0,3.0,2.0,2.0,0.0,0.0,0.0,1.0
2015-10-23,8.0,0.0,1.0,2.0,1.0,5.0,0.0,0.0,1.0,2.0
2015-10-24,8.0,0.0,2.0,1.0,2.0,3.0,6.0,0.0,1.0,1.0
2015-10-26,10.0,0.0,1.0,2.0,2.0,13.0,2.0,0.0,0.0,1.0
2015-10-27,5.0,0.0,2.0,0.0,3.0,10.0,5.0,0.0,0.0,1.0
2015-10-28,6.0,0.0,4.0,1.0,4.0,5.0,1.0,0.0,1.0,3.0
2015-10-29,6.0,0.0,8.0,2.0,1.0,2.0,3.0,0.0,1.0,6.0
2015-10-30,6.0,0.0,5.0,3.0,3.0,11.0,2.0,0.0,2.0,1.0
2015-10-31,6.0,0.0,5.0,4.0,4.0,12.0,3.0,0.0,0.0,3.0
2015-11-02,2.0,0.0,5.0,1.0,0.0,2.0,2.0,0.0,0.0,0.0
2015-11-03,3.0,0.0,2.0,3.0,0.0,4.0,4.0,0.0,0.0,1.0
2015-11-04,2.0,0.0,1.0,3.0,2.0,3.0,4.0,0.0,1.0,5.0
2015-11-05,6.0,0.0,1.0,0.0,0.0,5.0,4.0,0.0,0.0,8.0
2015-11-06,5.0,0.0,7.0,1.0,4.0,8.0,5.0,0.0,2.0,3.0
2015-11-07,3.0,0.0,7.0,2.0,2.0,8.0,1.0,0.0,1.0,4.0
2015-11-09,5.0,0.0,5.0,5.0,5.0,9.0,6.0,0.0,1.0,11.0
2015-11-10,6.0,0.0,3.0,3.0,5.0,7.0,4.0,0.0,2.0,3.0
2015-11-11,4.0,0.0,3.0,2.0,1.0,4.0,1.0,0.0,0.0,6.0
2015-11-12,5.0,0.0,3.0,1.0,1.0,2.0,3.0,0.0,0.0,6.0
2015-11-13,5.0,0.0,0.0,4.0,1.0,8.0,2.0,0.0,0.0,2.0
2015-11-14,3.0,0.0,4.0,4.0,4.0,6.0,3.0,0.0,0.0,4.0
2015-11-16,1.0,0.0,4.0,7.0,5.0,8.0,4.0,0.0,2.0,3.0
2015-11-17,3.0,0.0,2.0,1.0,7.0,12.0,5.0,0.0,2.0,7.0
2015-11-18,1.0,0.0,4.0,0.0,4.0,5.0,1.0,0.0,1.0,3.0
2015-11-19,1.0,0.0,11.0,2.0,3.0,3.0,2.0,0.0,3.0,1.0
2015-11-20,4.0,0.0,5.0,2.0,4.0,5.0,2.0,0.0,0.0,5.0
2015-11-21,2.0,0.0,13.0,0.0,2.0,1.0,0.0,0.0,1.0,1.0
2015-11-23,5.0,0.0,10.0,5.0,4.0,6.0,3.0,0.0,3.0,5.0
2015-11-24,6.0,0.0,9.0,2.0,4.0,6.0,0.0,0.0,6.0,6.0
2015-11-25,13.0,0.0,11.0,2.0,3.0,7.0,2.0,0.0,10.0,1.0
2015-11-26,13.0,0.0,8.0,6.0,2.0,11.0,1.0,0.0,28.0,4.0
2015-11-27,21.0,11.0,9.0,2.0,3.0,13.0,7.0,0.0,10.0,7.0
2015-11-28,19.0,11.0,12.0,0.0,5.0,4.0,1.0,0.0,14.0,3.0
2015-11-30,8.0,13.0,3.0,4.0,3.0,8.0,3.0,0.0,12.0,6.0
2015-12-01,4.0,10.0,1.0,2.0,0.0,1.0,2.0,0.0,0.0,4.0
2015-12-02,6.0,7.0,1.0,1.0,1.0,1.0,2.0,0.0,1.0,1.0
2015-12-03,8.0,11.0,8.0,3.0,3.0,4.0,5.0,0.0,2.0,5.0
2015-12-04,5.0,7.0,19.0,4.0,3.0,1.0,1.0,0.0,2.0,1.0
2015-12-05,4.0,6.0,15.0,1.0,3.0,5.0,1.0,0.0,5.0,5.0
2015-12-07,4.0,14.0,12.0,1.0,4.0,8.0,1.0,0.0,3.0,5.0
2015-12-08,3.0,5.0,0.0,2.0,1.0,3.0,2.0,0.0,1.0,3.0
2015-12-09,7.0,11.0,14.0,4.0,1.0,1.0,2.0,0.0,4.0,5.0
2015-12-10,6.0,6.0,6.0,1.0,2.0,0.0,1.0,0.0,0.0,9.0
2015-12-11,2.0,6.0,4.0,2.0,2.0,1.0,1.0,0.0,0.0,1.0
2015-12-12,6.0,5.0,11.0,1.0,5.0,3.0,1.0,0.0,0.0,6.0
2015-12-14,5.0,13.0,16.0,1.0,4.0,4.0,5.0,0.0,0.0,7.0
2015-12-15,5.0,9.0,6.0,1.0,2.0,3.0,3.0,0.0,0.0,2.0
2015-12-16,1.0,6.0,1.0,2.0,2.0,3.0,2.0,0.0,0.0,5.0
2015-12-17,2.0,16.0,3.0,1.0,4.0,4.0,6.0,0.0,1.0,11.0
2015-12-18,7.0,6.0,11.0,4.0,1.0,3.0,5.0,0.0,2.0,7.0
2015-12-19,7.0,15.0,10.0,2.0,1.0,3.0,3.0,0.0,0.0,0.0
2015-12-21,5.0,14.0,5.0,5.0,5.0,11.0,4.0,0.0,0.0,6.0
2015-12-22,7.0,9.0,6.0,0.0,4.0,2.0,1.0,0.0,0.0,10.0
2015-12-23,2.0,11.0,7.0,4.0,3.0,3.0,2.0,0.0,1.0,4.0
2015-12-24,2.0,5.0,3.0,0.0,0.0,2.0,1.0,0.0,0.0,4.0
2015-12-26,1.0,4.0,11.0,2.0,1.0,1.0,3.0,0.0,0.0,6.0
2015-12-28,2.0,22.0,8.0,3.0,3.0,3.0,1.0,0.0,0.0,4.0
2015-12-29,1.0,12.0,3.0,3.0,3.0,2.0,0.0,0.0,0.0,2.0
2015-12-30,6.0,10.0,6.0,0.0,2.0,4.0,0.0,0.0,2.0,5.0
2015-12-31,1.0,15.0,8.0,0.0,2.0,2.0,1.0,0.0,1.0,6.0
2016-01-02,1.0,5.0,2.0,2.0,1.0,1.0,1.0,0.0,0.0,3.0
2016-01-04,2.0,16.0,13.0,2.0,2.0,3.0,5.0,0.0,0.0,6.0
2016-01-05,6.0,12.0,6.0,2.0,1.0,1.0,1.0,0.0,0.0,9.0
2016-01-06,2.0,15.0,3.0,0.0,5.0,2.0,3.0,0.0,0.0,4.0
2016-01-07,5.0,6.0,7.0,0.0,2.0,4.0,3.0,0.0,3.0,6.0
2016-01-08,6.0,13.0,9.0,0.0,4.0,7.0,0.0,0.0,20.0,4.0
2016-01-09,3.0,14.0,6.0,0.0,4.0,5.0,3.0,0.0,17.0,7.0
2016-01-11,0.0,18.0,0.0,0.0,1.0,2.0,2.0,0.0,6.0,3.0
2016-01-12,2.0,9.0,3.0,0.0,2.0,4.0,1.0,0.0,4.0,2.0
2016-01-13,1.0,12.0,8.0,0.0,2.0,4.0,2.0,0.0,7.0,5.0
2016-01-14,0.0,10.0,6.0,0.0,1.0,2.0,1.0,0.0,6.0,0.0
2016-01-15,1.0,17.0,5.0,0.0,0.0,0.0,0.0,0.0,2.0,4.0
2016-01-16,2.0,12.0,3.0,0.0,2.0,2.0,4.0,0.0,5.0,7.0
2016-01-18,1.0,13.0,5.0,0.0,1.0,6.0,2.0,0.0,0.0,8.0
2016-01-19,1.0,12.0,6.0,0.0,5.0,5.0,2.0,0.0,0.0,9.0
2016-01-20,0.0,13.0,8.0,0.0,4.0,8.0,1.0,0.0,2.0,3.0
2016-01-21,2.0,12.0,6.0,0.0,4.0,4.0,2.0,0.0,15.0,10.0
2016-01-22,2.0,5.0,1.0,0.0,3.0,6.0,0.0,0.0,9.0,4.0
2016-01-23,2.0,4.0,4.0,0.0,4.0,2.0,2.0,0.0,2.0,4.0
2016-01-25,5.0,10.0,13.0,0.0,2.0,5.0,0.0,0.0,12.0,7.0
2016-01-26,5.0,13.0,5.0,0.0,3.0,6.0,3.0,0.0,19.0,5.0
2016-01-27,1.0,8.0,10.0,0.0,3.0,4.0,1.0,0.0,0.0,8.0
2016-01-28,3.0,5.0,7.0,0.0,2.0,2.0,3.0,0.0,0.0,5.0
2016-01-29,1.0,9.0,13.0,0.0,4.0,4.0,3.0,0.0,0.0,5.0
2016-01-30,0.0,7.0,8.0,0.0,2.0,4.0,0.0,0.0,0.0,5.0
2016-02-01,6.0,9.0,8.0,0.0,5.0,2.0,1.0,0.0,3.0,13.0
2016-02-02,0.0,4.0,3.0,0.0,2.0,1.0,1.0,0.0,0.0,1.0
2016-02-03,2.0,7.0,8.0,0.0,4.0,4.0,0.0,0.0,1.0,11.0
2016-02-04,1.0,6.0,6.0,0.0,0.0,4.0,1.0,0.0,3.0,4.0
2016-02-05,3.0,10.0,6.0,0.0,7.0,8.0,0.0,0.0,0.0,6.0
2016-02-06,2.0,8.0,7.0,0.0,2.0,5.0,3.0,0.0,0.0,8.0
2016-02-08,7.0,8.0,8.0,0.0,2.0,4.0,4.0,0.0,1.0,5.0
2016-02-10,4.0,11.0,0.0,0.0,1.0,1.0,4.0,0.0,0.0,3.0
2016-02-11,2.0,11.0,7.0,0.0,1.0,1.0,2.0,0.0,0.0,4.0
2016-02-12,2.0,6.0,7.0,0.0,0.0,4.0,1.0,0.0,0.0,4.0
2016-02-13,1.0,4.0,8.0,0.0,0.0,2.0,1.0,0.0,0.0,2.0
2016-02-15,0.0,11.0,18.0,0.0,1.0,5.0,2.0,0.0,3.0,20.0
2016-02-16,2.0,6.0,7.0,0.0,1.0,4.0,0.0,0.0,0.0,9.0
2016-02-17,2.0,5.0,4.0,0.0,0.0,1.0,0.0,0.0,1.0,1.0
2016-02-18,2.0,4.0,4.0,0.0,0.0,2.0,0.0,0.0,0.0,4.0
2016-02-19,1.0,6.0,5.0,0.0,3.0,1.0,0.0,0.0,0.0,3.0
2016-02-20,2.0,7.0,7.0,0.0,2.0,5.0,0.0,0.0,0.0,10.0
2016-02-22,5.0,13.0,6.0,0.0,2.0,3.0,1.0,0.0,0.0,8.0
2016-02-23,2.0,10.0,7.0,0.0,1.0,2.0,2.0,0.0,0.0,2.0
2016-02-24,3.0,10.0,4.0,0.0,1.0,1.0,0.0,0.0,0.0,3.0
2016-02-25,7.0,6.0,5.0,0.0,1.0,3.0,0.0,0.0,0.0,7.0
2016-02-26,1.0,7.0,6.0,0.0,1.0,2.0,0.0,0.0,0.0,2.0
2016-02-27,2.0,3.0,8.0,0.0,0.0,1.0,1.0,0.0,0.0,0.0
2016-02-29,9.0,13.0,9.0,0.0,4.0,4.0,1.0,0.0,0.0,0.0
2016-03-01,4.0,4.0,3.0,0.0,3.0,4.0,1.0,0.0,0.0,3.0
2016-03-02,6.0,7.0,7.0,0.0,1.0,3.0,2.0,0.0,0.0,4.0
2016-03-03,2.0,4.0,3.0,0.0,1.0,3.0,0.0,0.0,10.0,4.0
2016-03-04,3.0,6.0,3.0,0.0,0.0,2.0,2.0,0.0,7.0,8.0
2016-03-05,2.0,4.0,6.0,0.0,4.0,5.0,0.0,0.0,3.0,3.0
2016-03-07,7.0,14.0,14.0,0.0,1.0,10.0,2.0,0.0,18.0,4.0
2016-03-08,1.0,3.0,11.0,0.0,3.0,2.0,0.0,0.0,3.0,5.0
2016-03-09,1.0,10.0,12.0,0.0,5.0,7.0,0.0,0.0,0.0,3.0
2016-03-10,1.0,10.0,13.0,0.0,1.0,1.0,4.0,0.0,0.0,6.0
2016-03-11,5.0,5.0,5.0,0.0,3.0,4.0,2.0,0.0,0.0,4.0
2016-03-12,7.0,15.0,5.0,0.0,3.0,3.0,0.0,0.0,0.0,2.0
2016-03-14,8.0,10.0,28.0,0.0,4.0,9.0,2.0,0.0,0.0,4.0
2016-03-15,0.0,15.0,11.0,0.0,1.0,3.0,4.0,0.0,0.0,2.0
2016-03-16,0.0,13.0,4.0,0.0,3.0,1.0,0.0,0.0,0.0,4.0
2016-03-17,3.0,16.0,6.0,0.0,4.0,2.0,1.0,0.0,0.0,2.0
2016-03-18,1.0,12.0,12.0,1.0,2.0,5.0,2.0,0.0,1.0,2.0
2016-03-19,4.0,9.0,1.0,0.0,1.0,0.0,0.0,0.0,0.0,1.0
2016-03-21,5.0,14.0,10.0,1.0,4.0,4.0,1.0,0.0,0.0,3.0
2016-03-22,7.0,17.0,9.0,2.0,5.0,4.0,3.0,0.0,0.0,2.0
2016-03-23,5.0,7.0,11.0,4.0,4.0,0.0,0.0,0.0,1.0,1.0
2016-03-24,4.0,11.0,11.0,2.0,0.0,5.0,4.0,0.0,0.0,1.0
2016-03-26,5.0,12.0,7.0,2.0,3.0,5.0,4.0,0.0,0.0,2.0
2016-03-28,5.0,2.0,3.0,2.0,0.0,4.0,2.0,0.0,0.0,2.0
2016-03-29,1.0,10.0,8.0,3.0,1.0,3.0,1.0,0.0,4.0,1.0
2016-03-30,3.0,11.0,3.0,2.0,4.0,4.0,0.0,0.0,60.0,10.0
2016-03-31,4.0,6.0,10.0,1.0,2.0,3.0,1.0,0.0,28.0,10.0
2016-04-01,2.0,7.0,6.0,0.0,2.0,4.0,1.0,0.0,21.0,1.0
2016-04-02,4.0,8.0,7.0,0.0,3.0,3.0,0.0,0.0,25.0,6.0
2016-04-04,1.0,4.0,17.0,3.0,0.0,2.0,4.0,0.0,6.0,4.0
2016-04-05,1.0,10.0,5.0,1.0,2.0,0.0,2.0,0.0,2.0,2.0
2016-04-06,0.0,6.0,6.0,0.0,1.0,2.0,1.0,0.0,2.0,3.0
2016-04-07,0.0,15.0,8.0,1.0,1.0,1.0,3.0,0.0,3.0,4.0
2016-04-08,3.0,9.0,6.0,2.0,3.0,4.0,0.0,0.0,3.0,3.0
2016-04-09,3.0,7.0,5.0,0.0,2.0,3.0,1.0,0.0,0.0,2.0
2016-04-11,4.0,4.0,18.0,1.0,5.0,5.0,2.0,0.0,1.0,5.0
2016-04-12,1.0,4.0,1.0,4.0,0.0,0.0,1.0,0.0,3.0,1.0
2016-04-13,2.0,7.0,0.0,3.0,2.0,2.0,0.0,0.0,2.0,0.0
2016-04-14,5.0,8.0,4.0,3.0,2.0,0.0,1.0,0.0,9.0,0.0
2016-04-15,0.0,6.0,3.0,3.0,3.0,5.0,2.0,0.0,11.0,2.0
2016-04-16,2.0,5.0,3.0,1.0,3.0,2.0,2.0,0.0,1.0,0.0
2016-04-18,1.0,4.0,4.0,3.0,7.0,6.0,1.0,0.0,5.0,4.0
2016-04-19,2.0,7.0,5.0,0.0,3.0,1.0,2.0,0.0,5.0,2.0
2016-04-20,0.0,2.0,6.0,4.0,1.0,1.0,1.0,0.0,4.0,2.0
2016-04-22,3.0,11.0,8.0,1.0,2.0,2.0,4.0,0.0,6.0,3.0
2016-04-23,4.0,6.0,5.0,4.0,5.0,4.0,1.0,0.0,4.0,4.0
2016-04-25,3.0,4.0,11.0,3.0,3.0,5.0,1.0,0.0,9.0,2.0
2016-04-26,1.0,7.0,1.0,1.0,0.0,3.0,3.0,0.0,1.0,3.0
2016-04-27,3.0,4.0,1.0,1.0,3.0,4.0,0.0,0.0,0.0,7.0
2016-04-28,1.0,7.0,7.0,3.0,2.0,1.0,2.0,0.0,1.0,4.0
2016-04-29,2.0,8.0,11.0,3.0,2.0,5.0,2.0,0.0,0.0,1.0
2016-04-30,4.0,5.0,1.0,2.0,4.0,5.0,1.0,0.0,0.0,2.0
2016-05-02,3.0,15.0,10.0,1.0,4.0,3.0,0.0,0.0,3.0,1.0
2016-05-03,2.0,6.0,4.0,2.0,3.0,5.0,1.0,0.0,1.0,0.0
2016-05-04,4.0,9.0,5.0,1.0,6.0,7.0,2.0,0.0,2.0,4.0
2016-05-05,4.0,7.0,7.0,3.0,4.0,8.0,3.0,0.0,5.0,1.0
2016-05-06,3.0,11.0,11.0,5.0,6.0,7.0,4.0,0.0,2.0,4.0
2016-05-07,3.0,26.0,27.0,4.0,5.0,8.0,4.0,0.0,3.0,1.0
2016-05-09,3.0,4.0,5.0,2.0,1.0,3.0,1.0,0.0,2.0,0.0
2016-05-10,6.0,4.0,8.0,3.0,1.0,3.0,1.0,0.0,3.0,1.0
2016-05-11,1.0,6.0,1.0,2.0,1.0,3.0,1.0,0.0,1.0,2.0
2016-05-12,1.0,6.0,2.0,0.0,3.0,4.0,3.0,0.0,1.0,2.0
2016-05-13,3.0,7.0,3.0,1.0,2.0,3.0,2.0,0.0,0.0,4.0
2016-05-14,2.0,7.0,5.0,1.0,6.0,9.0,1.0,0.0,1.0,4.0
2016-05-16,1.0,12.0,8.0,3.0,5.0,7.0,1.0,0.0,1.0,1.0
2016-05-17,1.0,6.0,5.0,4.0,3.0,2.0,1.0,0.0,0.0,2.0
2016-05-18,0.0,3.0,1.0,2.0,1.0,4.0,0.0,0.0,1.0,3.0
2016-05-19,3.0,8.0,1.0,2.0,3.0,5.0,2.0,0.0,2.0,2.0
2016-05-20,4.0,2.0,9.0,1.0,0.0,2.0,3.0,0.0,2.0,1.0
2016-05-21,0.0,4.0,4.0,1.0,1.0,4.0,2.0,0.0,1.0,1.0
2016-05-23,2.0,2.0,6.0,1.0,1.0,6.0,1.0,0.0,1.0,1.0
2016-05-24,2.0,2.0,3.0,0.0,0.0,2.0,0.0,0.0,2.0,0.0
2016-05-25,2.0,3.0,3.0,1.0,2.0,5.0,0.0,0.0,2.0,0.0
2016-05-26,0.0,3.0,0.0,0.0,0.0,1.0,1.0,0.0,1.0,0.0
2016-05-27,1.0,3.0,2.0,3.0,2.0,6.0,1.0,0.0,2.0,1.0
2016-05-28,1.0,8.0,1.0,2.0,1.0,4.0,0.0,0.0,0.0,1.0
2016-05-30,1.0,4.0,2.0,1.0,1.0,1.0,0.0,0.0,2.0,1.0
2016-05-31,4.0,12.0,3.0,1.0,3.0,8.0,3.0,0.0,21.0,2.0
2016-06-01,1.0,5.0,1.0,1.0,2.0,3.0,0.0,0.0,0.0,0.0
2016-06-02,2.0,2.0,7.0,1.0,2.0,5.0,1.0,0.0,0.0,3.0
2016-06-03,1.0,5.0,4.0,4.0,2.0,3.0,0.0,0.0,0.0,0.0
2016-06-04,0.0,3.0,3.0,1.0,1.0,3.0,0.0,0.0,0.0,1.0
2016-06-06,2.0,3.0,12.0,5.0,2.0,8.0,0.0,0.0,2.0,2.0
2016-06-07,0.0,4.0,2.0,5.0,0.0,5.0,1.0,0.0,1.0,1.0
2016-06-08,3.0,7.0,5.0,6.0,2.0,2.0,0.0,0.0,2.0,2.0
2016-06-09,2.0,1.0,5.0,1.0,1.0,2.0,0.0,0.0,0.0,2.0
2016-06-10,1.0,5.0,6.0,1.0,1.0,7.0,0.0,0.0,1.0,3.0
2016-06-11,0.0,7.0,8.0,7.0,2.0,8.0,1.0,0.0,1.0,0.0
2016-06-13,2.0,15.0,2.0,8.0,4.0,7.0,1.0,0.0,2.0,2.0
2016-06-14,1.0,8.0,5.0,4.0,3.0,4.0,1.0,0.0,0.0,2.0
2016-06-15,2.0,9.0,2.0,2.0,2.0,1.0,1.0,0.0,3.0,1.0
2016-06-16,2.0,8.0,4.0,2.0,4.0,6.0,0.0,0.0,2.0,1.0
2016-06-17,4.0,7.0,6.0,2.0,1.0,2.0,5.0,1.0,0.0,3.0
2016-06-18,0.0,3.0,0.0,5.0,1.0,3.0,1.0,0.0,2.0,1.0
2016-06-20,4.0,8.0,6.0,2.0,2.0,3.0,0.0,0.0,1.0,0.0
2016-06-21,1.0,7.0,3.0,0.0,0.0,5.0,0.0,0.0,1.0,4.0
2016-06-22,0.0,7.0,2.0,2.0,1.0,4.0,2.0,0.0,1.0,2.0
2016-06-23,1.0,8.0,2.0,3.0,1.0,6.0,1.0,0.0,6.0,1.0
2016-06-25,1.0,4.0,1.0,1.0,4.0,8.0,0.0,0.0,1.0,1.0
2016-06-27,2.0,10.0,3.0,3.0,1.0,4.0,1.0,0.0,0.0,3.0
2016-06-28,4.0,6.0,1.0,2.0,1.0,5.0,1.0,0.0,0.0,2.0
2016-06-29,1.0,8.0,1.0,4.0,1.0,4.0,0.0,0.0,1.0,1.0
2016-06-30,3.0,14.0,0.0,2.0,0.0,7.0,0.0,0.0,0.0,1.0
2016-07-01,0.0,5.0,5.0,1.0,1.0,3.0,1.0,0.0,2.0,4.0
2016-07-02,2.0,7.0,3.0,1.0,1.0,4.0,1.0,0.0,0.0,2.0
2016-07-04,5.0,7.0,2.0,0.0,2.0,5.0,2.0,0.0,1.0,4.0
2016-07-05,2.0,6.0,4.0,0.0,0.0,11.0,2.0,0.0,0.0,1.0
2016-07-06,1.0,5.0,5.0,0.0,2.0,3.0,1.0,0.0,1.0,0.0
2016-07-07,4.0,17.0,6.0,0.0,1.0,7.0,3.0,0.0,1.0,4.0
2016-07-08,9.0,1.0,3.0,0.0,1.0,8.0,0.0,0.0,0.0,6.0
2016-07-09,0.0,7.0,0.0,0.0,4.0,10.0,1.0,0.0,0.0,2.0
2016-07-11,1.0,17.0,5.0,0.0,0.0,14.0,2.0,0.0,1.0,5.0
2016-07-12,1.0,5.0,3.0,0.0,0.0,2.0,0.0,0.0,1.0,2.0
2016-07-13,1.0,8.0,3.0,0.0,2.0,2.0,0.0,0.0,0.0,3.0
2016-07-14,1.0,6.0,1.0,0.0,0.0,6.0,3.0,0.0,3.0,2.0
2016-07-15,1.0,6.0,2.0,0.0,3.0,7.0,0.0,0.0,1.0,1.0
2016-07-16,4.0,7.0,0.0,0.0,3.0,10.0,1.0,0.0,0.0,4.0
2016-07-18,6.0,11.0,1.0,0.0,4.0,5.0,1.0,0.0,1.0,3.0
2016-07-19,0.0,4.0,3.0,0.0,0.0,4.0,0.0,0.0,0.0,1.0
2016-07-20,0.0,2.0,3.0,1.0,0.0,4.0,0.0,0.0,1.0,1.0
2016-07-21,1.0,3.0,4.0,3.0,1.0,5.0,0.0,0.0,0.0,3.0
2016-07-22,2.0,4.0,2.0,0.0,0.0,6.0,1.0,0.0,1.0,2.0
2016-07-23,2.0,5.0,2.0,3.0,3.0,4.0,0.0,0.0,0.0,2.0
2016-07-25,4.0,7.0,7.0,3.0,3.0,5.0,0.0,0.0,2.0,2.0
2016-07-26,2.0,3.0,1.0,4.0,0.0,2.0,1.0,0.0,2.0,1.0
2016-07-27,0.0,5.0,2.0,5.0,1.0,6.0,2.0,0.0,0.0,2.0
2016-07-28,1.0,3.0,0.0,2.0,1.0,1.0,1.0,0.0,1.0,3.0
2016-07-29,3.0,8.0,2.0,4.0,0.0,2.0,1.0,0.0,1.0,2.0
2016-07-30,4.0,9.0,2.0,5.0,1.0,4.0,0.0,0.0,1.0,0.0
2016-08-01,0.0,3.0,0.0,4.0,2.0,3.0,2.0,0.0,0.0,2.0
2016-08-02,1.0,3.0,1.0,3.0,0.0,2.0,1.0,0.0,0.0,2.0
2016-08-04,2.0,13.0,4.0,5.0,2.0,3.0,0.0,0.0,0.0,3.0
2016-08-05,2.0,8.0,5.0,4.0,1.0,6.0,0.0,0.0,2.0,2.0
2016-08-06,1.0,5.0,5.0,4.0,1.0,6.0,0.0,0.0,4.0,4.0
2016-08-08,5.0,15.0,11.0,0.0,1.0,10.0,3.0,0.0,2.0,6.0
2016-08-09,1.0,9.0,0.0,0.0,4.0,5.0,3.0,0.0,2.0,5.0
2016-08-10,2.0,15.0,2.0,1.0,5.0,4.0,1.0,0.0,0.0,3.0
2016-08-11,2.0,11.0,6.0,0.0,7.0,3.0,3.0,0.0,1.0,5.0
2016-08-12,0.0,4.0,4.0,1.0,1.0,4.0,1.0,0.0,5.0,2.0
2016-08-13,2.0,8.0,2.0,2.0,2.0,8.0,0.0,0.0,1.0,7.0
2016-08-14,2.0,2.0,3.0,3.0,3.0,6.0,0.0,0.0,3.0,4.0
2016-08-15,2.0,8.0,3.0,2.0,4.0,2.0,0.0,0.0,0.0,5.0
2016-08-16,1.0,9.0,0.0,1.0,2.0,3.0,0.0,0.0,0.0,3.0
2016-08-17,1.0,5.0,1.0,3.0,2.0,4.0,0.0,0.0,0.0,1.0
2016-08-18,5.0,5.0,2.0,3.0,3.0,3.0,0.0,0.0,1.0,3.0
2016-08-19,2.0,3.0,0.0,3.0,1.0,2.0,0.0,0.0,0.0,3.0
2016-08-20,7.0,5.0,3.0,1.0,3.0,3.0,1.0,0.0,1.0,2.0
2016-08-22,3.0,9.0,7.0,2.0,1.0,5.0,3.0,0.0,2.0,1.0
2016-08-23,1.0,2.0,0.0,4.0,3.0,4.0,1.0,0.0,0.0,3.0
2016-08-24,1.0,6.0,2.0,2.0,1.0,3.0,0.0,0.0,3.0,1.0
2016-08-25,2.0,4.0,0.0,3.0,1.0,0.0,0.0,0.0,0.0,1.0
2016-08-26,2.0,5.0,0.0,8.0,2.0,5.0,2.0,0.0,0.0,2.0
2016-08-27,2.0,8.0,1.0,4.0,1.0,2.0,0.0,0.0,1.0,5.0
2016-08-28,0.0,2.0,0.0,1.0,1.0,0.0,1.0,0.0,1.0,1.0
2016-08-29,2.0,13.0,3.0,4.0,0.0,5.0,0.0,0.0,2.0,0.0
2016-08-30,4.0,9.0,2.0,2.0,0.0,2.0,0.0,0.0,0.0,4.0
2016-08-31,7.0,8.0,3.0,0.0,0.0,3.0,0.0,5.0,5.0,2.0
2016-09-01,2.0,6.0,1.0,0.0,2.0,4.0,1.0,4.0,2.0,0.0
2016-09-02,2.0,8.0,2.0,0.0,2.0,5.0,2.0,2.0,1.0,0.0
2016-09-03,2.0,7.0,2.0,0.0,1.0,5.0,1.0,2.0,0.0,0.0
2016-09-05,5.0,23.0,1.0,0.0,5.0,6.0,0.0,4.0,0.0,0.0
2016-09-06,2.0,23.0,1.0,0.0,5.0,6.0,1.0,3.0,0.0,0.0
2016-09-08,2.0,15.0,3.0,0.0,3.0,9.0,1.0,4.0,0.0,0.0
2016-09-09,4.0,11.0,1.0,0.0,3.0,7.0,0.0,8.0,1.0,0.0
2016-09-10,3.0,11.0,2.0,0.0,1.0,6.0,0.0,2.0,0.0,0.0
2016-09-12,6.0,3.0,0.0,7.0,4.0,12.0,0.0,7.0,0.0,0.0
2016-09-13,4.0,2.0,2.0,5.0,0.0,9.0,1.0,5.0,1.0,0.0
2016-09-14,1.0,10.0,3.0,4.0,1.0,3.0,0.0,3.0,0.0,0.0
2016-09-15,0.0,5.0,2.0,1.0,4.0,8.0,0.0,3.0,0.0,0.0
2016-09-16,0.0,7.0,1.0,1.0,1.0,4.0,0.0,0.0,3.0,0.0
2016-09-17,2.0,6.0,1.0,0.0,1.0,4.0,2.0,0.0,2.0,0.0
2016-09-19,0.0,16.0,1.0,2.0,5.0,15.0,0.0,3.0,3.0,0.0
2016-09-20,0.0,10.0,3.0,1.0,4.0,11.0,0.0,2.0,2.0,0.0
2016-09-21,1.0,7.0,2.0,2.0,0.0,4.0,0.0,4.0,3.0,0.0
2016-09-22,1.0,10.0,1.0,3.0,3.0,5.0,1.0,4.0,7.0,0.0
2016-09-23,2.0,2.0,3.0,0.0,0.0,4.0,1.0,3.0,4.0,0.0
2016-09-24,0.0,6.0,2.0,1.0,2.0,7.0,1.0,3.0,5.0,0.0
2016-09-26,1.0,9.0,6.0,4.0,4.0,10.0,1.0,5.0,5.0,0.0
2016-09-27,1.0,5.0,1.0,2.0,2.0,7.0,0.0,0.0,3.0,0.0
2016-09-28,2.0,7.0,3.0,0.0,2.0,4.0,1.0,2.0,0.0,0.0
2016-09-29,1.0,7.0,1.0,1.0,2.0,6.0,2.0,7.0,1.0,0.0
2016-09-30,2.0,9.0,0.0,2.0,2.0,9.0,0.0,7.0,1.0,0.0
2016-10-01,3.0,8.0,4.0,4.0,1.0,2.0,0.0,1.0,5.0,0.0
2016-10-03,4.0,8.0,2.0,2.0,2.0,7.0,0.0,0.0,0.0,0.0
2016-10-04,2.0,10.0,1.0,1.0,0.0,3.0,0.0,4.0,0.0,0.0
2016-10-05,1.0,9.0,1.0,1.0,2.0,12.0,1.0,2.0,0.0,0.0
2016-10-06,3.0,10.0,1.0,1.0,2.0,4.0,0.0,5.0,0.0,0.0
2016-10-07,2.0,9.0,5.0,1.0,3.0,8.0,2.0,5.0,0.0,0.0
2016-10-08,3.0,16.0,1.0,8.0,1.0,8.0,0.0,3.0,0.0,0.0
2016-10-10,7.0,21.0,0.0,4.0,6.0,7.0,5.0,9.0,0.0,0.0
2016-10-11,0.0,18.0,1.0,1.0,4.0,6.0,1.0,6.0,0.0,0.0
2016-10-12,0.0,9.0,2.0,4.0,5.0,4.0,1.0,4.0,0.0,0.0
2016-10-13,0.0,5.0,1.0,3.0,0.0,5.0,1.0,7.0,0.0,0.0
2016-10-14,1.0,4.0,0.0,2.0,3.0,6.0,0.0,1.0,0.0,0.0
2016-10-15,3.0,11.0,1.0,2.0,3.0,4.0,1.0,5.0,0.0,0.0
2016-10-18,2.0,14.0,0.0,4.0,5.0,13.0,2.0,9.0,4.0,0.0
2016-10-19,1.0,10.0,1.0,6.0,2.0,7.0,2.0,0.0,1.0,0.0
2016-10-20,2.0,9.0,2.0,2.0,3.0,3.0,0.0,6.0,5.0,0.0
2016-10-21,1.0,8.0,1.0,2.0,3.0,2.0,1.0,3.0,3.0,0.0
2016-10-22,1.0,10.0,1.0,3.0,2.0,3.0,1.0,5.0,0.0,0.0
2016-10-24,6.0,17.0,1.0,4.0,1.0,8.0,5.0,6.0,0.0,0.0
2016-10-25,4.0,15.0,0.0,7.0,5.0,4.0,1.0,3.0,0.0,0.0
2016-10-26,5.0,11.0,3.0,5.0,2.0,4.0,4.0,3.0,0.0,0.0
2016-10-27,7.0,11.0,0.0,2.0,1.0,4.0,1.0,2.0,3.0,0.0
2016-10-28,4.0,16.0,6.0,4.0,6.0,6.0,0.0,7.0,0.0,0.0
2016-10-29,2.0,11.0,2.0,2.0,1.0,2.0,1.0,3.0,5.0,0.0
2016-10-31,3.0,10.0,3.0,1.0,1.0,2.0,0.0,3.0,3.0,0.0
2016-11-01,1.0,14.0,1.0,0.0,4.0,3.0,1.0,6.0,1.0,0.0
2016-11-03,4.0,9.0,1.0,0.0,1.0,3.0,0.0,3.0,0.0,0.0
2016-11-04,2.0,18.0,3.0,0.0,3.0,4.0,1.0,4.0,0.0,0.0
2016-11-05,3.0,7.0,2.0,0.0,1.0,1.0,1.0,5.0,0.0,0.0
2016-11-07,4.0,16.0,2.0,2.0,3.0,6.0,2.0,5.0,0.0,0.0
2016-11-08,3.0,9.0,2.0,2.0,4.0,7.0,1.0,2.0,0.0,0.0
2016-11-09,0.0,12.0,3.0,1.0,6.0,6.0,3.0,2.0,0.0,0.0
2016-11-10,3.0,8.0,3.0,1.0,0.0,2.0,1.0,2.0,0.0,0.0
2016-11-11,1.0,9.0,4.0,5.0,0.0,5.0,1.0,2.0,0.0,0.0
2016-11-12,3.0,18.0,5.0,5.0,5.0,5.0,0.0,3.0,0.0,0.0
2016-11-14,6.0,16.0,6.0,3.0,3.0,8.0,3.0,6.0,4.0,0.0
2016-11-16,4.0,8.0,3.0,5.0,6.0,5.0,0.0,1.0,5.0,0.0
2016-11-17,6.0,13.0,4.0,1.0,3.0,5.0,0.0,4.0,9.0,0.0
2016-11-18,4.0,12.0,2.0,3.0,3.0,5.0,1.0,5.0,3.0,0.0
2016-11-19,5.0,21.0,2.0,1.0,7.0,5.0,2.0,7.0,4.0,0.0
2016-11-21,7.0,10.0,3.0,4.0,3.0,11.0,1.0,10.0,13.0,0.0
2016-11-22,5.0,13.0,6.0,0.0,3.0,8.0,0.0,5.0,15.0,0.0
2016-11-23,9.0,14.0,10.0,0.0,2.0,5.0,0.0,13.0,14.0,0.0
2016-11-24,7.0,17.0,1.0,6.0,4.0,6.0,1.0,10.0,7.0,0.0
2016-11-25,6.0,15.0,2.0,3.0,4.0,7.0,0.0,11.0,29.0,0.0
2016-11-26,15.0,24.0,3.0,2.0,9.0,9.0,0.0,24.0,35.0,0.0
2016-11-27,4.0,3.0,0.0,0.0,1.0,2.0,0.0,3.0,5.0,0.0
2016-11-28,4.0,20.0,4.0,2.0,0.0,8.0,1.0,21.0,2.0,0.0
2016-11-29,6.0,13.0,2.0,1.0,0.0,5.0,3.0,9.0,13.0,0.0
2016-11-30,7.0,19.0,0.0,6.0,6.0,5.0,3.0,15.0,29.0,0.0
2016-12-01,3.0,8.0,3.0,3.0,2.0,8.0,0.0,2.0,0.0,0.0
2016-12-02,1.0,3.0,2.0,3.0,2.0,3.0,0.0,1.0,0.0,0.0
2016-12-03,1.0,4.0,4.0,0.0,0.0,7.0,1.0,0.0,0.0,0.0
2016-12-04,2.0,1.0,1.0,2.0,0.0,5.0,0.0,2.0,0.0,0.0
2016-12-05,1.0,11.0,3.0,4.0,4.0,8.0,1.0,5.0,5.0,0.0
2016-12-06,4.0,13.0,4.0,1.0,4.0,7.0,0.0,3.0,0.0,0.0
2016-12-07,2.0,10.0,2.0,3.0,4.0,6.0,1.0,1.0,0.0,0.0
2016-12-08,1.0,6.0,6.0,1.0,0.0,3.0,1.0,1.0,0.0,0.0
2016-12-09,2.0,15.0,3.0,1.0,5.0,8.0,0.0,3.0,0.0,0.0
2016-12-10,4.0,10.0,0.0,3.0,3.0,2.0,0.0,7.0,0.0,0.0
2016-12-11,1.0,1.0,0.0,0.0,1.0,3.0,0.0,5.0,0.0,0.0
2016-12-12,5.0,11.0,3.0,2.0,3.0,7.0,0.0,5.0,1.0,0.0
2016-12-13,4.0,10.0,0.0,0.0,2.0,6.0,0.0,3.0,3.0,0.0
2016-12-14,2.0,7.0,3.0,4.0,2.0,3.0,1.0,7.0,1.0,0.0
2016-12-15,1.0,8.0,1.0,2.0,5.0,12.0,1.0,4.0,9.0,0.0
2016-12-16,6.0,11.0,7.0,1.0,2.0,10.0,0.0,5.0,0.0,0.0
2016-12-17,3.0,11.0,5.0,3.0,2.0,3.0,2.0,4.0,0.0,0.0
2016-12-18,2.0,1.0,1.0,0.0,0.0,1.0,0.0,0.0,0.0,0.0
2016-12-19,4.0,12.0,4.0,2.0,5.0,15.0,2.0,7.0,10.0,0.0
2016-12-20,8.0,7.0,2.0,2.0,1.0,6.0,0.0,4.0,8.0,0.0
2016-12-21,4.0,15.0,4.0,2.0,4.0,11.0,1.0,7.0,7.0,0.0
2016-12-22,1.0,15.0,4.0,2.0,2.0,7.0,2.0,4.0,7.0,0.0
2016-12-23,3.0,11.0,3.0,1.0,2.0,16.0,1.0,5.0,10.0,0.0
2016-12-24,4.0,12.0,4.0,4.0,2.0,9.0,2.0,6.0,8.0,0.0
2016-12-26,3.0,12.0,4.0,0.0,1.0,6.0,1.0,4.0,12.0,0.0
2016-12-27,2.0,7.0,3.0,4.0,1.0,8.0,0.0,4.0,7.0,0.0
2016-12-28,1.0,10.0,0.0,3.0,1.0,4.0,0.0,2.0,1.0,0.0
2016-12-29,4.0,12.0,3.0,1.0,0.0,1.0,0.0,11.0,12.0,0.0
2016-12-30,1.0,10.0,4.0,3.0,4.0,7.0,0.0,5.0,6.0,0.0
2016-12-31,0.0,17.0,5.0,2.0,0.0,5.0,2.0,5.0,3.0,0.0
2017-01-02,3.0,15.0,1.0,5.0,2.0,7.0,0.0,4.0,4.0,0.0
2017-01-03,2.0,7.0,0.0,2.0,1.0,4.0,2.0,1.0,5.0,0.0
2017-01-04,3.0,13.0,3.0,1.0,1.0,3.0,0.0,1.0,3.0,0.0
2017-01-05,2.0,13.0,4.0,2.0,0.0,9.0,1.0,2.0,4.0,0.0
2017-01-06,0.0,10.0,1.0,6.0,2.0,5.0,1.0,5.0,20.0,0.0
2017-01-07,2.0,11.0,4.0,1.0,3.0,6.0,2.0,6.0,24.0,0.0
2017-01-09,3.0,16.0,2.0,0.0,4.0,10.0,1.0,3.0,6.0,0.0
2017-01-10,3.0,10.0,2.0,3.0,2.0,4.0,0.0,6.0,15.0,0.0
2017-01-11,3.0,8.0,3.0,2.0,1.0,6.0,2.0,1.0,6.0,0.0
2017-01-12,3.0,8.0,0.0,2.0,4.0,6.0,0.0,5.0,13.0,0.0
2017-01-13,4.0,7.0,3.0,4.0,2.0,6.0,3.0,9.0,8.0,0.0
2017-01-14,3.0,9.0,1.0,2.0,4.0,12.0,0.0,3.0,2.0,0.0
2017-01-16,4.0,10.0,2.0,2.0,0.0,6.0,2.0,3.0,4.0,0.0
2017-01-17,3.0,3.0,1.0,2.0,1.0,2.0,0.0,2.0,0.0,0.0
2017-01-18,2.0,11.0,0.0,1.0,2.0,3.0,2.0,2.0,0.0,0.0
2017-01-19,1.0,8.0,3.0,3.0,1.0,9.0,2.0,3.0,0.0,0.0
2017-01-20,1.0,7.0,0.0,1.0,0.0,8.0,0.0,6.0,5.0,0.0
2017-01-21,1.0,2.0,2.0,1.0,1.0,9.0,0.0,9.0,4.0,0.0
2017-01-23,5.0,10.0,2.0,0.0,0.0,4.0,2.0,6.0,1.0,0.0
2017-01-24,2.0,7.0,3.0,0.0,0.0,4.0,0.0,7.0,1.0,0.0
2017-01-25,0.0,8.0,3.0,0.0,0.0,2.0,0.0,5.0,0.0,0.0
2017-01-26,4.0,7.0,5.0,0.0,2.0,5.0,1.0,6.0,1.0,0.0
2017-01-27,4.0,17.0,2.0,0.0,0.0,3.0,1.0,2.0,0.0,0.0
2017-01-28,4.0,3.0,2.0,0.0,0.0,2.0,1.0,3.0,0.0,0.0
2017-01-30,4.0,22.0,3.0,2.0,4.0,14.0,0.0,4.0,0.0,0.0
2017-01-31,6.0,9.0,0.0,2.0,0.0,5.0,1.0,3.0,0.0,0.0
2017-02-01,0.0,9.0,4.0,4.0,2.0,0.0,2.0,4.0,0.0,0.0
2017-02-02,1.0,7.0,1.0,1.0,1.0,3.0,2.0,2.0,0.0,0.0
2017-02-03,4.0,12.0,1.0,3.0,4.0,3.0,1.0,5.0,0.0,0.0
2017-02-04,1.0,10.0,1.0,4.0,4.0,0.0,1.0,4.0,0.0,0.0
2017-02-06,7.0,23.0,3.0,1.0,3.0,7.0,2.0,8.0,0.0,0.0
2017-02-07,11.0,13.0,2.0,1.0,4.0,6.0,0.0,5.0,0.0,0.0
2017-02-08,3.0,9.0,1.0,4.0,1.0,3.0,1.0,2.0,0.0,0.0
2017-02-09,0.0,9.0,3.0,4.0,3.0,4.0,1.0,5.0,0.0,0.0
2017-02-10,2.0,10.0,2.0,7.0,2.0,5.0,1.0,3.0,0.0,0.0
2017-02-11,5.0,13.0,3.0,4.0,1.0,6.0,1.0,3.0,0.0,0.0
2017-02-13,4.0,13.0,0.0,1.0,2.0,5.0,1.0,3.0,0.0,0.0
2017-02-14,2.0,9.0,1.0,1.0,3.0,5.0,1.0,3.0,0.0,0.0
2017-02-15,0.0,5.0,2.0,2.0,3.0,5.0,2.0,4.0,1.0,0.0
2017-02-16,5.0,11.0,2.0,3.0,4.0,3.0,1.0,1.0,2.0,0.0
2017-02-17,1.0,11.0,3.0,6.0,2.0,1.0,1.0,5.0,1.0,0.0
2017-02-18,0.0,14.0,3.0,1.0,1.0,11.0,0.0,2.0,1.0,0.0
2017-02-20,2.0,17.0,3.0,2.0,3.0,7.0,0.0,0.0,0.0,0.0
2017-02-21,7.0,3.0,1.0,2.0,0.0,4.0,1.0,2.0,1.0,0.0
2017-02-22,1.0,7.0,3.0,4.0,4.0,7.0,0.0,6.0,0.0,0.0
2017-02-23,5.0,12.0,4.0,2.0,4.0,8.0,1.0,5.0,0.0,0.0
2017-02-24,4.0,8.0,1.0,1.0,3.0,9.0,1.0,5.0,0.0,0.0
2017-02-25,2.0,7.0,1.0,2.0,2.0,6.0,1.0,3.0,0.0,0.0
2017-03-01,0.0,5.0,1.0,1.0,1.0,5.0,0.0,3.0,0.0,0.0
2017-03-02,3.0,12.0,6.0,4.0,3.0,11.0,0.0,4.0,0.0,0.0
2017-03-03,4.0,22.0,4.0,8.0,2.0,10.0,2.0,6.0,0.0,0.0
2017-03-04,3.0,18.0,5.0,3.0,2.0,5.0,6.0,1.0,0.0,0.0
2017-03-06,4.0,13.0,1.0,3.0,5.0,8.0,1.0,5.0,0.0,0.0
2017-03-07,5.0,9.0,2.0,4.0,2.0,4.0,2.0,4.0,0.0,0.0
2017-03-08,3.0,6.0,0.0,3.0,2.0,7.0,2.0,3.0,0.0,0.0
2017-03-09,3.0,9.0,2.0,3.0,3.0,9.0,2.0,1.0,0.0,0.0
2017-03-10,3.0,13.0,1.0,4.0,3.0,5.0,1.0,2.0,0.0,0.0
2017-03-11,1.0,11.0,3.0,0.0,1.0,2.0,0.0,3.0,0.0,0.0
2017-03-13,3.0,12.0,2.0,7.0,4.0,8.0,2.0,6.0,0.0,0.0
2017-03-14,0.0,10.0,1.0,4.0,7.0,2.0,2.0,6.0,0.0,0.0
2017-03-15,2.0,7.0,2.0,7.0,3.0,6.0,2.0,5.0,0.0,0.0
2017-03-16,1.0,8.0,0.0,1.0,1.0,3.0,1.0,5.0,0.0,0.0
2017-03-17,3.0,8.0,1.0,2.0,3.0,3.0,0.0,1.0,0.0,0.0
2017-03-18,2.0,15.0,0.0,1.0,3.0,7.0,1.0,3.0,0.0,0.0
2017-03-20,6.0,17.0,2.0,3.0,2.0,5.0,4.0,7.0,0.0,0.0
2017-03-21,9.0,7.0,0.0,3.0,2.0,0.0,1.0,2.0,0.0,0.0
2017-03-22,2.0,8.0,0.0,0.0,0.0,3.0,1.0,4.0,0.0,0.0
2017-03-23,2.0,7.0,1.0,3.0,4.0,5.0,0.0,2.0,0.0,0.0
2017-03-24,2.0,6.0,0.0,1.0,0.0,3.0,0.0,8.0,0.0,0.0
2017-03-25,3.0,5.0,0.0,2.0,1.0,1.0,1.0,1.0,0.0,0.0
2017-03-27,3.0,17.0,5.0,1.0,1.0,3.0,3.0,4.0,3.0,0.0
2017-03-28,5.0,7.0,1.0,2.0,1.0,4.0,2.0,1.0,3.0,0.0
2017-03-29,2.0,19.0,0.0,5.0,2.0,9.0,3.0,3.0,1.0,0.0
2017-03-30,4.0,14.0,7.0,1.0,1.0,3.0,0.0,1.0,2.0,0.0
2017-03-31,2.0,13.0,0.0,1.0,0.0,4.0,0.0,3.0,1.0,0.0
2017-04-01,3.0,9.0,6.0,3.0,4.0,2.0,2.0,3.0,0.0,0.0
2017-04-03,6.0,16.0,1.0,5.0,5.0,4.0,0.0,1.0,1.0,0.0
2017-04-04,2.0,7.0,3.0,0.0,2.0,4.0,1.0,1.0,3.0,0.0
2017-04-05,2.0,10.0,0.0,1.0,1.0,1.0,0.0,6.0,6.0,0.0
2017-04-06,2.0,9.0,2.0,5.0,3.0,2.0,1.0,2.0,6.0,0.0
2017-04-07,5.0,16.0,0.0,3.0,2.0,3.0,3.0,4.0,9.0,0.0
2017-04-08,2.0,9.0,3.0,6.0,2.0,5.0,0.0,2.0,2.0,0.0
2017-04-10,5.0,18.0,2.0,2.0,1.0,10.0,0.0,8.0,11.0,0.0
2017-04-11,4.0,9.0,0.0,2.0,2.0,6.0,0.0,3.0,4.0,0.0
2017-04-12,3.0,10.0,0.0,2.0,3.0,9.0,1.0,3.0,6.0,0.0
2017-04-13,2.0,10.0,0.0,4.0,5.0,5.0,0.0,1.0,2.0,0.0
2017-04-15,2.0,15.0,0.0,2.0,2.0,6.0,3.0,4.0,5.0,0.0
2017-04-17,3.0,20.0,2.0,11.0,4.0,8.0,1.0,3.0,1.0,0.0
2017-04-18,2.0,15.0,1.0,1.0,0.0,1.0,1.0,3.0,2.0,0.0
2017-04-19,1.0,17.0,2.0,3.0,1.0,5.0,0.0,1.0,4.0,0.0
2017-04-20,3.0,8.0,0.0,3.0,1.0,2.0,0.0,3.0,0.0,0.0
2017-04-22,3.0,8.0,0.0,3.0,2.0,1.0,0.0,4.0,1.0,0.0
2017-04-24,3.0,16.0,3.0,2.0,3.0,9.0,0.0,4.0,6.0,0.0
2017-04-25,2.0,7.0,2.0,0.0,2.0,2.0,0.0,2.0,0.0,0.0
2017-04-26,3.0,29.0,0.0,5.0,1.0,10.0,1.0,9.0,33.0,0.0
2017-04-27,1.0,32.0,0.0,5.0,0.0,6.0,0.0,13.0,45.0,0.0
2017-04-28,4.0,23.0,0.0,4.0,0.0,11.0,0.0,8.0,30.0,0.0
2017-04-29,3.0,23.0,0.0,3.0,0.0,5.0,0.0,12.0,39.0,0.0
2017-05-02,3.0,15.0,0.0,4.0,1.0,4.0,2.0,4.0,3.0,0.0
2017-05-03,3.0,17.0,1.0,1.0,0.0,4.0,4.0,5.0,2.0,0.0
2017-05-04,3.0,12.0,1.0,0.0,5.0,6.0,2.0,8.0,0.0,0.0
2017-05-05,6.0,14.0,3.0,0.0,1.0,2.0,0.0,2.0,2.0,0.0
2017-05-06,3.0,16.0,0.0,0.0,2.0,4.0,1.0,3.0,0.0,0.0
2017-05-08,3.0,22.0,3.0,2.0,3.0,9.0,2.0,4.0,2.0,0.0
2017-05-09,8.0,19.0,5.0,3.0,2.0,3.0,0.0,7.0,0.0,0.0
2017-05-10,2.0,22.0,2.0,5.0,1.0,7.0,4.0,7.0,6.0,0.0
2017-05-11,5.0,22.0,2.0,4.0,3.0,3.0,0.0,9.0,5.0,0.0
2017-05-12,4.0,31.0,3.0,5.0,6.0,12.0,1.0,4.0,3.0,0.0
2017-05-13,5.0,42.0,1.0,9.0,5.0,11.0,2.0,11.0,10.0,0.0
2017-05-15,2.0,15.0,0.0,1.0,2.0,5.0,0.0,7.0,1.0,0.0
2017-05-16,1.0,12.0,0.0,1.0,1.0,2.0,1.0,5.0,2.0,0.0
2017-05-17,3.0,8.0,2.0,0.0,0.0,4.0,2.0,4.0,4.0,0.0
2017-05-18,5.0,14.0,0.0,3.0,5.0,4.0,1.0,3.0,2.0,0.0
2017-05-19,1.0,12.0,2.0,1.0,2.0,2.0,1.0,1.0,2.0,0.0
2017-05-20,3.0,14.0,1.0,2.0,4.0,5.0,1.0,4.0,0.0,0.0
2017-05-22,2.0,21.0,2.0,1.0,6.0,3.0,0.0,5.0,4.0,0.0
2017-05-23,2.0,11.0,3.0,2.0,1.0,2.0,1.0,3.0,5.0,0.0
2017-05-24,2.0,9.0,2.0,8.0,3.0,2.0,0.0,5.0,3.0,0.0
2017-05-25,1.0,13.0,0.0,2.0,4.0,5.0,1.0,2.0,6.0,0.0
2017-05-26,4.0,12.0,2.0,2.0,3.0,6.0,1.0,2.0,3.0,0.0
2017-05-27,8.0,7.0,2.0,2.0,2.0,2.0,2.0,5.0,4.0,0.0
2017-05-29,3.0,14.0,4.0,2.0,2.0,4.0,3.0,6.0,1.0,0.0
2017-05-30,3.0,18.0,1.0,3.0,3.0,9.0,0.0,4.0,0.0,0.0
2017-05-31,1.0,7.0,3.0,4.0,0.0,4.0,2.0,6.0,1.0,0.0
2017-06-01,4.0,7.0,2.0,2.0,2.0,10.0,0.0,2.0,3.0,0.0
2017-06-02,1.0,15.0,0.0,2.0,2.0,3.0,2.0,3.0,1.0,0.0
2017-06-03,2.0,8.0,0.0,2.0,2.0,3.0,1.0,1.0,0.0,0.0
2017-06-05,7.0,20.0,1.0,3.0,3.0,1.0,2.0,4.0,1.0,0.0
2017-06-06,4.0,15.0,1.0,0.0,3.0,9.0,3.0,3.0,0.0,0.0
2017-06-07,0.0,14.0,3.0,1.0,2.0,3.0,1.0,2.0,0.0,0.0
2017-06-08,3.0,11.0,1.0,5.0,0.0,1.0,2.0,5.0,0.0,0.0
2017-06-09,4.0,13.0,1.0,2.0,2.0,9.0,3.0,8.0,1.0,0.0
2017-06-10,2.0,13.0,5.0,1.0,3.0,9.0,1.0,4.0,2.0,0.0
2017-06-12,7.0,38.0,1.0,1.0,10.0,8.0,6.0,13.0,1.0,0.0
2017-06-13,5.0,11.0,1.0,0.0,1.0,1.0,2.0,3.0,0.0,0.0
2017-06-14,2.0,12.0,2.0,1.0,0.0,2.0,2.0,6.0,0.0,0.0
2017-06-16,2.0,26.0,0.0,4.0,3.0,4.0,2.0,4.0,0.0,0.0
2017-06-17,6.0,9.0,0.0,2.0,2.0,0.0,0.0,1.0,0.0,0.0
2017-06-19,7.0,24.0,1.0,3.0,2.0,10.0,4.0,4.0,0.0,0.0
2017-06-20,2.0,5.0,4.0,0.0,1.0,2.0,3.0,2.0,0.0,0.0
2017-06-21,2.0,6.0,3.0,2.0,1.0,6.0,0.0,0.0,0.0,0.0
2017-06-22,3.0,7.0,2.0,1.0,2.0,6.0,0.0,4.0,0.0,0.0
2017-06-23,2.0,12.0,1.0,2.0,2.0,2.0,0.0,3.0,0.0,0.0
2017-06-26,10.0,17.0,5.0,0.0,4.0,7.0,0.0,7.0,1.0,0.0
2017-06-27,3.0,10.0,2.0,1.0,0.0,5.0,2.0,6.0,3.0,0.0
2017-06-28,6.0,15.0,0.0,3.0,0.0,3.0,1.0,5.0,0.0,0.0
2017-06-29,10.0,9.0,0.0,4.0,0.0,3.0,0.0,5.0,1.0,0.0
2017-06-30,6.0,20.0,0.0,1.0,3.0,6.0,3.0,13.0,0.0,0.0
2017-07-01,3.0,11.0,0.0,1.0,0.0,4.0,0.0,2.0,1.0,0.0
2017-07-03,5.0,20.0,0.0,3.0,1.0,3.0,0.0,5.0,0.0,0.0
2017-07-04,5.0,10.0,3.0,3.0,3.0,5.0,0.0,4.0,0.0,0.0
2017-07-05,3.0,6.0,1.0,1.0,2.0,3.0,1.0,2.0,0.0,0.0
2017-07-06,16.0,20.0,5.0,1.0,1.0,7.0,4.0,3.0,0.0,0.0
2017-07-07,6.0,10.0,1.0,4.0,1.0,4.0,2.0,1.0,2.0,0.0
2017-07-08,5.0,12.0,3.0,2.0,3.0,5.0,0.0,2.0,2.0,0.0
2017-07-10,4.0,14.0,0.0,4.0,2.0,12.0,3.0,7.0,6.0,0.0
2017-07-11,6.0,19.0,1.0,3.0,0.0,9.0,2.0,4.0,2.0,0.0
2017-07-12,6.0,15.0,0.0,3.0,1.0,6.0,2.0,4.0,0.0,0.0
2017-07-13,1.0,14.0,1.0,3.0,4.0,2.0,1.0,8.0,0.0,0.0
2017-07-14,4.0,7.0,0.0,2.0,2.0,6.0,0.0,5.0,0.0,0.0
2017-07-15,6.0,13.0,2.0,1.0,2.0,6.0,0.0,3.0,0.0,0.0
2017-07-17,5.0,9.0,2.0,1.0,2.0,6.0,2.0,3.0,1.0,0.0
2017-07-18,1.0,12.0,0.0,3.0,0.0,2.0,0.0,3.0,0.0,0.0
2017-07-19,2.0,13.0,1.0,1.0,2.0,5.0,1.0,3.0,1.0,0.0
2017-07-20,2.0,15.0,0.0,1.0,2.0,2.0,0.0,3.0,0.0,0.0
2017-07-21,5.0,10.0,0.0,5.0,1.0,8.0,1.0,6.0,0.0,0.0
2017-07-22,3.0,11.0,1.0,3.0,0.0,6.0,0.0,7.0,0.0,0.0
2017-07-24,3.0,10.0,0.0,2.0,1.0,5.0,0.0,4.0,1.0,0.0
2017-07-25,1.0,4.0,0.0,2.0,3.0,9.0,0.0,4.0,0.0,0.0
2017-07-26,2.0,7.0,0.0,2.0,1.0,5.0,1.0,7.0,0.0,0.0
2017-07-27,2.0,8.0,0.0,2.0,0.0,2.0,1.0,1.0,0.0,0.0
2017-07-28,6.0,7.0,0.0,2.0,1.0,3.0,0.0,0.0,2.0,0.0
2017-07-29,1.0,13.0,0.0,3.0,0.0,5.0,1.0,1.0,0.0,0.0
2017-07-31,3.0,15.0,1.0,7.0,0.0,2.0,2.0,4.0,0.0,0.0
2017-08-01,3.0,8.0,2.0,0.0,0.0,5.0,0.0,2.0,0.0,0.0
2017-08-02,2.0,6.0,0.0,2.0,0.0,6.0,0.0,4.0,0.0,0.0
2017-08-03,2.0,10.0,1.0,1.0,2.0,3.0,0.0,1.0,0.0,0.0
2017-08-04,1.0,13.0,1.0,1.0,1.0,4.0,0.0,3.0,0.0,0.0
2017-08-05,1.0,15.0,0.0,4.0,1.0,3.0,0.0,2.0,0.0,0.0
2017-08-07,5.0,12.0,0.0,7.0,2.0,5.0,1.0,1.0,3.0,0.0
2017-08-08,6.0,21.0,0.0,2.0,0.0,7.0,1.0,5.0,2.0,0.0
2017-08-09,4.0,22.0,0.0,2.0,1.0,5.0,0.0,5.0,9.0,0.0
2017-08-10,2.0,25.0,0.0,3.0,0.0,5.0,0.0,2.0,1.0,0.0
2017-08-11,4.0,17.0,4.0,5.0,1.0,7.0,1.0,5.0,5.0,0.0
2017-08-12,3.0,31.0,0.0,2.0,0.0,9.0,0.0,6.0,2.0,0.0
2017-08-14,0.0,19.0,0.0,1.0,1.0,1.0,0.0,1.0,2.0,0.0
2017-08-15,2.0,16.0,0.0,0.0,0.0,6.0,1.0,1.0,0.0,0.0
2017-08-16,2.0,8.0,0.0,1.0,0.0,5.0,0.0,1.0,1.0,0.0
2017-08-17,2.0,16.0,1.0,1.0,1.0,5.0,0.0,5.0,4.0,0.0
2017-08-18,3.0,18.0,0.0,0.0,1.0,8.0,0.0,1.0,3.0,0.0
2017-08-19,3.0,16.0,0.0,0.0,0.0,0.0,0.0,0.0,0.0,0.0
2017-08-21,4.0,13.0,1.0,1.0,0.0,3.0,1.0,1.0,2.0,0.0
2017-08-22,3.0,14.0,0.0,2.0,0.0,3.0,1.0,1.0,1.0,0.0
2017-08-23,4.0,11.0,0.0,0.0,1.0,3.0,0.0,1.0,1.0,0.0
2017-08-24,1.0,10.0,3.0,1.0,0.0,4.0,0.0,0.0,1.0,0.0
2017-08-25,5.0,9.0,0.0,0.0,0.0,3.0,0.0,0.0,0.0,0.0
2017-08-26,3.0,8.0,0.0,2.0,0.0,2.0,0.0,3.0,1.0,0.0
2017-08-28,4.0,12.0,0.0,1.0,1.0,5.0,0.0,2.0,3.0,0.0
2017-08-29,2.0,12.0,2.0,2.0,1.0,3.0,0.0,3.0,0.0,0.0
2017-08-30,6.0,7.0,0.0,2.0,1.0,2.0,0.0,0.0,3.0,0.0
2017-08-31,2.0,13.0,0.0,0.0,2.0,4.0,0.0,1.0,3.0,0.0
2017-09-01,1.0,7.0,1.0,4.0,0.0,5.0,1.0,5.0,0.0,0.0
2017-09-02,2.0,7.0,0.0,3.0,1.0,4.0,1.0,3.0,0.0,0.0
2017-09-04,2.0,13.0,0.0,5.0,0.0,5.0,1.0,1.0,2.0,0.0
2017-09-05,5.0,18.0,1.0,2.0,0.0,3.0,2.0,1.0,0.0,0.0
2017-09-06,7.0,15.0,0.0,2.0,0.0,4.0,0.0,2.0,0.0,0.0
2017-09-08,9.0,16.0,0.0,2.0,0.0,4.0,2.0,3.0,0.0,0.0
2017-09-09,3.0,8.0,2.0,2.0,0.0,3.0,0.0,7.0,0.0,0.0
2017-09-11,2.0,17.0,0.0,2.0,0.0,7.0,1.0,5.0,0.0,0.0
2017-09-12,8.0,11.0,2.0,2.0,0.0,4.0,1.0,0.0,2.0,0.0
2017-09-13,6.0,7.0,0.0,0.0,0.0,4.0,0.0,2.0,1.0,0.0
2017-09-14,1.0,11.0,1.0,1.0,0.0,8.0,0.0,2.0,0.0,0.0
2017-09-15,3.0,9.0,0.0,3.0,0.0,3.0,0.0,2.0,1.0,0.0
2017-09-16,5.0,6.0,0.0,2.0,0.0,6.0,0.0,1.0,1.0,0.0
2017-09-18,3.0,9.0,0.0,0.0,1.0,4.0,1.0,5.0,3.0,0.0
2017-09-19,3.0,14.0,1.0,2.0,0.0,3.0,1.0,0.0,2.0,0.0
2017-09-20,3.0,8.0,0.0,1.0,0.0,6.0,1.0,1.0,1.0,0.0
2017-09-21,3.0,11.0,1.0,1.0,0.0,5.0,0.0,1.0,0.0,0.0
2017-09-22,2.0,9.0,0.0,1.0,0.0,2.0,0.0,6.0,0.0,0.0
2017-09-23,1.0,6.0,0.0,1.0,1.0,3.0,1.0,7.0,3.0,0.0
2017-09-25,5.0,13.0,1.0,2.0,0.0,6.0,0.0,5.0,0.0,0.0
2017-09-26,6.0,7.0,2.0,2.0,0.0,1.0,0.0,3.0,0.0,0.0
2017-09-27,1.0,12.0,1.0,1.0,0.0,4.0,1.0,1.0,0.0,0.0
2017-09-28,3.0,6.0,0.0,1.0,0.0,2.0,0.0,6.0,0.0,0.0
2017-09-29,0.0,15.0,0.0,0.0,0.0,1.0,0.0,9.0,0.0,0.0
2017-09-30,1.0,11.0,1.0,1.0,0.0,3.0,1.0,11.0,0.0,0.0
2017-10-02,3.0,11.0,0.0,3.0,0.0,4.0,0.0,6.0,1.0,0.0
2017-10-03,3.0,16.0,0.0,3.0,0.0,2.0,1.0,2.0,0.0,0.0
2017-10-04,1.0,14.0,2.0,0.0,0.0,3.0,0.0,2.0,3.0,0.0
2017-10-05,2.0,12.0,0.0,1.0,0.0,2.0,0.0,3.0,1.0,0.0
2017-10-06,1.0,20.0,0.0,1.0,0.0,4.0,1.0,1.0,1.0,0.0
2017-10-07,3.0,11.0,0.0,3.0,0.0,5.0,0.0,3.0,0.0,0.0
2017-10-09,7.0,24.0,0.0,2.0,0.0,4.0,0.0,2.0,1.0,0.0
2017-10-10,3.0,18.0,0.0,2.0,0.0,7.0,1.0,1.0,0.0,0.0
2017-10-11,4.0,19.0,1.0,4.0,1.0,7.0,0.0,2.0,0.0,0.0
2017-10-12,1.0,11.0,0.0,3.0,0.0,6.0,1.0,1.0,0.0,0.0
2017-10-13,5.0,7.0,0.0,3.0,0.0,6.0,0.0,2.0,0.0,0.0
2017-10-14,3.0,8.0,1.0,0.0,0.0,2.0,0.0,0.0,1.0,0.0
2017-10-17,7.0,16.0,0.0,1.0,0.0,5.0,0.0,1.0,5.0,0.0
2017-10-18,0.0,5.0,0.0,1.0,0.0,3.0,0.0,2.0,5.0,0.0
2017-10-19,1.0,5.0,0.0,0.0,0.0,2.0,1.0,1.0,3.0,0.0
2017-10-20,2.0,13.0,0.0,1.0,0.0,10.0,0.0,1.0,4.0,0.0
2017-10-21,2.0,9.0,0.0,0.0,0.0,4.0,0.0,1.0,2.0,0.0
2017-10-23,3.0,6.0,1.0,3.0,0.0,5.0,1.0,2.0,2.0,0.0
2017-10-24,2.0,11.0,0.0,0.0,0.0,4.0,0.0,1.0,3.0,0.0
2017-10-25,2.0,8.0,0.0,3.0,0.0,5.0,0.0,0.0,3.0,0.0
2017-10-26,3.0,8.0,0.0,0.0,0.0,2.0,1.0,0.0,2.0,0.0
2017-10-27,3.0,15.0,0.0,0.0,1.0,2.0,0.0,4.0,3.0,0.0
2017-10-28,5.0,8.0,1.0,2.0,0.0,3.0,0.0,0.0,2.0,0.0
2017-10-30,2.0,7.0,0.0,2.0,0.0,6.0,0.0,3.0,3.0,0.0
2017-10-31,4.0,6.0,0.0,2.0,0.0,7.0,0.0,1.0,6.0,0.0
2017-11-01,0.0,8.0,0.0,3.0,0.0,2.0,1.0,1.0,4.0,0.0
2017-11-03,7.0,5.0,3.0,3.0,2.0,2.0,0.0,1.0,7.0,0.0
2017-11-04,2.0,11.0,0.0,1.0,1.0,3.0,0.0,2.0,13.0,0.0
2017-11-06,11.0,16.0,0.0,3.0,1.0,6.0,0.0,0.0,8.0,0.0
2017-11-07,15.0,16.0,0.0,0.0,0.0,3.0,1.0,1.0,8.0,0.0
2017-11-08,6.0,16.0,1.0,1.0,0.0,3.0,0.0,1.0,8.0,0.0
2017-11-09,2.0,10.0,1.0,3.0,0.0,7.0,0.0,0.0,6.0,0.0
2017-11-10,7.0,13.0,1.0,1.0,0.0,3.0,0.0,0.0,7.0,0.0
2017-11-11,4.0,11.0,0.0,3.0,2.0,3.0,0.0,4.0,4.0,0.0
2017-11-13,6.0,15.0,0.0,2.0,0.0,4.0,1.0,3.0,0.0,0.0
2017-11-14,5.0,10.0,1.0,0.0,0.0,3.0,0.0,0.0,2.0,0.0
2017-11-16,10.0,12.0,1.0,2.0,0.0,4.0,0.0,1.0,0.0,0.0
2017-11-17,5.0,7.0,3.0,1.0,0.0,8.0,1.0,0.0,1.0,0.0
2017-11-18,4.0,16.0,0.0,2.0,2.0,0.0,0.0,0.0,3.0,0.0
2017-11-20,9.0,19.0,2.0,1.0,1.0,5.0,2.0,11.0,1.0,0.0
2017-11-21,6.0,18.0,1.0,1.0,0.0,4.0,0.0,1.0,0.0,0.0
2017-11-22,6.0,13.0,2.0,0.0,0.0,1.0,0.0,5.0,0.0,0.0
2017-11-23,3.0,13.0,3.0,0.0,1.0,1.0,0.0,0.0,0.0,0.0
2017-11-24,10.0,32.0,6.0,4.0,0.0,0.0,0.0,2.0,0.0,0.0
2017-11-25,14.0,16.0,1.0,2.0,0.0,0.0,0.0,5.0,0.0,0.0
2017-11-27,12.0,15.0,3.0,6.0,0.0,0.0,1.0,3.0,0.0,0.0
2017-11-28,9.0,14.0,0.0,0.0,0.0,0.0,0.0,2.0,0.0,0.0
2017-11-29,5.0,15.0,0.0,3.0,0.0,0.0,2.0,0.0,0.0,0.0
2017-11-30,11.0,17.0,1.0,1.0,0.0,0.0,1.0,2.0,0.0,0.0
2017-12-01,5.0,10.0,1.0,4.0,0.0,0.0,1.0,3.0,0.0,0.0
2017-12-02,1.0,8.0,0.0,4.0,0.0,0.0,0.0,2.0,0.0,0.0
2017-12-04,6.0,17.0,0.0,5.0,0.0,0.0,0.0,3.0,0.0,0.0
2017-12-05,4.0,9.0,0.0,0.0,0.0,0.0,0.0,1.0,0.0,0.0
2017-12-06,2.0,9.0,0.0,1.0,0.0,0.0,0.0,3.0,0.0,0.0
2017-12-07,6.0,12.0,0.0,1.0,0.0,0.0,0.0,1.0,0.0,0.0
2017-12-08,0.0,1.0,0.0,1.0,0.0,0.0,0.0,0.0,0.0,0.0
2017-12-09,5.0,13.0,1.0,1.0,0.0,0.0,0.0,1.0,0.0,0.0
2017-12-11,10.0,10.0,0.0,4.0,0.0,0.0,0.0,3.0,0.0,0.0
2017-12-12,5.0,11.0,0.0,1.0,0.0,0.0,0.0,5.0,4.0,0.0
2017-12-13,6.0,16.0,0.0,0.0,0.0,0.0,0.0,4.0,0.0,0.0
2017-12-14,3.0,16.0,1.0,0.0,0.0,0.0,3.0,5.0,2.0,0.0
2017-12-15,4.0,10.0,0.0,2.0,0.0,0.0,1.0,1.0,2.0,0.0
2017-12-16,3.0,10.0,1.0,0.0,0.0,0.0,0.0,2.0,0.0,0.0
2017-12-17,2.0,4.0,0.0,0.0,0.0,0.0,0.0,0.0,1.0,0.0
2017-12-18,6.0,15.0,1.0,3.0,0.0,0.0,3.0,1.0,0.0,0.0
2017-12-19,4.0,8.0,0.0,4.0,2.0,0.0,0.0,3.0,0.0,0.0
2017-12-20,1.0,14.0,0.0,4.0,0.0,0.0,0.0,1.0,0.0,0.0
2017-12-21,4.0,12.0,0.0,3.0,0.0,0.0,0.0,1.0,0.0,0.0
2017-12-22,5.0,9.0,0.0,1.0,0.0,0.0,0.0,1.0,0.0,0.0
2017-12-23,2.0,2.0,1.0,1.0,0.0,0.0,0.0,2.0,0.0,0.0
2017-12-26,4.0,10.0,0.0,2.0,0.0,0.0,0.0,1.0,0.0,0.0
2017-12-27,4.0,16.0,0.0,1.0,0.0,0.0,0.0,5.0,0.0,0.0
2017-12-28,3.0,15.0,0.0,1.0,0.0,0.0,0.0,0.0,0.0,0.0
2017-12-29,5.0,18.0,5.0,2.0,0.0,0.0,0.0,3.0,0.0,0.0
2017-12-30,4.0,16.0,0.0,1.0,0.0,0.0,0.0,1.0,0.0,0.0
2018-01-02,6.0,22.0,3.0,1.0,0.0,0.0,1.0,2.0,0.0,0.0
2018-01-03,1.0,14.0,4.0,0.0,0.0,0.0,1.0,4.0,0.0,0.0
2018-01-04,5.0,15.0,1.0,0.0,0.0,0.0,0.0,2.0,0.0,0.0
2018-01-05,9.0,15.0,2.0,2.0,0.0,0.0,0.0,2.0,0.0,0.0
2018-01-06,12.0,15.0,1.0,2.0,0.0,0.0,0.0,2.0,0.0,0.0
2018-01-08,9.0,29.0,1.0,5.0,1.0,0.0,1.0,1.0,0.0,0.0
2018-01-09,6.0,18.0,0.0,4.0,0.0,0.0,3.0,3.0,0.0,0.0
2018-01-10,2.0,15.0,1.0,3.0,0.0,0.0,2.0,1.0,0.0,0.0
2018-01-11,7.0,17.0,0.0,1.0,0.0,0.0,1.0,2.0,0.0,0.0
2018-01-12,4.0,16.0,1.0,2.0,0.0,0.0,0.0,2.0,0.0,0.0
2018-01-13,0.0,5.0,1.0,1.0,0.0,0.0,0.0,2.0,0.0,0.0
2018-01-15,5.0,12.0,0.0,1.0,1.0,0.0,0.0,0.0,0.0,0.0
2018-01-16,4.0,3.0,2.0,2.0,0.0,0.0,0.0,3.0,0.0,0.0
2018-01-17,2.0,13.0,0.0,3.0,1.0,0.0,1.0,6.0,0.0,0.0
2018-01-18,3.0,18.0,0.0,1.0,0.0,0.0,2.0,4.0,0.0,0.0
2018-01-19,4.0,13.0,1.0,3.0,1.0,0.0,0.0,2.0,0.0,0.0
2018-01-20,2.0,11.0,3.0,1.0,0.0,0.0,2.0,1.0,0.0,0.0
2018-01-22,4.0,19.0,2.0,6.0,1.0,0.0,2.0,4.0,0.0,0.0
2018-01-23,7.0,10.0,1.0,1.0,0.0,0.0,0.0,1.0,0.0,0.0
2018-01-24,0.0,9.0,1.0,3.0,0.0,0.0,0.0,0.0,0.0,0.0
2018-01-25,6.0,10.0,0.0,2.0,0.0,0.0,2.0,1.0,0.0,0.0
2018-01-26,3.0,8.0,1.0,0.0,0.0,0.0,1.0,2.0,0.0,0.0
2018-01-27,1.0,14.0,0.0,0.0,0.0,0.0,1.0,0.0,0.0,0.0
2018-01-29,6.0,12.0,1.0,3.0,1.0,0.0,1.0,3.0,0.0,0.0
2018-01-30,3.0,6.0,4.0,1.0,0.0,0.0,1.0,5.0,0.0,0.0
2018-01-31,4.0,18.0,0.0,5.0,0.0,0.0,1.0,1.0,0.0,0.0
2018-02-01,6.0,13.0,3.0,6.0,1.0,0.0,0.0,1.0,0.0,0.0
2018-02-02,2.0,3.0,0.0,1.0,0.0,0.0,0.0,1.0,0.0,0.0
2018-02-03,3.0,19.0,1.0,1.0,1.0,0.0,0.0,1.0,0.0,0.0
2018-02-05,4.0,17.0,3.0,1.0,0.0,0.0,1.0,3.0,0.0,0.0
2018-02-06,4.0,8.0,2.0,1.0,0.0,0.0,1.0,3.0,0.0,0.0
2018-02-07,1.0,11.0,2.0,4.0,0.0,0.0,1.0,3.0,0.0,0.0
2018-02-08,2.0,6.0,2.0,1.0,0.0,0.0,2.0,1.0,0.0,0.0
2018-02-09,0.0,6.0,2.0,3.0,0.0,0.0,0.0,2.0,0.0,0.0
2018-02-10,4.0,14.0,2.0,2.0,1.0,0.0,0.0,0.0,0.0,0.0
2018-02-12,0.0,0.0,0.0,0.0,0.0,0.0,0.0,0.0,0.0,0.0
2018-02-14,3.0,4.0,0.0,0.0,1.0,0.0,2.0,4.0,0.0,0.0
2018-02-15,11.0,21.0,2.0,2.0,1.0,0.0,0.0,4.0,0.0,0.0
2018-02-16,2.0,19.0,1.0,1.0,0.0,0.0,2.0,3.0,0.0,0.0
2018-02-17,1.0,9.0,4.0,2.0,1.0,0.0,0.0,1.0,0.0,0.0
2018-02-19,3.0,17.0,2.0,2.0,0.0,0.0,2.0,1.0,0.0,0.0
2018-02-20,0.0,16.0,2.0,3.0,1.0,0.0,1.0,2.0,0.0,0.0
2018-02-21,2.0,4.0,0.0,0.0,0.0,0.0,0.0,0.0,0.0,0.0
2018-02-22,3.0,11.0,0.0,0.0,0.0,0.0,0.0,1.0,0.0,0.0
2018-02-23,6.0,14.0,1.0,2.0,0.0,0.0,1.0,1.0,0.0,0.0
2018-02-24,2.0,10.0,2.0,2.0,0.0,0.0,0.0,1.0,0.0,0.0
2018-02-26,4.0,16.0,1.0,3.0,2.0,0.0,0.0,2.0,0.0,0.0
2018-02-27,2.0,17.0,2.0,4.0,0.0,0.0,3.0,0.0,0.0,0.0
2018-02-28,2.0,19.0,0.0,1.0,0.0,0.0,0.0,2.0,0.0,0.0
2018-03-01,7.0,10.0,0.0,2.0,0.0,0.0,1.0,0.0,0.0,0.0
2018-03-02,6.0,14.0,2.0,1.0,0.0,0.0,1.0,0.0,0.0,0.0
2018-03-03,0.0,9.0,0.0,2.0,1.0,0.0,0.0,0.0,0.0,0.0
2018-03-05,3.0,32.0,0.0,2.0,3.0,0.0,8.0,1.0,0.0,0.0
2018-03-07,4.0,20.0,4.0,3.0,4.0,0.0,2.0,4.0,0.0,0.0
2018-03-08,3.0,23.0,4.0,4.0,1.0,0.0,1.0,1.0,0.0,0.0
2018-03-09,4.0,15.0,0.0,1.0,0.0,0.0,1.0,0.0,0.0,0.0
2018-03-10,2.0,15.0,3.0,4.0,1.0,0.0,1.0,1.0,0.0,0.0
2018-03-12,0.0,21.0,4.0,2.0,0.0,0.0,3.0,4.0,0.0,0.0
2018-03-13,7.0,13.0,0.0,1.0,3.0,0.0,1.0,1.0,0.0,0.0
2018-03-14,1.0,7.0,1.0,2.0,2.0,0.0,1.0,1.0,0.0,0.0
2018-03-15,0.0,7.0,0.0,1.0,0.0,0.0,0.0,0.0,0.0,0.0
2018-03-16,1.0,9.0,0.0,2.0,1.0,0.0,0.0,4.0,0.0,0.0
2018-03-17,2.0,10.0,2.0,1.0,1.0,0.0,2.0,4.0,0.0,0.0
2018-03-19,5.0,12.0,0.0,2.0,0.0,0.0,0.0,1.0,0.0,0.0
2018-03-20,1.0,4.0,0.0,2.0,0.0,0.0,0.0,2.0,0.0,0.0
2018-03-21,3.0,7.0,1.0,2.0,0.0,0.0,0.0,0.0,0.0,0.0
2018-03-22,1.0,20.0,0.0,2.0,0.0,0.0,0.0,1.0,0.0,0.0
2018-03-23,0.0,9.0,0.0,0.0,0.0,0.0,0.0,0.0,0.0,0.0
2018-03-24,2.0,3.0,0.0,0.0,0.0,0.0,0.0,0.0,0.0,0.0
2018-03-26,2.0,22.0,0.0,0.0,1.0,0.0,0.0,0.0,0.0,0.0
2018-03-27,2.0,7.0,0.0,3.0,0.0,0.0,1.0,0.0,0.0,0.0
2018-03-28,2.0,7.0,1.0,3.0,5.0,0.0,0.0,0.0,0.0,0.0
2018-03-29,2.0,12.0,2.0,0.0,1.0,0.0,1.0,0.0,0.0,0.0
2018-03-31,2.0,14.0,0.0,1.0,0.0,0.0,0.0,2.0,0.0,0.0
2018-04-02,2.0,17.0,2.0,2.0,0.0,0.0,0.0,4.0,0.0,0.0
2018-04-03,0.0,14.0,0.0,1.0,1.0,0.0,0.0,0.0,0.0,0.0
2018-04-04,1.0,17.0,0.0,1.0,1.0,0.0,2.0,0.0,0.0,0.0
2018-04-05,2.0,14.0,1.0,0.0,3.0,0.0,0.0,2.0,0.0,0.0
2018-04-06,2.0,10.0,0.0,1.0,1.0,0.0,0.0,1.0,0.0,0.0
2018-04-07,1.0,9.0,0.0,2.0,0.0,0.0,2.0,1.0,0.0,0.0
2018-04-09,2.0,10.0,4.0,6.0,2.0,0.0,3.0,4.0,0.0,0.0
2018-04-10,7.0,13.0,0.0,1.0,0.0,0.0,1.0,2.0,0.0,0.0
2018-04-11,2.0,12.0,0.0,3.0,2.0,0.0,1.0,3.0,0.0,0.0
2018-04-12,4.0,9.0,0.0,2.0,1.0,0.0,1.0,2.0,0.0,0.0
2018-04-13,2.0,16.0,0.0,0.0,5.0,0.0,1.0,0.0,0.0,0.0
2018-04-14,2.0,6.0,2.0,1.0,1.0,0.0,0.0,1.0,0.0,0.0
2018-04-16,6.0,13.0,1.0,4.0,1.0,0.0,2.0,3.0,0.0,0.0
2018-04-17,1.0,6.0,0.0,1.0,1.0,0.0,1.0,1.0,0.0,0.0
2018-04-18,2.0,7.0,0.0,0.0,1.0,0.0,1.0,3.0,0.0,0.0
2018-04-19,1.0,9.0,2.0,1.0,3.0,0.0,0.0,2.0,0.0,0.0
2018-04-20,0.0,14.0,0.0,3.0,0.0,0.0,0.0,0.0,0.0,0.0
2018-04-21,2.0,8.0,0.0,0.0,1.0,0.0,0.0,1.0,0.0,0.0
2018-04-23,1.0,4.0,0.0,1.0,1.0,0.0,1.0,3.0,0.0,0.0
2018-04-24,2.0,9.0,0.0,0.0,0.0,0.0,1.0,1.0,0.0,0.0
2018-04-25,3.0,21.0,1.0,1.0,0.0,0.0,0.0,7.0,0.0,0.0
2018-04-26,2.0,22.0,0.0,1.0,0.0,0.0,3.0,1.0,0.0,0.0
2018-04-27,5.0,12.0,0.0,1.0,0.0,0.0,0.0,2.0,0.0,0.0
2018-04-28,3.0,18.0,0.0,3.0,0.0,0.0,0.0,0.0,0.0,0.0
2018-04-29,1.0,3.0,0.0,0.0,0.0,0.0,0.0,0.0,0.0,0.0
2018-04-30,1.0,17.0,1.0,1.0,1.0,0.0,0.0,0.0,0.0,0.0
2018-05-02,5.0,13.0,0.0,1.0,0.0,0.0,0.0,0.0,0.0,0.0
2018-05-03,5.0,5.0,0.0,3.0,0.0,0.0,0.0,0.0,0.0,0.0
2018-05-04,3.0,10.0,3.0,0.0,0.0,0.0,0.0,1.0,0.0,0.0
2018-05-05,3.0,13.0,1.0,4.0,3.0,0.0,0.0,3.0,0.0,0.0
2018-05-07,2.0,22.0,0.0,3.0,1.0,0.0,2.0,0.0,0.0,0.0
2018-05-08,5.0,22.0,0.0,2.0,3.0,0.0,2.0,0.0,0.0,0.0
2018-05-09,1.0,11.0,1.0,2.0,0.0,0.0,1.0,4.0,0.0,0.0
2018-05-10,6.0,30.0,1.0,6.0,4.0,0.0,2.0,0.0,0.0,0.0
2018-05-11,3.0,22.0,1.0,5.0,2.0,0.0,4.0,4.0,0.0,0.0
2018-05-12,3.0,38.0,0.0,7.0,0.0,0.0,0.0,2.0,0.0,0.0
2018-05-13,0.0,17.0,0.0,5.0,2.0,0.0,0.0,2.0,0.0,0.0
2018-05-14,2.0,21.0,1.0,0.0,0.0,0.0,0.0,3.0,0.0,0.0
2018-05-15,0.0,11.0,1.0,0.0,1.0,0.0,0.0,3.0,0.0,2.0
2018-05-16,5.0,12.0,1.0,0.0,1.0,0.0,2.0,1.0,0.0,0.0
2018-05-17,2.0,4.0,1.0,0.0,0.0,0.0,0.0,0.0,0.0,0.0
2018-05-18,5.0,10.0,1.0,0.0,0.0,0.0,1.0,3.0,0.0,0.0
2018-05-19,0.0,8.0,0.0,0.0,0.0,0.0,0.0,1.0,0.0,0.0
2018-05-21,1.0,12.0,1.0,0.0,4.0,0.0,3.0,2.0,0.0,0.0
2018-05-22,3.0,16.0,1.0,0.0,1.0,0.0,1.0,6.0,0.0,0.0
2018-05-23,0.0,7.0,0.0,0.0,0.0,0.0,3.0,3.0,0.0,0.0
2018-05-24,2.0,6.0,1.0,0.0,0.0,0.0,0.0,2.0,0.0,0.0
2018-05-25,1.0,8.0,0.0,0.0,1.0,0.0,1.0,0.0,0.0,0.0
2018-05-26,2.0,10.0,0.0,0.0,0.0,0.0,0.0,1.0,0.0,0.0
2018-05-28,2.0,8.0,0.0,0.0,0.0,0.0,0.0,3.0,0.0,0.0
2018-05-29,1.0,8.0,0.0,0.0,0.0,0.0,2.0,2.0,0.0,0.0
2018-05-30,1.0,12.0,1.0,0.0,0.0,0.0,1.0,2.0,0.0,0.0
2018-06-01,5.0,12.0,2.0,0.0,2.0,0.0,1.0,3.0,0.0,0.0
2018-06-02,3.0,7.0,1.0,0.0,1.0,0.0,2.0,2.0,0.0,0.0
2018-06-04,6.0,18.0,0.0,0.0,2.0,0.0,2.0,5.0,0.0,0.0
2018-06-05,1.0,5.0,0.0,0.0,1.0,0.0,0.0,1.0,0.0,0.0
2018-06-06,3.0,2.0,0.0,0.0,0.0,0.0,0.0,5.0,0.0,0.0
2018-06-07,5.0,8.0,0.0,0.0,0.0,0.0,0.0,4.0,0.0,0.0
2018-06-08,3.0,16.0,0.0,0.0,1.0,0.0,0.0,3.0,0.0,0.0
2018-06-09,2.0,17.0,0.0,0.0,2.0,0.0,2.0,2.0,0.0,0.0
2018-06-11,3.0,18.0,0.0,0.0,3.0,0.0,1.0,3.0,0.0,0.0
2018-06-12,0.0,17.0,0.0,0.0,1.0,0.0,1.0,2.0,0.0,0.0
2018-06-13,2.0,9.0,1.0,0.0,2.0,0.0,1.0,3.0,0.0,0.0
2018-06-14,5.0,16.0,0.0,0.0,1.0,0.0,0.0,2.0,0.0,0.0
2018-06-15,1.0,18.0,0.0,0.0,0.0,0.0,2.0,2.0,0.0,0.0
2018-06-16,1.0,8.0,1.0,0.0,0.0,0.0,1.0,1.0,0.0,0.0
2018-06-18,1.0,15.0,0.0,0.0,1.0,0.0,0.0,0.0,0.0,0.0
2018-06-19,3.0,5.0,0.0,0.0,0.0,0.0,0.0,5.0,0.0,0.0
2018-06-20,1.0,6.0,0.0,0.0,0.0,0.0,1.0,1.0,0.0,0.0
2018-06-21,0.0,11.0,0.0,0.0,0.0,0.0,0.0,3.0,0.0,0.0
2018-06-22,1.0,10.0,0.0,0.0,1.0,0.0,0.0,2.0,0.0,0.0
2018-06-23,3.0,8.0,0.0,0.0,0.0,0.0,0.0,2.0,0.0,0.0
2018-06-25,4.0,13.0,0.0,0.0,0.0,0.0,1.0,3.0,0.0,0.0
2018-06-26,1.0,10.0,0.0,0.0,0.0,0.0,0.0,3.0,0.0,0.0
2018-06-27,0.0,8.0,0.0,0.0,1.0,0.0,0.0,0.0,0.0,0.0
2018-06-28,1.0,9.0,0.0,0.0,0.0,0.0,0.0,1.0,0.0,0.0
2018-06-29,4.0,12.0,0.0,0.0,0.0,0.0,0.0,1.0,0.0,0.0
2018-06-30,2.0,16.0,0.0,0.0,0.0,0.0,0.0,4.0,0.0,0.0
2018-07-02,1.0,13.0,0.0,0.0,1.0,0.0,3.0,0.0,0.0,0.0
2018-07-03,1.0,11.0,0.0,0.0,0.0,0.0,0.0,0.0,0.0,0.0
2018-07-04,1.0,9.0,0.0,0.0,0.0,0.0,0.0,1.0,0.0,0.0
2018-07-05,3.0,9.0,1.0,0.0,1.0,0.0,0.0,0.0,0.0,0.0
2018-07-06,0.0,9.0,0.0,0.0,0.0,0.0,0.0,0.0,0.0,0.0
2018-07-07,2.0,6.0,0.0,0.0,1.0,0.0,0.0,0.0,0.0,0.0
2018-07-09,0.0,17.0,1.0,0.0,1.0,0.0,0.0,0.0,0.0,0.0
2018-07-10,2.0,10.0,0.0,0.0,0.0,0.0,0.0,0.0,0.0,0.0
2018-07-11,0.0,10.0,0.0,0.0,2.0,0.0,0.0,1.0,0.0,0.0
2018-07-12,0.0,13.0,0.0,0.0,1.0,0.0,0.0,5.0,0.0,0.0
2018-07-13,1.0,8.0,0.0,0.0,2.0,0.0,0.0,0.0,0.0,0.0
2018-07-14,0.0,7.0,0.0,0.0,0.0,0.0,0.0,2.0,0.0,0.0
2018-07-16,5.0,14.0,0.0,0.0,3.0,0.0,0.0,1.0,0.0,0.0
2018-07-17,0.0,10.0,0.0,0.0,2.0,0.0,0.0,1.0,0.0,0.0
2018-07-18,0.0,10.0,0.0,0.0,1.0,0.0,0.0,1.0,0.0,0.0
2018-07-19,1.0,13.0,0.0,0.0,2.0,0.0,0.0,1.0,0.0,0.0
2018-07-20,1.0,13.0,0.0,0.0,1.0,0.0,0.0,0.0,0.0,0.0
2018-07-21,1.0,15.0,0.0,0.0,3.0,0.0,0.0,2.0,0.0,0.0
2018-07-23,1.0,16.0,0.0,0.0,3.0,0.0,0.0,3.0,0.0,0.0
2018-07-24,1.0,9.0,0.0,0.0,0.0,0.0,0.0,0.0,0.0,0.0
2018-07-25,2.0,6.0,0.0,0.0,2.0,0.0,0.0,2.0,0.0,0.0
2018-07-26,0.0,13.0,0.0,0.0,0.0,0.0,0.0,0.0,0.0,0.0
2018-07-27,1.0,15.0,0.0,0.0,0.0,0.0,0.0,0.0,0.0,0.0
2018-07-28,1.0,8.0,0.0,0.0,0.0,0.0,0.0,0.0,0.0,0.0
2018-07-30,2.0,20.0,0.0,0.0,1.0,0.0,0.0,1.0,0.0,0.0
2018-07-31,2.0,7.0,1.0,0.0,0.0,0.0,0.0,0.0,0.0,0.0
2018-08-01,0.0,10.0,0.0,0.0,1.0,0.0,0.0,1.0,0.0,0.0
2018-08-02,2.0,9.0,1.0,0.0,1.0,0.0,0.0,2.0,0.0,0.0
2018-08-03,2.0,3.0,1.0,0.0,3.0,0.0,0.0,1.0,0.0,0.0
2018-08-04,1.0,13.0,0.0,0.0,0.0,0.0,1.0,2.0,0.0,0.0
2018-08-06,5.0,26.0,0.0,0.0,4.0,0.0,1.0,2.0,0.0,0.0
2018-08-07,1.0,12.0,0.0,0.0,2.0,0.0,0.0,4.0,0.0,0.0
2018-08-08,2.0,0.0,1.0,0.0,4.0,0.0,0.0,11.0,0.0,0.0
2018-08-09,4.0,0.0,1.0,0.0,4.0,0.0,0.0,17.0,0.0,0.0
2018-08-10,2.0,0.0,0.0,0.0,0.0,0.0,0.0,12.0,0.0,0.0
2018-08-11,1.0,7.0,1.0,0.0,3.0,0.0,2.0,21.0,0.0,0.0
2018-08-13,2.0,1.0,1.0,0.0,7.0,0.0,2.0,18.0,0.0,0.0
2018-08-14,0.0,0.0,0.0,0.0,0.0,0.0,0.0,3.0,0.0,0.0
2018-08-15,1.0,1.0,0.0,0.0,2.0,0.0,0.0,9.0,0.0,0.0
2018-08-16,1.0,0.0,0.0,0.0,0.0,0.0,0.0,8.0,0.0,0.0
2018-08-17,2.0,0.0,1.0,0.0,0.0,0.0,0.0,10.0,0.0,0.0
2018-08-18,3.0,0.0,1.0,0.0,0.0,0.0,0.0,7.0,0.0,0.0
2018-08-20,3.0,4.0,0.0,0.0,2.0,0.0,1.0,5.0,0.0,0.0
2018-08-21,1.0,5.0,0.0,0.0,1.0,0.0,0.0,0.0,0.0,0.0
2018-08-22,0.0,5.0,0.0,0.0,1.0,0.0,0.0,5.0,0.0,0.0
2018-08-23,0.0,12.0,0.0,0.0,2.0,0.0,0.0,4.0,0.0,0.0
2018-08-24,0.0,13.0,0.0,0.0,1.0,0.0,0.0,4.0,0.0,0.0
2018-08-25,1.0,17.0,0.0,0.0,0.0,0.0,1.0,2.0,0.0,0.0
2018-08-26,2.0,8.0,0.0,0.0,0.0,0.0,0.0,3.0,0.0,0.0
2018-08-27,1.0,14.0,0.0,0.0,3.0,0.0,0.0,0.0,0.0,0.0
2018-08-28,2.0,11.0,0.0,0.0,2.0,0.0,0.0,2.0,0.0,0.0
2018-08-29,1.0,12.0,0.0,0.0,3.0,0.0,0.0,1.0,0.0,0.0
2018-08-30,0.0,12.0,0.0,0.0,2.0,0.0,0.0,1.0,0.0,0.0
2018-08-31,1.0,27.0,0.0,0.0,4.0,0.0,0.0,5.0,0.0,0.0
2018-09-01,3.0,8.0,0.0,0.0,2.0,0.0,0.0,2.0,0.0,0.0
2018-09-03,3.0,21.0,0.0,0.0,0.0,0.0,1.0,3.0,0.0,0.0
2018-09-04,3.0,9.0,0.0,0.0,2.0,0.0,1.0,0.0,0.0,0.0
2018-09-05,0.0,18.0,2.0,0.0,0.0,0.0,2.0,2.0,0.0,0.0
2018-09-06,1.0,11.0,0.0,0.0,3.0,0.0,0.0,1.0,0.0,0.0
2018-09-08,3.0,15.0,1.0,0.0,0.0,0.0,0.0,3.0,0.0,0.0
2018-09-10,4.0,25.0,0.0,0.0,4.0,0.0,2.0,1.0,0.0,0.0
2018-09-11,1.0,14.0,0.0,0.0,1.0,0.0,0.0,1.0,0.0,0.0
2018-09-12,2.0,25.0,0.0,0.0,3.0,0.0,0.0,1.0,0.0,0.0
2018-09-13,1.0,17.0,1.0,0.0,1.0,0.0,0.0,2.0,0.0,0.0
2018-09-14,1.0,3.0,1.0,0.0,1.0,0.0,1.0,1.0,0.0,0.0
2018-09-15,5.0,0.0,1.0,0.0,1.0,0.0,0.0,5.0,0.0,0.0
2018-09-17,0.0,0.0,1.0,0.0,4.0,0.0,2.0,13.0,0.0,0.0
2018-09-18,2.0,0.0,1.0,0.0,1.0,0.0,0.0,7.0,0.0,0.0
2018-09-19,1.0,0.0,0.0,0.0,4.0,0.0,2.0,5.0,0.0,0.0
2018-09-20,0.0,0.0,0.0,0.0,1.0,0.0,0.0,4.0,0.0,0.0
2018-09-21,3.0,0.0,1.0,0.0,2.0,0.0,2.0,14.0,0.0,0.0
2018-09-22,2.0,0.0,1.0,0.0,6.0,0.0,0.0,9.0,0.0,0.0
2018-09-24,4.0,5.0,2.0,0.0,5.0,0.0,1.0,9.0,0.0,0.0
2018-09-25,3.0,12.0,1.0,0.0,2.0,0.0,2.0,7.0,0.0,0.0
2018-09-26,1.0,11.0,0.0,0.0,0.0,0.0,0.0,1.0,0.0,0.0
2018-09-27,2.0,16.0,1.0,0.0,1.0,0.0,0.0,1.0,0.0,0.0
2018-09-28,3.0,18.0,0.0,0.0,6.0,0.0,1.0,2.0,0.0,0.0
2018-09-29,2.0,8.0,1.0,0.0,3.0,0.0,0.0,0.0,0.0,0.0
2018-10-01,0.0,20.0,2.0,0.0,5.0,0.0,1.0,3.0,0.0,0.0
2018-10-02,1.0,11.0,1.0,0.0,2.0,0.0,0.0,1.0,0.0,0.0
2018-10-03,0.0,11.0,1.0,0.0,2.0,0.0,0.0,3.0,0.0,0.0
2018-10-04,0.0,7.0,0.0,0.0,0.0,0.0,0.0,2.0,0.0,0.0
2018-10-05,2.0,18.0,1.0,0.0,1.0,0.0,0.0,1.0,0.0,0.0
2018-10-06,1.0,12.0,1.0,0.0,2.0,0.0,0.0,1.0,0.0,0.0
2018-10-08,4.0,12.0,0.0,0.0,3.0,0.0,2.0,2.0,0.0,0.0
2018-10-09,4.0,17.0,0.0,0.0,4.0,0.0,1.0,2.0,0.0,0.0
2018-10-10,3.0,11.0,0.0,0.0,3.0,0.0,1.0,3.0,0.0,0.0
2018-10-11,3.0,16.0,2.0,0.0,4.0,0.0,2.0,1.0,0.0,0.0
2018-10-12,0.0,5.0,1.0,0.0,3.0,0.0,0.0,8.0,0.0,0.0
2018-10-13,2.0,0.0,1.0,0.0,1.0,0.0,1.0,3.0,0.0,0.0
2018-10-16,3.0,0.0,4.0,0.0,7.0,0.0,1.0,9.0,0.0,0.0
2018-10-17,1.0,0.0,0.0,0.0,2.0,0.0,0.0,6.0,0.0,0.0
2018-10-18,2.0,0.0,9.0,0.0,1.0,0.0,2.0,10.0,0.0,0.0
2018-10-19,1.0,0.0,0.0,0.0,1.0,0.0,0.0,4.0,0.0,0.0
2018-10-20,2.0,0.0,0.0,0.0,1.0,0.0,0.0,0.0,0.0,0.0
2018-10-22,4.0,0.0,1.0,0.0,4.0,0.0,0.0,0.0,0.0,0.0
2018-10-23,2.0,0.0,0.0,0.0,1.0,0.0,0.0,0.0,0.0,0.0
2018-10-24,0.0,10.0,0.0,4.0,2.0,0.0,0.0,0.0,0.0,0.0
2018-10-25,2.0,14.0,0.0,4.0,1.0,0.0,0.0,0.0,0.0,0.0
2018-10-26,1.0,17.0,2.0,2.0,6.0,0.0,0.0,0.0,0.0,0.0
2018-10-27,2.0,20.0,3.0,5.0,5.0,0.0,0.0,0.0,0.0,0.0
2018-10-29,0.0,7.0,0.0,3.0,3.0,0.0,0.0,0.0,0.0,0.0
2018-10-30,2.0,14.0,1.0,9.0,1.0,0.0,2.0,0.0,0.0,0.0
2018-10-31,0.0,8.0,0.0,4.0,0.0,0.0,0.0,0.0,0.0,0.0
2018-11-01,1.0,12.0,5.0,4.0,1.0,0.0,1.0,0.0,0.0,0.0
2018-11-03,2.0,27.0,2.0,5.0,0.0,0.0,0.0,0.0,0.0,0.0
2018-11-05,3.0,18.0,1.0,2.0,2.0,0.0,0.0,0.0,0.0,0.0
2018-11-06,3.0,7.0,3.0,9.0,2.0,0.0,1.0,0.0,0.0,0.0
2018-11-07,1.0,20.0,1.0,0.0,0.0,0.0,2.0,0.0,0.0,0.0
2018-11-08,7.0,18.0,1.0,1.0,3.0,0.0,0.0,0.0,0.0,0.0
2018-11-09,3.0,22.0,4.0,6.0,6.0,0.0,0.0,0.0,0.0,0.0
2018-11-10,5.0,10.0,2.0,10.0,6.0,0.0,0.0,0.0,0.0,0.0
2018-11-12,4.0,17.0,0.0,10.0,3.0,0.0,0.0,0.0,0.0,0.0
2018-11-13,2.0,7.0,0.0,5.0,0.0,0.0,0.0,0.0,0.0,0.0
2018-11-14,4.0,11.0,0.0,2.0,0.0,0.0,0.0,0.0,0.0,0.0
2018-11-15,1.0,3.0,0.0,0.0,0.0,0.0,0.0,0.0,0.0,0.0
2018-11-16,4.0,17.0,1.0,4.0,5.0,0.0,4.0,0.0,0.0,0.0
2018-11-17,4.0,13.0,6.0,7.0,0.0,0.0,3.0,0.0,0.0,0.0
2018-11-19,0.0,0.0,0.0,13.0,2.0,0.0,2.0,0.0,0.0,0.0
2018-11-20,8.0,8.0,2.0,5.0,0.0,0.0,0.0,0.0,0.0,0.0
2018-11-21,2.0,13.0,1.0,1.0,1.0,0.0,1.0,0.0,0.0,0.0
2018-11-22,4.0,19.0,0.0,4.0,2.0,0.0,0.0,0.0,0.0,0.0
2018-11-23,3.0,28.0,7.0,2.0,0.0,0.0,0.0,0.0,0.0,0.0
2018-11-24,4.0,31.0,1.0,2.0,0.0,0.0,0.0,0.0,0.0,0.0
2018-11-26,2.0,21.0,0.0,4.0,1.0,0.0,0.0,0.0,0.0,0.0
2018-11-27,3.0,18.0,0.0,2.0,0.0,0.0,0.0,0.0,0.0,0.0
2018-11-28,0.0,16.0,2.0,3.0,0.0,0.0,0.0,0.0,0.0,0.0
2018-11-29,2.0,24.0,0.0,2.0,0.0,0.0,1.0,0.0,0.0,0.0
2018-11-30,1.0,17.0,0.0,0.0,0.0,0.0,0.0,0.0,0.0,0.0
2018-12-01,3.0,11.0,3.0,0.0,0.0,0.0,1.0,0.0,0.0,0.0
2018-12-02,1.0,3.0,0.0,0.0,1.0,0.0,0.0,0.0,0.0,0.0
2018-12-03,0.0,18.0,1.0,2.0,5.0,0.0,2.0,0.0,0.0,0.0
2018-12-04,2.0,17.0,1.0,0.0,0.0,0.0,2.0,0.0,0.0,0.0
2018-12-05,1.0,15.0,2.0,0.0,0.0,0.0,0.0,0.0,0.0,0.0
2018-12-06,1.0,25.0,3.0,2.0,0.0,0.0,0.0,0.0,0.0,0.0
2018-12-07,0.0,2.0,1.0,7.0,0.0,0.0,2.0,0.0,0.0,0.0
2018-12-09,0.0,0.0,0.0,3.0,0.0,0.0,0.0,0.0,0.0,0.0
2018-12-10,5.0,0.0,3.0,26.0,4.0,0.0,0.0,0.0,0.0,0.0
2018-12-11,2.0,0.0,4.0,10.0,0.0,0.0,2.0,0.0,0.0,0.0
2018-12-12,0.0,0.0,3.0,4.0,2.0,0.0,1.0,0.0,0.0,0.0
2018-12-13,0.0,0.0,4.0,8.0,1.0,0.0,1.0,0.0,0.0,0.0
2018-12-14,1.0,0.0,4.0,0.0,2.0,0.0,0.0,0.0,0.0,0.0
2018-12-15,0.0,0.0,0.0,0.0,0.0,0.0,0.0,0.0,0.0,0.0
2018-12-16,0.0,0.0,0.0,0.0,2.0,0.0,0.0,0.0,0.0,0.0
2018-12-17,5.0,0.0,3.0,0.0,0.0,0.0,0.0,0.0,0.0,0.0
2018-12-18,0.0,0.0,6.0,0.0,0.0,0.0,0.0,0.0,0.0,0.0
2018-12-19,1.0,0.0,3.0,0.0,0.0,0.0,0.0,0.0,0.0,0.0
2018-12-20,0.0,0.0,2.0,0.0,4.0,0.0,1.0,0.0,0.0,0.0
2018-12-21,1.0,10.0,4.0,0.0,0.0,0.0,3.0,0.0,0.0,0.0
2018-12-22,0.0,14.0,0.0,0.0,0.0,0.0,0.0,0.0,0.0,0.0
2018-12-23,0.0,10.0,0.0,0.0,0.0,0.0,0.0,0.0,0.0,0.0
2018-12-24,2.0,24.0,4.0,0.0,4.0,0.0,0.0,0.0,0.0,0.0
2018-12-26,0.0,21.0,1.0,0.0,0.0,0.0,1.0,0.0,0.0,0.0
2018-12-27,1.0,22.0,1.0,0.0,4.0,0.0,0.0,0.0,0.0,0.0
2018-12-28,0.0,10.0,0.0,0.0,0.0,0.0,1.0,0.0,0.0,0.0
2018-12-29,0.0,11.0,1.0,0.0,1.0,0.0,0.0,0.0,0.0,0.0
2018-12-31,1.0,37.0,2.0,0.0,1.0,0.0,3.0,0.0,0.0,0.0
2019-01-02,0.0,19.0,0.0,0.0,0.0,0.0,0.0,0.0,0.0,0.0
2019-01-03,0.0,12.0,0.0,0.0,0.0,0.0,0.0,0.0,0.0,0.0
2019-01-04,0.0,19.0,0.0,0.0,0.0,0.0,0.0,0.0,0.0,0.0
2019-01-05,0.0,13.0,0.0,0.0,0.0,0.0,0.0,0.0,0.0,0.0
2019-01-06,0.0,4.0,0.0,0.0,0.0,0.0,0.0,0.0,0.0,0.0
2019-01-07,0.0,15.0,0.0,0.0,0.0,0.0,0.0,0.0,0.0,0.0
2019-01-08,0.0,9.0,0.0,2.0,0.0,0.0,0.0,0.0,0.0,0.0
2019-01-09,0.0,18.0,0.0,1.0,0.0,0.0,0.0,0.0,0.0,0.0
2019-01-10,0.0,17.0,0.0,0.0,0.0,0.0,0.0,0.0,0.0,0.0
2019-01-11,0.0,8.0,0.0,2.0,0.0,0.0,0.0,0.0,0.0,0.0
2019-01-12,0.0,8.0,0.0,0.0,0.0,0.0,0.0,0.0,0.0,0.0
2019-01-14,0.0,14.0,0.0,3.0,0.0,0.0,0.0,1.0,0.0,0.0
2019-01-15,0.0,8.0,0.0,3.0,0.0,0.0,0.0,0.0,0.0,0.0
2019-01-16,0.0,12.0,0.0,5.0,0.0,0.0,0.0,0.0,0.0,0.0
2019-01-17,0.0,8.0,0.0,3.0,0.0,0.0,0.0,0.0,0.0,0.0
2019-01-18,0.0,5.0,0.0,5.0,0.0,0.0,0.0,0.0,0.0,0.0
2019-01-19,0.0,0.0,0.0,4.0,0.0,0.0,0.0,0.0,0.0,0.0
2019-01-21,0.0,0.0,0.0,12.0,0.0,0.0,0.0,0.0,0.0,0.0
2019-01-22,0.0,0.0,0.0,7.0,0.0,0.0,0.0,0.0,0.0,0.0
2019-01-23,0.0,0.0,0.0,3.0,0.0,0.0,0.0,0.0,0.0,0.0
2019-01-24,0.0,0.0,0.0,0.0,0.0,0.0,0.0,0.0,0.0,0.0
2019-01-25,0.0,0.0,0.0,0.0,0.0,0.0,0.0,0.0,0.0,0.0
2019-01-26,0.0,0.0,0.0,0.0,0.0,0.0,0.0,0.0,0.0,0.0
2019-01-28,0.0,0.0,0.0,0.0,0.0,0.0,0.0,0.0,0.0,0.0
2019-01-29,0.0,0.0,0.0,0.0,0.0,0.0,0.0,0.0,0.0,0.0
2019-01-30,0.0,0.0,0.0,0.0,0.0,0.0,0.0,0.0,0.0,0.0
2019-01-31,0.0,5.0,0.0,0.0,0.0,0.0,0.0,0.0,0.0,0.0
2019-02-01,0.0,8.0,0.0,0.0,0.0,0.0,0.0,0.0,0.0,0.0
2019-02-02,0.0,7.0,0.0,0.0,0.0,0.0,0.0,0.0,0.0,0.0
2019-02-04,0.0,22.0,0.0,1.0,0.0,0.0,0.0,0.0,0.0,0.0
2019-02-05,0.0,14.0,0.0,0.0,0.0,0.0,0.0,0.0,0.0,0.0
2019-02-06,0.0,8.0,0.0,0.0,0.0,0.0,0.0,0.0,0.0,0.0
2019-02-07,0.0,13.0,0.0,0.0,0.0,0.0,0.0,0.0,0.0,0.0
2019-02-08,0.0,13.0,0.0,0.0,0.0,0.0,0.0,0.0,0.0,0.0
2019-02-09,0.0,11.0,0.0,0.0,0.0,0.0,0.0,0.0,0.0,0.0
2019-02-10,0.0,1.0,0.0,0.0,0.0,0.0,0.0,0.0,0.0,0.0
2019-02-11,0.0,0.0,0.0,0.0,0.0,0.0,0.0,0.0,0.0,0.0
2019-02-12,0.0,9.0,0.0,0.0,0.0,0.0,0.0,0.0,0.0,0.0
2019-02-13,0.0,9.0,0.0,0.0,0.0,0.0,0.0,0.0,0.0,0.0
2019-02-14,0.0,12.0,0.0,0.0,0.0,0.0,0.0,0.0,0.0,0.0
2019-02-15,0.0,9.0,0.0,0.0,0.0,0.0,0.0,0.0,0.0,0.0
2019-02-16,0.0,9.0,0.0,0.0,0.0,0.0,0.0,0.0,0.0,0.0
2019-02-18,0.0,18.0,0.0,0.0,0.0,0.0,0.0,0.0,0.0,0.0
2019-02-19,0.0,9.0,0.0,0.0,0.0,0.0,0.0,0.0,0.0,0.0
2019-02-20,0.0,18.0,0.0,0.0,0.0,0.0,0.0,0.0,0.0,0.0
2019-02-21,0.0,8.0,0.0,0.0,0.0,0.0,0.0,0.0,0.0,0.0
2019-02-22,0.0,8.0,0.0,0.0,0.0,0.0,0.0,0.0,0.0,0.0
2019-02-23,0.0,12.0,0.0,0.0,0.0,0.0,0.0,0.0,0.0,0.0
2019-02-25,0.0,19.0,0.0,0.0,0.0,0.0,0.0,0.0,0.0,0.0
2019-02-26,0.0,14.0,0.0,0.0,0.0,0.0,0.0,0.0,0.0,0.0
2019-02-27,0.0,13.0,0.0,0.0,0.0,0.0,0.0,0.0,0.0,0.0
2019-02-28,0.0,14.0,0.0,0.0,0.0,0.0,0.0,0.0,0.0,0.0
2019-03-01,0.0,14.0,0.0,0.0,0.0,0.0,0.0,0.0,0.0,0.0
2019-03-02,0.0,9.0,0.0,0.0,0.0,0.0,0.0,0.0,0.0,0.0
2019-03-04,0.0,0.0,0.0,0.0,0.0,0.0,0.0,0.0,0.0,0.0
2019-03-07,0.0,0.0,0.0,0.0,0.0,0.0,0.0,0.0,0.0,0.0
2019-03-08,0.0,0.0,0.0,0.0,0.0,0.0,0.0,0.0,0.0,0.0
2019-03-09,0.0,0.0,0.0,0.0,0.0,0.0,0.0,0.0,0.0,0.0
2019-03-11,0.0,0.0,0.0,0.0,0.0,0.0,0.0,0.0,0.0,0.0
2019-03-12,0.0,0.0,0.0,0.0,0.0,0.0,0.0,0.0,0.0,0.0
2019-03-13,0.0,0.0,0.0,0.0,0.0,0.0,0.0,0.0,0.0,0.0
2019-03-14,0.0,0.0,0.0,0.0,0.0,0.0,0.0,0.0,0.0,0.0
2019-03-15,0.0,0.0,0.0,0.0,0.0,0.0,0.0,0.0,0.0,0.0
2019-03-16,0.0,0.0,0.0,0.0,0.0,0.0,0.0,0.0,0.0,0.0
2019-03-18,0.0,0.0,0.0,0.0,0.0,0.0,0.0,0.0,0.0,0.0
2019-03-19,0.0,0.0,0.0,0.0,0.0,0.0,0.0,0.0,0.0,0.0
2019-03-20,0.0,0.0,0.0,0.0,0.0,0.0,0.0,2.0,0.0,0.0
2019-03-21,0.0,0.0,0.0,0.0,0.0,0.0,0.0,2.0,0.0,0.0
2019-03-22,0.0,0.0,0.0,0.0,0.0,0.0,0.0,1.0,0.0,0.0
2019-03-23,0.0,0.0,0.0,0.0,0.0,0.0,0.0,0.0,0.0,0.0
2019-03-25,0.0,0.0,0.0,0.0,0.0,0.0,0.0,6.0,0.0,0.0
2019-03-26,0.0,0.0,0.0,0.0,0.0,0.0,0.0,7.0,0.0,0.0
2019-03-27,0.0,0.0,0.0,0.0,0.0,0.0,0.0,7.0,0.0,0.0
2019-03-28,0.0,0.0,0.0,0.0,0.0,0.0,0.0,16.0,0.0,0.0
2019-03-29,0.0,0.0,0.0,0.0,0.0,0.0,0.0,7.0,0.0,0.0
2019-03-30,0.0,0.0,0.0,0.0,0.0,0.0,0.0,6.0,0.0,0.0
2019-04-01,0.0,0.0,0.0,0.0,0.0,0.0,0.0,11.0,0.0,0.0
2019-04-02,0.0,0.0,0.0,0.0,0.0,0.0,0.0,2.0,0.0,0.0
2019-04-03,0.0,0.0,0.0,0.0,0.0,0.0,0.0,8.0,0.0,0.0
2019-04-04,0.0,0.0,0.0,0.0,0.0,0.0,0.0,4.0,0.0,0.0
2019-04-05,0.0,0.0,0.0,0.0,0.0,0.0,0.0,18.0,0.0,0.0
2019-04-06,0.0,0.0,0.0,0.0,0.0,0.0,0.0,12.0,0.0,0.0
2019-04-07,0.0,0.0,0.0,0.0,0.0,0.0,0.0,1.0,0.0,0.0
2019-04-08,0.0,0.0,0.0,0.0,0.0,0.0,0.0,23.0,0.0,0.0
2019-04-09,0.0,0.0,0.0,0.0,0.0,0.0,0.0,22.0,0.0,0.0
2019-04-10,0.0,0.0,0.0,0.0,0.0,0.0,0.0,1.0,0.0,0.0
2019-04-11,0.0,0.0,0.0,0.0,0.0,0.0,0.0,0.0,0.0,0.0
2019-04-12,0.0,5.0,0.0,0.0,0.0,0.0,0.0,1.0,0.0,0.0
2019-04-13,0.0,8.0,0.0,1.0,0.0,0.0,0.0,1.0,0.0,0.0
2019-04-15,0.0,14.0,0.0,2.0,0.0,0.0,0.0,2.0,0.0,0.0
2019-04-16,0.0,9.0,0.0,0.0,0.0,0.0,0.0,0.0,0.0,0.0
2019-04-17,0.0,10.0,0.0,0.0,0.0,0.0,0.0,0.0,0.0,0.0
2019-04-18,0.0,12.0,0.0,3.0,0.0,0.0,0.0,0.0,0.0,0.0
2019-04-20,0.0,9.0,0.0,1.0,0.0,0.0,0.0,0.0,0.0,0.0
2019-04-22,0.0,3.0,0.0,12.0,0.0,0.0,0.0,3.0,0.0,0.0
2019-04-23,0.0,0.0,0.0,0.0,0.0,0.0,0.0,8.0,0.0,0.0
2019-04-24,0.0,0.0,0.0,0.0,0.0,0.0,0.0,6.0,0.0,0.0
2019-04-25,0.0,0.0,0.0,0.0,0.0,0.0,0.0,5.0,0.0,0.0
2019-04-26,0.0,0.0,0.0,0.0,0.0,0.0,0.0,4.0,0.0,0.0
2019-04-27,0.0,0.0,0.0,0.0,0.0,0.0,0.0,7.0,0.0,0.0
2019-04-28,0.0,0.0,0.0,0.0,0.0,0.0,0.0,0.0,0.0,0.0
2019-04-29,0.0,0.0,0.0,0.0,0.0,0.0,0.0,9.0,0.0,0.0
2019-04-30,0.0,0.0,0.0,0.0,0.0,0.0,0.0,7.0,0.0,0.0
2019-05-02,0.0,0.0,0.0,0.0,0.0,0.0,0.0,0.0,0.0,0.0
