ds,ds,trend,yhat_lower,yhat_upper,trend_lower,trend_upper,Ano Novo,Ano Novo_lower,Ano Novo_upper,Black friday,Black friday_lower,Black friday_upper,Dia das crianças,Dia das crianças_lower,Dia das crianças_upper,Dia das mães,Dia das mães_lower,Dia das mães_upper,Dia dos namorados,Dia dos namorados_lower,Dia dos namorados_upper,Dia dos pais,Dia dos pais_lower,Dia dos pais_upper,Natal,Natal_lower,Natal_upper,Páscoa,Páscoa_lower,Páscoa_upper,additive_terms,additive_terms_lower,additive_terms_upper,holidays,holidays_lower,holidays_upper,yearly,yearly_lower,yearly_upper,multiplicative_terms,multiplicative_terms_lower,multiplicative_terms_upper,yhat
2018-01-01,2018-01-01,512.3823409275411,-55.688462494710464,298.2236255532532,512.3823409275411,512.3823409275411,-241.8426779668143,-241.8426779668143,-241.8426779668143,0.0,0.0,0.0,0.0,0.0,0.0,0.0,0.0,0.0,0.0,0.0,0.0,0.0,0.0,0.0,0.0,0.0,0.0,0.0,0.0,0.0,-392.73272126514786,-392.73272126514786,-392.73272126514786,-241.8426779668143,-241.8426779668143,-241.8426779668143,-150.89004329833358,-150.89004329833358,-150.89004329833358,0.0,0.0,0.0,119.64961966239326
2018-01-08,2018-01-08,509.03597012727346,169.71956391158355,541.0617809901662,509.03597012727346,509.03597012727346,0.0,0.0,0.0,0.0,0.0,0.0,0.0,0.0,0.0,0.0,0.0,0.0,0.0,0.0,0.0,0.0,0.0,0.0,0.0,0.0,0.0,0.0,0.0,0.0,-162.21062514790205,-162.21062514790205,-162.21062514790205,0.0,0.0,0.0,-162.21062514790205,-162.21062514790205,-162.21062514790205,0.0,0.0,0.0,346.8253449793714
2018-01-15,2018-01-15,505.6895993270058,245.9417331220741,604.8495862141871,505.6895993270058,505.6895993270058,0.0,0.0,0.0,0.0,0.0,0.0,0.0,0.0,0.0,0.0,0.0,0.0,0.0,0.0,0.0,0.0,0.0,0.0,0.0,0.0,0.0,0.0,0.0,0.0,-75.06350714878587,-75.06350714878587,-75.06350714878587,0.0,0.0,0.0,-75.06350714878587,-75.06350714878587,-75.06350714878587,0.0,0.0,0.0,430.6260921782199
2018-01-22,2018-01-22,502.3432285267381,348.1768390244396,717.159883235112,502.3432285267381,502.3432285267381,0.0,0.0,0.0,0.0,0.0,0.0,0.0,0.0,0.0,0.0,0.0,0.0,0.0,0.0,0.0,0.0,0.0,0.0,0.0,0.0,0.0,0.0,0.0,0.0,34.61987611524672,34.61987611524672,34.61987611524672,0.0,0.0,0.0,34.61987611524672,34.61987611524672,34.61987611524672,0.0,0.0,0.0,536.9631046419848
2018-01-29,2018-01-29,498.9968577264704,397.69386430472974,734.1673800894022,498.9968577264704,498.9968577264704,0.0,0.0,0.0,0.0,0.0,0.0,0.0,0.0,0.0,0.0,0.0,0.0,0.0,0.0,0.0,0.0,0.0,0.0,0.0,0.0,0.0,0.0,0.0,0.0,66.56537519187067,66.56537519187067,66.56537519187067,0.0,0.0,0.0,66.56537519187067,66.56537519187067,66.56537519187067,0.0,0.0,0.0,565.5622329183411
2018-02-05,2018-02-05,495.65048692620275,327.3946032086983,671.6431309831719,495.65048692620275,495.65048692620275,0.0,0.0,0.0,0.0,0.0,0.0,0.0,0.0,0.0,0.0,0.0,0.0,0.0,0.0,0.0,0.0,0.0,0.0,0.0,0.0,0.0,0.0,0.0,0.0,-2.1694763449728494,-2.1694763449728494,-2.1694763449728494,0.0,0.0,0.0,-2.1694763449728494,-2.1694763449728494,-2.1694763449728494,0.0,0.0,0.0,493.4810105812299
2018-02-12,2018-02-12,492.3041161282568,223.90939361128667,572.5861544828539,492.3041161282568,492.3041161282568,0.0,0.0,0.0,0.0,0.0,0.0,0.0,0.0,0.0,0.0,0.0,0.0,0.0,0.0,0.0,0.0,0.0,0.0,0.0,0.0,0.0,0.0,0.0,0.0,-95.78126311029646,-95.78126311029646,-95.78126311029646,0.0,0.0,0.0,-95.78126311029646,-95.78126311029646,-95.78126311029646,0.0,0.0,0.0,396.5228530179603
2018-02-19,2018-02-19,488.9577453303108,196.4871744772629,544.2749893209507,488.9577453303108,488.9577453303108,0.0,0.0,0.0,0.0,0.0,0.0,0.0,0.0,0.0,0.0,0.0,0.0,0.0,0.0,0.0,0.0,0.0,0.0,0.0,0.0,0.0,0.0,0.0,0.0,-120.90372113485465,-120.90372113485465,-120.90372113485465,0.0,0.0,0.0,-120.90372113485465,-120.90372113485465,-120.90372113485465,0.0,0.0,0.0,368.0540241954561
2018-02-26,2018-02-26,485.6113745323649,243.96513280966334,610.3702785097765,485.6113745323649,485.6113745323649,0.0,0.0,0.0,0.0,0.0,0.0,0.0,0.0,0.0,0.0,0.0,0.0,0.0,0.0,0.0,0.0,0.0,0.0,0.0,0.0,0.0,0.0,0.0,0.0,-60.147932727025456,-60.147932727025456,-60.147932727025456,0.0,0.0,0.0,-60.147932727025456,-60.147932727025456,-60.147932727025456,0.0,0.0,0.0,425.4634418053394
2018-03-05,2018-03-05,482.2650037344188,329.01864916436693,672.2075447684053,482.2650037344188,482.2650037344188,0.0,0.0,0.0,0.0,0.0,0.0,0.0,0.0,0.0,0.0,0.0,0.0,0.0,0.0,0.0,0.0,0.0,0.0,0.0,0.0,0.0,0.0,0.0,0.0,19.88565525503255,19.88565525503255,19.88565525503255,0.0,0.0,0.0,19.88565525503255,19.88565525503255,19.88565525503255,0.0,0.0,0.0,502.15065898945136
2018-03-12,2018-03-12,478.91863293647293,345.61660319413267,712.9307735197193,478.91863293647293,478.91863293647293,0.0,0.0,0.0,0.0,0.0,0.0,0.0,0.0,0.0,0.0,0.0,0.0,0.0,0.0,0.0,0.0,0.0,0.0,0.0,0.0,0.0,0.0,0.0,0.0,44.79004669285513,44.79004669285513,44.79004669285513,0.0,0.0,0.0,44.79004669285513,44.79004669285513,44.79004669285513,0.0,0.0,0.0,523.7086796293281
2018-03-19,2018-03-19,475.5722621367764,299.7337527384002,659.4446496591211,475.5722621367764,475.5722621367764,0.0,0.0,0.0,0.0,0.0,0.0,0.0,0.0,0.0,0.0,0.0,0.0,0.0,0.0,0.0,0.0,0.0,0.0,0.0,0.0,0.0,0.0,0.0,0.0,4.094191775825328,4.094191775825328,4.094191775825328,0.0,0.0,0.0,4.094191775825328,4.094191775825328,4.094191775825328,0.0,0.0,0.0,479.6664539126017
2018-03-26,2018-03-26,472.22589133708,239.52056576451722,607.1868533655954,472.22589133708,472.22589133708,0.0,0.0,0.0,0.0,0.0,0.0,0.0,0.0,0.0,0.0,0.0,0.0,0.0,0.0,0.0,0.0,0.0,0.0,0.0,0.0,0.0,0.0,0.0,0.0,-51.69536113782432,-51.69536113782432,-51.69536113782432,0.0,0.0,0.0,-51.69536113782432,-51.69536113782432,-51.69536113782432,0.0,0.0,0.0,420.5305301992557
2018-04-02,2018-04-02,468.8795205373834,202.54709799713956,584.0936859649697,468.8795205373834,468.8795205373834,0.0,0.0,0.0,0.0,0.0,0.0,0.0,0.0,0.0,0.0,0.0,0.0,0.0,0.0,0.0,0.0,0.0,0.0,0.0,0.0,0.0,0.0,0.0,0.0,-70.1234198541788,-70.1234198541788,-70.1234198541788,0.0,0.0,0.0,-70.1234198541788,-70.1234198541788,-70.1234198541788,0.0,0.0,0.0,398.75610068320464
2018-04-09,2018-04-09,465.53314973768704,239.2115628589501,606.1183097014306,465.53314973768704,465.53314973768704,0.0,0.0,0.0,0.0,0.0,0.0,0.0,0.0,0.0,0.0,0.0,0.0,0.0,0.0,0.0,0.0,0.0,0.0,0.0,0.0,0.0,0.0,0.0,0.0,-41.786192865127695,-41.786192865127695,-41.786192865127695,0.0,0.0,0.0,-41.786192865127695,-41.786192865127695,-41.786192865127695,0.0,0.0,0.0,423.74695687255934
2018-04-16,2018-04-16,462.1867789379905,303.0778145877179,645.91094567243,462.1867789379905,462.1867789379905,0.0,0.0,0.0,0.0,0.0,0.0,0.0,0.0,0.0,0.0,0.0,0.0,0.0,0.0,0.0,0.0,0.0,0.0,0.0,0.0,0.0,0.0,0.0,0.0,5.439956769657404,5.439956769657404,5.439956769657404,0.0,0.0,0.0,5.439956769657404,5.439956769657404,5.439956769657404,0.0,0.0,0.0,467.62673570764787
2018-04-23,2018-04-23,458.84040811978997,321.61913885197913,678.0019802318617,458.84040811978997,458.84040811978997,0.0,0.0,0.0,0.0,0.0,0.0,0.0,0.0,0.0,0.0,0.0,0.0,0.0,0.0,0.0,0.0,0.0,0.0,0.0,0.0,0.0,0.0,0.0,0.0,38.37693705977429,38.37693705977429,38.37693705977429,0.0,0.0,0.0,38.37693705977429,38.37693705977429,38.37693705977429,0.0,0.0,0.0,497.2173451795643
2018-04-30,2018-04-30,455.49403730158946,317.68359716699877,677.1941111536712,455.49403730158946,455.49403730158946,0.0,0.0,0.0,0.0,0.0,0.0,0.0,0.0,0.0,0.0,0.0,0.0,0.0,0.0,0.0,0.0,0.0,0.0,0.0,0.0,0.0,0.0,0.0,0.0,38.02736231345045,38.02736231345045,38.02736231345045,0.0,0.0,0.0,38.02736231345045,38.02736231345045,38.02736231345045,0.0,0.0,0.0,493.5213996150399
2018-05-07,2018-05-07,452.1476664833889,270.36893252325257,624.3375197083783,452.1476664833889,452.1476664833889,0.0,0.0,0.0,0.0,0.0,0.0,0.0,0.0,0.0,0.0,0.0,0.0,0.0,0.0,0.0,0.0,0.0,0.0,0.0,0.0,0.0,0.0,0.0,0.0,1.2028447011139172,1.2028447011139172,1.2028447011139172,0.0,0.0,0.0,1.2028447011139172,1.2028447011139172,1.2028447011139172,0.0,0.0,0.0,453.3505111845028
2018-05-14,2018-05-14,448.8012956651884,209.8026013626524,559.8202516004693,448.8012956651884,448.8012956651884,0.0,0.0,0.0,0.0,0.0,0.0,0.0,0.0,0.0,0.0,0.0,0.0,0.0,0.0,0.0,0.0,0.0,0.0,0.0,0.0,0.0,0.0,0.0,0.0,-58.51397623764846,-58.51397623764846,-58.51397623764846,0.0,0.0,0.0,-58.51397623764846,-58.51397623764846,-58.51397623764846,0.0,0.0,0.0,390.2873194275399
2018-05-21,2018-05-21,445.45492484698775,156.78575284783037,506.9203078593559,445.45492484698775,445.45492484698775,0.0,0.0,0.0,0.0,0.0,0.0,0.0,0.0,0.0,0.0,0.0,0.0,0.0,0.0,0.0,0.0,0.0,0.0,0.0,0.0,0.0,0.0,0.0,0.0,-109.50473782376234,-109.50473782376234,-109.50473782376234,0.0,0.0,0.0,-109.50473782376234,-109.50473782376234,-109.50473782376234,0.0,0.0,0.0,335.9501870232254
2018-05-28,2018-05-28,442.1085540088612,133.22490529111374,513.9936632939107,442.1085540088612,442.1085540088612,0.0,0.0,0.0,0.0,0.0,0.0,0.0,0.0,0.0,0.0,0.0,0.0,0.0,0.0,0.0,0.0,0.0,0.0,0.0,0.0,0.0,0.0,0.0,0.0,-117.84676963297551,-117.84676963297551,-117.84676963297551,0.0,0.0,0.0,-117.84676963297551,-117.84676963297551,-117.84676963297551,0.0,0.0,0.0,324.26178437588567
2018-06-04,2018-06-04,438.7621831707346,161.01732061017918,538.3879475697019,438.7621831707346,438.7621831707346,0.0,0.0,0.0,0.0,0.0,0.0,0.0,0.0,0.0,0.0,0.0,0.0,0.0,0.0,0.0,0.0,0.0,0.0,0.0,0.0,0.0,0.0,0.0,0.0,-78.6000274964997,-78.6000274964997,-78.6000274964997,0.0,0.0,0.0,-78.6000274964997,-78.6000274964997,-78.6000274964997,0.0,0.0,0.0,360.1621556742349
2018-06-11,2018-06-11,435.415812332608,218.8332134515123,588.3918602282264,435.415812332608,435.415812332608,0.0,0.0,0.0,0.0,0.0,0.0,0.0,0.0,0.0,0.0,0.0,0.0,0.0,0.0,0.0,0.0,0.0,0.0,0.0,0.0,0.0,0.0,0.0,0.0,-28.312805549652357,-28.312805549652357,-28.312805549652357,0.0,0.0,0.0,-28.312805549652357,-28.312805549652357,-28.312805549652357,0.0,0.0,0.0,407.1030067829557
2018-06-18,2018-06-18,432.0694414944814,242.84074286634927,600.1005511603612,432.0694414944814,432.0694414944814,0.0,0.0,0.0,0.0,0.0,0.0,0.0,0.0,0.0,0.0,0.0,0.0,0.0,0.0,0.0,0.0,0.0,0.0,0.0,0.0,0.0,0.0,0.0,0.0,-12.715683919037625,-12.715683919037625,-12.715683919037625,0.0,0.0,0.0,-12.715683919037625,-12.715683919037625,-12.715683919037625,0.0,0.0,0.0,419.35375757544375
2018-06-25,2018-06-25,428.7230706563548,215.32005389197406,576.6444447632633,428.7230706563548,428.7230706563548,0.0,0.0,0.0,0.0,0.0,0.0,0.0,0.0,0.0,0.0,0.0,0.0,0.0,0.0,0.0,0.0,0.0,0.0,0.0,0.0,0.0,0.0,0.0,0.0,-36.633981913151466,-36.633981913151466,-36.633981913151466,0.0,0.0,0.0,-36.633981913151466,-36.633981913151466,-36.633981913151466,0.0,0.0,0.0,392.0890887432034
2018-07-02,2018-07-02,425.37669982792255,190.6810140188418,551.8284349190576,425.37669982792255,425.37669982792255,0.0,0.0,0.0,0.0,0.0,0.0,0.0,0.0,0.0,0.0,0.0,0.0,0.0,0.0,0.0,0.0,0.0,0.0,0.0,0.0,0.0,0.0,0.0,0.0,-55.070445770646764,-55.070445770646764,-55.070445770646764,0.0,0.0,0.0,-55.070445770646764,-55.070445770646764,-55.070445770646764,0.0,0.0,0.0,370.3062540572758
2018-07-09,2018-07-09,422.0303289994903,217.38676778575814,581.3811935102551,422.0303289994903,422.0303289994903,0.0,0.0,0.0,0.0,0.0,0.0,0.0,0.0,0.0,0.0,0.0,0.0,0.0,0.0,0.0,0.0,0.0,0.0,0.0,0.0,0.0,0.0,0.0,0.0,-23.768990860730707,-23.768990860730707,-23.768990860730707,0.0,0.0,0.0,-23.768990860730707,-23.768990860730707,-23.768990860730707,0.0,0.0,0.0,398.2613381387596
2018-07-16,2018-07-16,418.68395817105795,286.9070254409586,637.0747774358824,418.68395817105795,418.68395817105795,0.0,0.0,0.0,0.0,0.0,0.0,0.0,0.0,0.0,0.0,0.0,0.0,0.0,0.0,0.0,0.0,0.0,0.0,0.0,0.0,0.0,0.0,0.0,0.0,45.33980719041338,45.33980719041338,45.33980719041338,0.0,0.0,0.0,45.33980719041338,45.33980719041338,45.33980719041338,0.0,0.0,0.0,464.0237653614713
2018-07-23,2018-07-23,415.3375873426257,333.2376501988934,689.400305512767,415.3375873426257,415.3375873426257,0.0,0.0,0.0,0.0,0.0,0.0,0.0,0.0,0.0,0.0,0.0,0.0,0.0,0.0,0.0,0.0,0.0,0.0,0.0,0.0,0.0,0.0,0.0,0.0,91.97066959304271,91.97066959304271,91.97066959304271,0.0,0.0,0.0,91.97066959304271,91.97066959304271,91.97066959304271,0.0,0.0,0.0,507.3082569356684
2018-07-30,2018-07-30,411.99121651419335,299.394085444649,668.0176978581405,411.99121651419335,411.99121651419335,0.0,0.0,0.0,0.0,0.0,0.0,0.0,0.0,0.0,0.0,0.0,0.0,0.0,0.0,0.0,0.0,0.0,0.0,0.0,0.0,0.0,0.0,0.0,0.0,75.00950274952494,75.00950274952494,75.00950274952494,0.0,0.0,0.0,75.00950274952494,75.00950274952494,75.00950274952494,0.0,0.0,0.0,487.0007192637183
2018-08-06,2018-08-06,408.6448456817641,252.82917598688536,623.9014970531591,408.6448456817641,408.6448456817641,0.0,0.0,0.0,0.0,0.0,0.0,0.0,0.0,0.0,0.0,0.0,0.0,0.0,0.0,0.0,0.0,0.0,0.0,0.0,0.0,0.0,0.0,0.0,0.0,21.673496825164737,21.673496825164737,21.673496825164737,0.0,0.0,0.0,21.673496825164737,21.673496825164737,21.673496825164737,0.0,0.0,0.0,430.31834250692884
2018-08-13,2018-08-13,405.2984748493348,223.59346729617113,584.8648626123522,405.2984748493348,405.2984748493348,0.0,0.0,0.0,0.0,0.0,0.0,0.0,0.0,0.0,0.0,0.0,0.0,0.0,0.0,0.0,0.0,0.0,0.0,0.0,0.0,0.0,0.0,0.0,0.0,-2.5303924781366494,-2.5303924781366494,-2.5303924781366494,0.0,0.0,0.0,-2.5303924781366494,-2.5303924781366494,-2.5303924781366494,0.0,0.0,0.0,402.76808237119815
2018-08-20,2018-08-20,401.9521040169054,246.71266869895317,610.9528623544487,401.9521040169054,401.9521040169054,0.0,0.0,0.0,0.0,0.0,0.0,0.0,0.0,0.0,0.0,0.0,0.0,0.0,0.0,0.0,0.0,0.0,0.0,0.0,0.0,0.0,0.0,0.0,0.0,30.16230993750452,30.16230993750452,30.16230993750452,0.0,0.0,0.0,30.16230993750452,30.16230993750452,30.16230993750452,0.0,0.0,0.0,432.11441395440994
2018-08-27,2018-08-27,398.6057331844761,308.53136045758106,650.6506641474173,398.6057331844761,398.6057331844761,0.0,0.0,0.0,0.0,0.0,0.0,0.0,0.0,0.0,0.0,0.0,0.0,0.0,0.0,0.0,0.0,0.0,0.0,0.0,0.0,0.0,0.0,0.0,0.0,78.53437848528931,78.53437848528931,78.53437848528931,0.0,0.0,0.0,78.53437848528931,78.53437848528931,78.53437848528931,0.0,0.0,0.0,477.1401116697654
2018-09-03,2018-09-03,395.2593623520468,291.5904694405131,676.7523056424164,395.2593623520468,395.2593623520468,0.0,0.0,0.0,0.0,0.0,0.0,0.0,0.0,0.0,0.0,0.0,0.0,0.0,0.0,0.0,0.0,0.0,0.0,0.0,0.0,0.0,0.0,0.0,0.0,84.20270010227235,84.20270010227235,84.20270010227235,0.0,0.0,0.0,84.20270010227235,84.20270010227235,84.20270010227235,0.0,0.0,0.0,479.46206245431915
2018-09-10,2018-09-10,391.91299154670907,254.82442297891646,606.0384593209591,391.91299154670907,391.91299154670907,0.0,0.0,0.0,0.0,0.0,0.0,0.0,0.0,0.0,0.0,0.0,0.0,0.0,0.0,0.0,0.0,0.0,0.0,0.0,0.0,0.0,0.0,0.0,0.0,43.46469344862351,43.46469344862351,43.46469344862351,0.0,0.0,0.0,43.46469344862351,43.46469344862351,43.46469344862351,0.0,0.0,0.0,435.3776849953326
2018-09-17,2018-09-17,388.5666207413714,223.07862035222678,576.2589803872893,388.5666207413714,388.5666207413714,0.0,0.0,0.0,0.0,0.0,0.0,0.0,0.0,0.0,0.0,0.0,0.0,0.0,0.0,0.0,0.0,0.0,0.0,0.0,0.0,0.0,0.0,0.0,0.0,10.770713635795424,10.770713635795424,10.770713635795424,0.0,0.0,0.0,10.770713635795424,10.770713635795424,10.770713635795424,0.0,0.0,0.0,399.3373343771668
2018-09-24,2018-09-24,385.22024993603367,239.53403894226645,596.6948087128774,385.22024993603367,385.22024993603367,0.0,0.0,0.0,0.0,0.0,0.0,0.0,0.0,0.0,0.0,0.0,0.0,0.0,0.0,0.0,0.0,0.0,0.0,0.0,0.0,0.0,0.0,0.0,0.0,29.328091532524954,29.328091532524954,29.328091532524954,0.0,0.0,0.0,29.328091532524954,29.328091532524954,29.328091532524954,0.0,0.0,0.0,414.54834146855865
2018-10-01,2018-10-01,381.8738791306959,275.5360601773324,636.7507286230345,381.8738791306959,381.8738791306959,0.0,0.0,0.0,0.0,0.0,0.0,0.0,0.0,0.0,0.0,0.0,0.0,0.0,0.0,0.0,0.0,0.0,0.0,0.0,0.0,0.0,0.0,0.0,0.0,75.06461148858183,75.06461148858183,75.06461148858183,0.0,0.0,0.0,75.06461148858183,75.06461148858183,75.06461148858183,0.0,0.0,0.0,456.93849061927773
2018-10-08,2018-10-08,378.5275083253582,289.4149913767701,651.8341924741584,378.5275083253582,378.5275083253582,0.0,0.0,0.0,0.0,0.0,0.0,0.0,0.0,0.0,0.0,0.0,0.0,0.0,0.0,0.0,0.0,0.0,0.0,0.0,0.0,0.0,0.0,0.0,0.0,84.66348198497708,84.66348198497708,84.66348198497708,0.0,0.0,0.0,84.66348198497708,84.66348198497708,84.66348198497708,0.0,0.0,0.0,463.1909903103353
2018-10-15,2018-10-15,375.1811374923923,216.23897372383473,591.9609819169415,375.1811374923923,375.1811374923923,0.0,0.0,0.0,0.0,0.0,0.0,0.0,0.0,0.0,0.0,0.0,0.0,0.0,0.0,0.0,0.0,0.0,0.0,0.0,0.0,0.0,0.0,0.0,0.0,34.46494240435765,34.46494240435765,34.46494240435765,0.0,0.0,0.0,34.46494240435765,34.46494240435765,34.46494240435765,0.0,0.0,0.0,409.64607989674994
2018-10-22,2018-10-22,371.8347666594263,156.3806122308158,517.4696479010358,371.8347666594263,371.8347666594263,0.0,0.0,0.0,0.0,0.0,0.0,0.0,0.0,0.0,0.0,0.0,0.0,0.0,0.0,0.0,0.0,0.0,0.0,0.0,0.0,0.0,0.0,0.0,0.0,-26.81567314421388,-26.81567314421388,-26.81567314421388,0.0,0.0,0.0,-26.81567314421388,-26.81567314421388,-26.81567314421388,0.0,0.0,0.0,345.01909351521243
2018-10-29,2018-10-29,368.4883958264603,155.8965936674308,513.3288792586127,368.4883958264603,368.4883958264603,0.0,0.0,0.0,0.0,0.0,0.0,0.0,0.0,0.0,0.0,0.0,0.0,0.0,0.0,0.0,0.0,0.0,0.0,0.0,0.0,0.0,0.0,0.0,0.0,-32.597314502345746,-32.597314502345746,-32.597314502345746,0.0,0.0,0.0,-32.597314502345746,-32.597314502345746,-32.597314502345746,0.0,0.0,0.0,335.89108132411457
2018-11-05,2018-11-05,365.1420249934944,202.71881103589422,567.8132245452603,365.1420249934944,365.1420249934944,0.0,0.0,0.0,0.0,0.0,0.0,0.0,0.0,0.0,0.0,0.0,0.0,0.0,0.0,0.0,0.0,0.0,0.0,0.0,0.0,0.0,0.0,0.0,0.0,25.613086624489785,25.613086624489785,25.613086624489785,0.0,0.0,0.0,25.613086624489785,25.613086624489785,25.613086624489785,0.0,0.0,0.0,390.75511161798414
2018-11-12,2018-11-12,361.7956541605284,271.80138771868496,640.6334948791136,361.7956541605284,361.7956541605284,0.0,0.0,0.0,0.0,0.0,0.0,0.0,0.0,0.0,0.0,0.0,0.0,0.0,0.0,0.0,0.0,0.0,0.0,0.0,0.0,0.0,0.0,0.0,0.0,91.85616777703808,91.85616777703808,91.85616777703808,0.0,0.0,0.0,91.85616777703808,91.85616777703808,91.85616777703808,0.0,0.0,0.0,453.65182193756647
2018-11-19,2018-11-19,358.4492833106008,296.386926182753,655.2412644113158,358.4492833106008,358.4492833106008,0.0,0.0,0.0,0.0,0.0,0.0,0.0,0.0,0.0,0.0,0.0,0.0,0.0,0.0,0.0,0.0,0.0,0.0,0.0,0.0,0.0,0.0,0.0,0.0,113.08190507712098,113.08190507712098,113.08190507712098,0.0,0.0,0.0,113.08190507712098,113.08190507712098,113.08190507712098,0.0,0.0,0.0,471.5311883877217
2018-11-26,2018-11-26,355.1029124606733,264.6787618638327,624.7971500849308,355.1029124606733,355.1029124606733,0.0,0.0,0.0,0.0,0.0,0.0,0.0,0.0,0.0,0.0,0.0,0.0,0.0,0.0,0.0,0.0,0.0,0.0,0.0,0.0,0.0,0.0,0.0,0.0,94.60966706919407,94.60966706919407,94.60966706919407,0.0,0.0,0.0,94.60966706919407,94.60966706919407,94.60966706919407,0.0,0.0,0.0,449.71257952986736
2018-12-03,2018-12-03,351.75654161074567,257.01928555224777,608.42608703832,351.75654161074567,351.75654161074567,0.0,0.0,0.0,0.0,0.0,0.0,0.0,0.0,0.0,0.0,0.0,0.0,0.0,0.0,0.0,0.0,0.0,0.0,0.0,0.0,0.0,0.0,0.0,0.0,77.26044374436997,77.26044374436997,77.26044374436997,0.0,0.0,0.0,77.26044374436997,77.26044374436997,77.26044374436997,0.0,0.0,0.0,429.01698535511565
2018-12-10,2018-12-10,348.4101707608181,236.52221127897107,594.9481622976324,348.4101707608181,348.4101707608181,0.0,0.0,0.0,0.0,0.0,0.0,0.0,0.0,0.0,0.0,0.0,0.0,0.0,0.0,0.0,0.0,0.0,0.0,0.0,0.0,0.0,0.0,0.0,0.0,71.90210960901788,71.90210960901788,71.90210960901788,0.0,0.0,0.0,71.90210960901788,71.90210960901788,71.90210960901788,0.0,0.0,0.0,420.312280369836
2018-12-17,2018-12-17,345.0637999108906,207.87366593905477,581.0631404384355,345.0637999108906,345.0637999108906,0.0,0.0,0.0,0.0,0.0,0.0,0.0,0.0,0.0,0.0,0.0,0.0,0.0,0.0,0.0,0.0,0.0,0.0,0.0,0.0,0.0,0.0,0.0,0.0,41.62588438373232,41.62588438373232,41.62588438373232,0.0,0.0,0.0,41.62588438373232,41.62588438373232,41.62588438373232,0.0,0.0,0.0,386.68968429462296
2018-12-24,2018-12-24,341.7174290196983,21.613234732995835,373.9543846594029,341.7174290196983,341.7174290196983,0.0,0.0,0.0,0.0,0.0,0.0,0.0,0.0,0.0,0.0,0.0,0.0,0.0,0.0,0.0,0.0,0.0,0.0,-104.22684508302565,-104.22684508302565,-104.22684508302565,0.0,0.0,0.0,-145.65722907433164,-145.65722907433164,-145.65722907433164,-104.22684508302565,-104.22684508302565,-104.22684508302565,-41.43038399130599,-41.43038399130599,-41.43038399130599,0.0,0.0,0.0,196.06019994536663
2018-12-31,2018-12-31,338.3710581285059,-59.96603917094278,299.0367784710125,338.3710581285059,338.3710581285059,-88.38122867097988,-88.38122867097988,-88.38122867097988,0.0,0.0,0.0,0.0,0.0,0.0,0.0,0.0,0.0,0.0,0.0,0.0,0.0,0.0,0.0,0.0,0.0,0.0,0.0,0.0,0.0,-226.8735752781478,-226.8735752781478,-226.8735752781478,-88.38122867097988,-88.38122867097988,-88.38122867097988,-138.49234660716792,-138.49234660716792,-138.49234660716792,0.0,0.0,0.0,111.49748285035813
2019-01-07,2019-01-07,335.0246872373136,-16.26412415826894,343.7018189388267,335.0246872373136,335.0246872373136,0.0,0.0,0.0,0.0,0.0,0.0,0.0,0.0,0.0,0.0,0.0,0.0,0.0,0.0,0.0,0.0,0.0,0.0,0.0,0.0,0.0,0.0,0.0,0.0,-168.21384354738882,-168.21384354738882,-168.21384354738882,0.0,0.0,0.0,-168.21384354738882,-168.21384354738882,-168.21384354738882,0.0,0.0,0.0,166.81084368992475
2019-01-14,2019-01-14,331.6783163461212,67.27644123512937,427.22589606509416,331.6783163461212,331.6783163461212,0.0,0.0,0.0,0.0,0.0,0.0,0.0,0.0,0.0,0.0,0.0,0.0,0.0,0.0,0.0,0.0,0.0,0.0,0.0,0.0,0.0,0.0,0.0,0.0,-95.422233966798,-95.422233966798,-95.422233966798,0.0,0.0,0.0,-95.422233966798,-95.422233966798,-95.422233966798,0.0,0.0,0.0,236.25608237932323
2019-01-21,2019-01-21,328.33194545492887,166.27449171211865,531.9732160396442,328.33194545492887,328.33194545492887,0.0,0.0,0.0,0.0,0.0,0.0,0.0,0.0,0.0,0.0,0.0,0.0,0.0,0.0,0.0,0.0,0.0,0.0,0.0,0.0,0.0,0.0,0.0,0.0,18.382316108907578,18.382316108907578,18.382316108907578,0.0,0.0,0.0,18.382316108907578,18.382316108907578,18.382316108907578,0.0,0.0,0.0,346.71426156383643
2019-01-28,2019-01-28,324.985574551966,218.50509406013973,578.2905061491089,324.985574551966,324.985574551966,0.0,0.0,0.0,0.0,0.0,0.0,0.0,0.0,0.0,0.0,0.0,0.0,0.0,0.0,0.0,0.0,0.0,0.0,0.0,0.0,0.0,0.0,0.0,0.0,69.08591776236497,69.08591776236497,69.08591776236497,0.0,0.0,0.0,69.08591776236497,69.08591776236497,69.08591776236497,0.0,0.0,0.0,394.07149231433095
2019-02-04,2019-02-04,321.63920364900315,140.27029920702842,512.2456988340273,321.63920364900315,321.63920364900315,0.0,0.0,0.0,0.0,0.0,0.0,0.0,0.0,0.0,0.0,0.0,0.0,0.0,0.0,0.0,0.0,0.0,0.0,0.0,0.0,0.0,0.0,0.0,0.0,14.99479030254761,14.99479030254761,14.99479030254761,0.0,0.0,0.0,14.99479030254761,14.99479030254761,14.99479030254761,0.0,0.0,0.0,336.63399395155074
2019-02-11,2019-02-11,318.2928327460403,64.13436854497645,415.3513325269379,318.2928327460403,318.2928327460403,0.0,0.0,0.0,0.0,0.0,0.0,0.0,0.0,0.0,0.0,0.0,0.0,0.0,0.0,0.0,0.0,0.0,0.0,0.0,0.0,0.0,0.0,0.0,0.0,-82.01077446257555,-82.01077446257555,-82.01077446257555,0.0,0.0,0.0,-82.01077446257555,-82.01077446257555,-82.01077446257555,0.0,0.0,0.0,236.28205828346472
2019-02-18,2019-02-18,314.9464618430774,16.43629369616568,384.72367890519075,314.9464618430774,314.9464618430774,0.0,0.0,0.0,0.0,0.0,0.0,0.0,0.0,0.0,0.0,0.0,0.0,0.0,0.0,0.0,0.0,0.0,0.0,0.0,0.0,0.0,0.0,0.0,0.0,-123.57215765931147,-123.57215765931147,-123.57215765931147,0.0,0.0,0.0,-123.57215765931147,-123.57215765931147,-123.57215765931147,0.0,0.0,0.0,191.3743041837659
2019-02-25,2019-02-25,311.60009094011446,48.053788390392654,412.56664069023924,311.60009094011446,311.60009094011446,0.0,0.0,0.0,0.0,0.0,0.0,0.0,0.0,0.0,0.0,0.0,0.0,0.0,0.0,0.0,0.0,0.0,0.0,0.0,0.0,0.0,0.0,0.0,0.0,-74.98610504447335,-74.98610504447335,-74.98610504447335,0.0,0.0,0.0,-74.98610504447335,-74.98610504447335,-74.98610504447335,0.0,0.0,0.0,236.61398589564112
2019-03-04,2019-03-04,308.2537200157111,126.85954585178317,487.9918538174426,308.2537200157111,308.2537200157111,0.0,0.0,0.0,0.0,0.0,0.0,0.0,0.0,0.0,0.0,0.0,0.0,0.0,0.0,0.0,0.0,0.0,0.0,0.0,0.0,0.0,0.0,0.0,0.0,8.083607657169807,8.083607657169807,8.083607657169807,0.0,0.0,0.0,8.083607657169807,8.083607657169807,8.083607657169807,0.0,0.0,0.0,316.3373276728809
2019-03-11,2019-03-11,304.9073490913078,178.30832874090322,522.1524191497514,304.9073490913078,304.9073490913078,0.0,0.0,0.0,0.0,0.0,0.0,0.0,0.0,0.0,0.0,0.0,0.0,0.0,0.0,0.0,0.0,0.0,0.0,0.0,0.0,0.0,0.0,0.0,0.0,45.896380507973625,45.896380507973625,45.896380507973625,0.0,0.0,0.0,45.896380507973625,45.896380507973625,45.896380507973625,0.0,0.0,0.0,350.80372959928144
2019-03-18,2019-03-18,301.56097816690453,128.9320660642651,495.61998235693375,301.56097816690453,301.56097816690453,0.0,0.0,0.0,0.0,0.0,0.0,0.0,0.0,0.0,0.0,0.0,0.0,0.0,0.0,0.0,0.0,0.0,0.0,0.0,0.0,0.0,0.0,0.0,0.0,14.335705566496962,14.335705566496962,14.335705566496962,0.0,0.0,0.0,14.335705566496962,14.335705566496962,14.335705566496962,0.0,0.0,0.0,315.8966837334015
2019-03-25,2019-03-25,298.21460724250124,70.77562836483952,431.35496945248053,298.21460724250124,298.21460724250124,0.0,0.0,0.0,0.0,0.0,0.0,0.0,0.0,0.0,0.0,0.0,0.0,0.0,0.0,0.0,0.0,0.0,0.0,0.0,0.0,0.0,0.0,0.0,0.0,-43.401672164978834,-43.401672164978834,-43.401672164978834,0.0,0.0,0.0,-43.401672164978834,-43.401672164978834,-43.401672164978834,0.0,0.0,0.0,254.8129350775224
2019-04-01,2019-04-01,294.8682363109008,47.716161342572626,416.02249186828743,294.8682363109008,294.8682363109008,0.0,0.0,0.0,0.0,0.0,0.0,0.0,0.0,0.0,0.0,0.0,0.0,0.0,0.0,0.0,0.0,0.0,0.0,0.0,0.0,0.0,0.0,0.0,0.0,-70.64119428485573,-70.64119428485573,-70.64119428485573,0.0,0.0,0.0,-70.64119428485573,-70.64119428485573,-70.64119428485573,0.0,0.0,0.0,224.22704202604507
2019-04-08,2019-04-08,291.5218653793004,47.90975762978899,429.31667940543537,291.5218653793004,291.5218653793004,0.0,0.0,0.0,0.0,0.0,0.0,0.0,0.0,0.0,0.0,0.0,0.0,0.0,0.0,0.0,0.0,0.0,0.0,0.0,0.0,0.0,0.0,0.0,0.0,-49.28789434972173,-49.28789434972173,-49.28789434972173,0.0,0.0,0.0,-49.28789434972173,-49.28789434972173,-49.28789434972173,0.0,0.0,0.0,242.23397102957864
2019-04-15,2019-04-15,288.17549444770003,116.46510515128844,463.7348682855459,288.17549444770003,288.17549444770003,0.0,0.0,0.0,0.0,0.0,0.0,0.0,0.0,0.0,0.0,0.0,0.0,0.0,0.0,0.0,0.0,0.0,0.0,0.0,0.0,0.0,0.0,0.0,0.0,-2.7608983398666127,-2.7608983398666127,-2.7608983398666127,0.0,0.0,0.0,-2.7608983398666127,-2.7608983398666127,-2.7608983398666127,0.0,0.0,0.0,285.4145961078334
2019-04-22,2019-04-22,284.82912351609957,137.05284119054988,497.2715444518301,284.82912351609957,284.82912351609957,0.0,0.0,0.0,0.0,0.0,0.0,0.0,0.0,0.0,0.0,0.0,0.0,0.0,0.0,0.0,0.0,0.0,0.0,0.0,0.0,0.0,0.0,0.0,0.0,34.60955826325458,34.60955826325458,34.60955826325458,0.0,0.0,0.0,34.60955826325458,34.60955826325458,34.60955826325458,0.0,0.0,0.0,319.43868177935417
2019-04-29,2019-04-29,281.48275258449917,135.61503359194694,504.1953320829347,281.48275258449917,281.48275258449917,0.0,0.0,0.0,0.0,0.0,0.0,0.0,0.0,0.0,0.0,0.0,0.0,0.0,0.0,0.0,0.0,0.0,0.0,0.0,0.0,0.0,0.0,0.0,0.0,40.870047014019626,40.870047014019626,40.870047014019626,0.0,0.0,0.0,40.870047014019626,40.870047014019626,40.870047014019626,0.0,0.0,0.0,322.3527995985188
2019-05-06,2019-05-06,278.1363816523264,93.44804571944292,459.72615193272,278.1363816523264,278.1363816523264,0.0,0.0,0.0,0.0,0.0,0.0,0.0,0.0,0.0,0.0,0.0,0.0,0.0,0.0,0.0,0.0,0.0,0.0,0.0,0.0,0.0,0.0,0.0,0.0,10.102311692132943,10.102311692132943,10.102311692132943,0.0,0.0,0.0,10.102311692132943,10.102311692132943,10.102311692132943,0.0,0.0,0.0,288.23869334445936
2019-05-13,2019-05-13,274.7900107201537,60.11775593139982,395.0223018380335,274.7900107201537,274.7900107201537,0.0,0.0,0.0,0.0,0.0,0.0,0.0,0.0,0.0,0.0,0.0,0.0,0.0,0.0,0.0,0.0,0.0,0.0,0.0,0.0,0.0,0.0,0.0,0.0,-47.39234505671282,-47.39234505671282,-47.39234505671282,0.0,0.0,0.0,-47.39234505671282,-47.39234505671282,-47.39234505671282,0.0,0.0,0.0,227.39766566344088
2019-05-20,2019-05-20,271.44363978798094,-20.10593317117371,355.430415929685,271.44363978798094,271.44363978798094,0.0,0.0,0.0,0.0,0.0,0.0,0.0,0.0,0.0,0.0,0.0,0.0,0.0,0.0,0.0,0.0,0.0,0.0,0.0,0.0,0.0,0.0,0.0,0.0,-102.74752401782497,-102.74752401782497,-102.74752401782497,0.0,0.0,0.0,-102.74752401782497,-102.74752401782497,-102.74752401782497,0.0,0.0,0.0,168.69611577015598
2019-05-27,2019-05-27,268.09726885580824,-30.98420906475788,323.9032700864237,268.09726885580824,268.09726885580824,0.0,0.0,0.0,0.0,0.0,0.0,0.0,0.0,0.0,0.0,0.0,0.0,0.0,0.0,0.0,0.0,0.0,0.0,0.0,0.0,0.0,0.0,0.0,0.0,-120.29115851969853,-120.29115851969853,-120.29115851969853,0.0,0.0,0.0,-120.29115851969853,-120.29115851969853,-120.29115851969853,0.0,0.0,0.0,147.80611033610973
2019-06-03,2019-06-03,264.7508979236354,11.1154745750203,356.84301790734764,264.7508979236354,264.7508979236354,0.0,0.0,0.0,0.0,0.0,0.0,0.0,0.0,0.0,0.0,0.0,0.0,0.0,0.0,0.0,0.0,0.0,0.0,0.0,0.0,0.0,0.0,0.0,0.0,-87.8925526851112,-87.8925526851112,-87.8925526851112,0.0,0.0,0.0,-87.8925526851112,-87.8925526851112,-87.8925526851112,0.0,0.0,0.0,176.85834523852424
2019-06-10,2019-06-10,261.404526990142,43.34450038244934,402.5894367585599,261.404526990142,261.404526990142,0.0,0.0,0.0,0.0,0.0,0.0,0.0,0.0,0.0,0.0,0.0,0.0,0.0,0.0,0.0,0.0,0.0,0.0,0.0,0.0,0.0,0.0,0.0,0.0,-35.77413105438545,-35.77413105438545,-35.77413105438545,0.0,0.0,0.0,-35.77413105438545,-35.77413105438545,-35.77413105438545,0.0,0.0,0.0,225.63039593575655
2019-06-17,2019-06-17,258.0581560566486,66.46712215611495,418.71080108657316,258.0581560566486,258.0581560566486,0.0,0.0,0.0,0.0,0.0,0.0,0.0,0.0,0.0,0.0,0.0,0.0,0.0,0.0,0.0,0.0,0.0,0.0,0.0,0.0,0.0,0.0,0.0,0.0,-11.955594456275172,-11.955594456275172,-11.955594456275172,0.0,0.0,0.0,-11.955594456275172,-11.955594456275172,-11.955594456275172,0.0,0.0,0.0,246.10256160037343
2019-06-24,2019-06-24,254.71178512315518,27.729092096032577,399.4709736192344,254.71178512315518,254.71178512315518,0.0,0.0,0.0,0.0,0.0,0.0,0.0,0.0,0.0,0.0,0.0,0.0,0.0,0.0,0.0,0.0,0.0,0.0,0.0,0.0,0.0,0.0,0.0,0.0,-31.074510714781827,-31.074510714781827,-31.074510714781827,0.0,0.0,0.0,-31.074510714781827,-31.074510714781827,-31.074510714781827,0.0,0.0,0.0,223.63727440837334
2019-07-01,2019-07-01,251.36541418966175,16.39289678243629,372.66254015420685,251.36541418966175,251.36541418966175,0.0,0.0,0.0,0.0,0.0,0.0,0.0,0.0,0.0,0.0,0.0,0.0,0.0,0.0,0.0,0.0,0.0,0.0,0.0,0.0,0.0,0.0,0.0,0.0,-54.68206739309894,-54.68206739309894,-54.68206739309894,0.0,0.0,0.0,-54.68206739309894,-54.68206739309894,-54.68206739309894,0.0,0.0,0.0,196.6833467965628
2019-07-08,2019-07-08,248.01904325616835,36.00973576654856,402.02537939704433,248.01904325616835,248.01904325616835,0.0,0.0,0.0,0.0,0.0,0.0,0.0,0.0,0.0,0.0,0.0,0.0,0.0,0.0,0.0,0.0,0.0,0.0,0.0,0.0,0.0,0.0,0.0,0.0,-33.378073495035295,-33.378073495035295,-33.378073495035295,0.0,0.0,0.0,-33.378073495035295,-33.378073495035295,-33.378073495035295,0.0,0.0,0.0,214.64096976113305
2019-07-15,2019-07-15,244.6726663474711,104.36615098050922,453.6313150896557,244.6726663474711,244.6726663474711,0.0,0.0,0.0,0.0,0.0,0.0,0.0,0.0,0.0,0.0,0.0,0.0,0.0,0.0,0.0,0.0,0.0,0.0,0.0,0.0,0.0,0.0,0.0,0.0,32.70828702875412,32.70828702875412,32.70828702875412,0.0,0.0,0.0,32.70828702875412,32.70828702875412,32.70828702875412,0.0,0.0,0.0,277.38095337622525
2019-07-22,2019-07-22,241.32628943877387,144.10012743922283,506.22060369525065,241.32628943877387,241.32628943877387,0.0,0.0,0.0,0.0,0.0,0.0,0.0,0.0,0.0,0.0,0.0,0.0,0.0,0.0,0.0,0.0,0.0,0.0,0.0,0.0,0.0,0.0,0.0,0.0,87.9231712565061,87.9231712565061,87.9231712565061,0.0,0.0,0.0,87.9231712565061,87.9231712565061,87.9231712565061,0.0,0.0,0.0,329.24946069527994
2019-07-29,2019-07-29,237.97991253007663,139.30673035686803,508.4444384374872,237.97991253007663,237.97991253007663,0.0,0.0,0.0,0.0,0.0,0.0,0.0,0.0,0.0,0.0,0.0,0.0,0.0,0.0,0.0,0.0,0.0,0.0,0.0,0.0,0.0,0.0,0.0,0.0,82.38893443191563,82.38893443191563,82.38893443191563,0.0,0.0,0.0,82.38893443191563,82.38893443191563,82.38893443191563,0.0,0.0,0.0,320.3688469619923
2019-08-05,2019-08-05,234.63353562137945,103.25913796993324,446.3080717446511,234.63353562137945,234.63353562137945,0.0,0.0,0.0,0.0,0.0,0.0,0.0,0.0,0.0,0.0,0.0,0.0,0.0,0.0,0.0,0.0,0.0,0.0,0.0,0.0,0.0,0.0,0.0,0.0,30.87836174656864,30.87836174656864,30.87836174656864,0.0,0.0,0.0,30.87836174656864,30.87836174656864,30.87836174656864,0.0,0.0,0.0,265.5118973679481
2019-08-12,2019-08-12,231.2871587126822,38.9421671885343,402.90090617598327,231.2871587126822,231.2871587126822,0.0,0.0,0.0,0.0,0.0,0.0,0.0,0.0,0.0,0.0,0.0,0.0,0.0,0.0,0.0,0.0,0.0,0.0,0.0,0.0,0.0,0.0,0.0,0.0,-2.547263004898214,-2.547263004898214,-2.547263004898214,0.0,0.0,0.0,-2.547263004898214,-2.547263004898214,-2.547263004898214,0.0,0.0,0.0,228.739895707784
2019-08-19,2019-08-19,227.94076851229843,79.72127653496568,432.3300806137319,227.94076851229843,227.94076851229843,0.0,0.0,0.0,0.0,0.0,0.0,0.0,0.0,0.0,0.0,0.0,0.0,0.0,0.0,0.0,0.0,0.0,0.0,0.0,0.0,0.0,0.0,0.0,0.0,21.285157020020097,21.285157020020097,21.285157020020097,0.0,0.0,0.0,21.285157020020097,21.285157020020097,21.285157020020097,0.0,0.0,0.0,249.22592553231854
2019-08-26,2019-08-26,224.59437831191462,124.84702112023598,483.5335816334695,224.59437831191462,224.59437831191462,0.0,0.0,0.0,0.0,0.0,0.0,0.0,0.0,0.0,0.0,0.0,0.0,0.0,0.0,0.0,0.0,0.0,0.0,0.0,0.0,0.0,0.0,0.0,0.0,71.755066419017,71.755066419017,71.755066419017,0.0,0.0,0.0,71.755066419017,71.755066419017,71.755066419017,0.0,0.0,0.0,296.3494447309316
2019-09-02,2019-09-02,221.2479881115309,127.03611353000451,494.9904828129371,221.2479881115309,221.2479881115309,0.0,0.0,0.0,0.0,0.0,0.0,0.0,0.0,0.0,0.0,0.0,0.0,0.0,0.0,0.0,0.0,0.0,0.0,0.0,0.0,0.0,0.0,0.0,0.0,87.4916377534593,87.4916377534593,87.4916377534593,0.0,0.0,0.0,87.4916377534593,87.4916377534593,87.4916377534593,0.0,0.0,0.0,308.7396258649902
2019-09-09,2019-09-09,217.90159791114712,102.71977081628846,453.24086183067504,217.90159791114712,217.90159791114712,0.0,0.0,0.0,0.0,0.0,0.0,0.0,0.0,0.0,0.0,0.0,0.0,0.0,0.0,0.0,0.0,0.0,0.0,0.0,0.0,0.0,0.0,0.0,0.0,52.06463076411814,52.06463076411814,52.06463076411814,0.0,0.0,0.0,52.06463076411814,52.06463076411814,52.06463076411814,0.0,0.0,0.0,269.96622867526526
2019-09-16,2019-09-16,214.55520771076334,41.61083589444572,412.6396043545934,214.55520771076334,214.55520771076334,0.0,0.0,0.0,0.0,0.0,0.0,0.0,0.0,0.0,0.0,0.0,0.0,0.0,0.0,0.0,0.0,0.0,0.0,0.0,0.0,0.0,0.0,0.0,0.0,13.342402630112483,13.342402630112483,13.342402630112483,0.0,0.0,0.0,13.342402630112483,13.342402630112483,13.342402630112483,0.0,0.0,0.0,227.89761034087581
2019-09-23,2019-09-23,211.2088174776091,50.03100959815964,410.6652584501424,211.2088174776091,211.2088174776091,0.0,0.0,0.0,0.0,0.0,0.0,0.0,0.0,0.0,0.0,0.0,0.0,0.0,0.0,0.0,0.0,0.0,0.0,0.0,0.0,0.0,0.0,0.0,0.0,22.408006962255282,22.408006962255282,22.408006962255282,0.0,0.0,0.0,22.408006962255282,22.408006962255282,22.408006962255282,0.0,0.0,0.0,233.6168244398644
2019-09-30,2019-09-30,207.8624272444548,79.0589896467725,462.6323959059659,207.8624272444548,207.8624272444548,0.0,0.0,0.0,0.0,0.0,0.0,0.0,0.0,0.0,0.0,0.0,0.0,0.0,0.0,0.0,0.0,0.0,0.0,0.0,0.0,0.0,0.0,0.0,0.0,67.79831338030765,67.79831338030765,67.79831338030765,0.0,0.0,0.0,67.79831338030765,67.79831338030765,67.79831338030765,0.0,0.0,0.0,275.66074062476247
2019-10-07,2019-10-07,204.5160370113005,102.68970378267112,485.70344951334573,204.5160370113005,204.5160370113005,0.0,0.0,0.0,0.0,0.0,0.0,0.0,0.0,0.0,0.0,0.0,0.0,0.0,0.0,0.0,0.0,0.0,0.0,0.0,0.0,0.0,0.0,0.0,0.0,87.6675221981951,87.6675221981951,87.6675221981951,0.0,0.0,0.0,87.6675221981951,87.6675221981951,87.6675221981951,0.0,0.0,0.0,292.1835592094956
2019-10-14,2019-10-14,201.1696467781463,71.67447928494843,430.04899224987287,201.1696467781463,201.1696467781463,0.0,0.0,0.0,0.0,0.0,0.0,0.0,0.0,0.0,0.0,0.0,0.0,0.0,0.0,0.0,0.0,0.0,0.0,0.0,0.0,0.0,0.0,0.0,0.0,46.38053924768209,46.38053924768209,46.38053924768209,0.0,0.0,0.0,46.38053924768209,46.38053924768209,46.38053924768209,0.0,0.0,0.0,247.5501860258284
2019-10-21,2019-10-21,197.82325654499206,-4.404657457458306,364.7386153536856,197.82325654499206,197.82325654499206,0.0,0.0,0.0,0.0,0.0,0.0,0.0,0.0,0.0,0.0,0.0,0.0,0.0,0.0,0.0,0.0,0.0,0.0,0.0,0.0,0.0,0.0,0.0,0.0,-18.456818511126922,-18.456818511126922,-18.456818511126922,0.0,0.0,0.0,-18.456818511126922,-18.456818511126922,-18.456818511126922,0.0,0.0,0.0,179.36643803386514
2019-10-28,2019-10-28,194.47540196811875,-28.952745776302553,339.81858978601065,194.47540196811875,194.47540196811875,0.0,0.0,0.0,0.0,0.0,0.0,0.0,0.0,0.0,0.0,0.0,0.0,0.0,0.0,0.0,0.0,0.0,0.0,0.0,0.0,0.0,0.0,0.0,0.0,-37.08769812629569,-37.08769812629569,-37.08769812629569,0.0,0.0,0.0,-37.08769812629569,-37.08769812629569,-37.08769812629569,0.0,0.0,0.0,157.38770384182305
2019-11-04,2019-11-04,191.12754739124534,11.319142043678198,393.4564962549473,191.12754739124534,191.12754739124534,0.0,0.0,0.0,0.0,0.0,0.0,0.0,0.0,0.0,0.0,0.0,0.0,0.0,0.0,0.0,0.0,0.0,0.0,0.0,0.0,0.0,0.0,0.0,0.0,12.571982299372143,12.571982299372143,12.571982299372143,0.0,0.0,0.0,12.571982299372143,12.571982299372143,12.571982299372143,0.0,0.0,0.0,203.69952969061748
2019-11-11,2019-11-11,187.779692814372,82.7336263300596,452.79027558204666,187.779692814372,187.779692814372,0.0,0.0,0.0,0.0,0.0,0.0,0.0,0.0,0.0,0.0,0.0,0.0,0.0,0.0,0.0,0.0,0.0,0.0,0.0,0.0,0.0,0.0,0.0,0.0,82.43046829979102,82.43046829979102,82.43046829979102,0.0,0.0,0.0,82.43046829979102,82.43046829979102,82.43046829979102,0.0,0.0,0.0,270.21016111416304
2019-11-18,2019-11-18,184.43183823749865,124.24238030595245,478.6437391620175,184.43183823749865,184.43183823749865,0.0,0.0,0.0,0.0,0.0,0.0,0.0,0.0,0.0,0.0,0.0,0.0,0.0,0.0,0.0,0.0,0.0,0.0,0.0,0.0,0.0,0.0,0.0,0.0,113.17383748347507,113.17383748347507,113.17383748347507,0.0,0.0,0.0,113.17383748347507,113.17383748347507,113.17383748347507,0.0,0.0,0.0,297.60567572097375
2019-11-25,2019-11-25,181.08398366062536,100.16506292971876,458.8701125999926,181.08398366062536,181.08398366062536,0.0,0.0,0.0,0.0,0.0,0.0,0.0,0.0,0.0,0.0,0.0,0.0,0.0,0.0,0.0,0.0,0.0,0.0,0.0,0.0,0.0,0.0,0.0,0.0,98.95874432131511,98.95874432131511,98.95874432131511,0.0,0.0,0.0,98.95874432131511,98.95874432131511,98.95874432131511,0.0,0.0,0.0,280.04272798194046
2019-12-02,2019-12-02,177.73612547302702,74.54991816136433,447.61905531447064,177.73612547302702,177.73612547302702,0.0,0.0,0.0,0.0,0.0,0.0,0.0,0.0,0.0,0.0,0.0,0.0,0.0,0.0,0.0,0.0,0.0,0.0,0.0,0.0,0.0,0.0,0.0,0.0,79.03143731744719,79.03143731744719,79.03143731744719,0.0,0.0,0.0,79.03143731744719,79.03143731744719,79.03143731744719,0.0,0.0,0.0,256.7675627904742
2019-12-09,2019-12-09,174.38826728542878,71.460971157086,427.5822227238288,174.38826728542878,174.38826728542878,0.0,0.0,0.0,0.0,0.0,0.0,0.0,0.0,0.0,0.0,0.0,0.0,0.0,0.0,0.0,0.0,0.0,0.0,0.0,0.0,0.0,0.0,0.0,0.0,73.28179109818194,73.28179109818194,73.28179109818194,0.0,0.0,0.0,73.28179109818194,73.28179109818194,73.28179109818194,0.0,0.0,0.0,247.67005838361072
2019-12-16,2019-12-16,171.04040909783046,43.96647453618245,405.7277590083692,171.04040909783046,171.04040909783046,0.0,0.0,0.0,0.0,0.0,0.0,0.0,0.0,0.0,0.0,0.0,0.0,0.0,0.0,0.0,0.0,0.0,0.0,0.0,0.0,0.0,0.0,0.0,0.0,50.80348228072146,50.80348228072146,50.80348228072146,0.0,0.0,0.0,50.80348228072146,50.80348228072146,50.80348228072146,0.0,0.0,0.0,221.84389137855192
2019-12-23,2019-12-23,167.69255091023223,-34.6601765684721,311.61171843668706,167.69255091023223,167.69255091023223,0.0,0.0,0.0,0.0,0.0,0.0,0.0,0.0,0.0,0.0,0.0,0.0,0.0,0.0,0.0,0.0,0.0,0.0,0.0,0.0,0.0,0.0,0.0,0.0,-23.489076727473254,-23.489076727473254,-23.489076727473254,0.0,0.0,0.0,-23.489076727473254,-23.489076727473254,-23.489076727473254,0.0,0.0,0.0,144.20347418275898
2019-12-30,2019-12-30,164.34469272263394,-145.32505982129348,233.8917789925219,164.34469272263394,164.34469272263394,0.0,0.0,0.0,0.0,0.0,0.0,0.0,0.0,0.0,0.0,0.0,0.0,0.0,0.0,0.0,0.0,0.0,0.0,0.0,0.0,0.0,0.0,0.0,0.0,-123.8130280634108,-123.8130280634108,-123.8130280634108,0.0,0.0,0.0,-123.8130280634108,-123.8130280634108,-123.8130280634108,0.0,0.0,0.0,40.53166465922314
2020-01-06,2020-01-06,160.99683451401629,-178.14814543931453,183.17303669386038,160.99683451401629,160.99683451401629,0.0,0.0,0.0,0.0,0.0,0.0,0.0,0.0,0.0,0.0,0.0,0.0,0.0,0.0,0.0,0.0,0.0,0.0,0.0,0.0,0.0,0.0,0.0,0.0,-170.65555125034007,-170.65555125034007,-170.65555125034007,0.0,0.0,0.0,-170.65555125034007,-170.65555125034007,-170.65555125034007,0.0,0.0,0.0,-9.658716736323782
2020-01-13,2020-01-13,157.64897630539872,-130.51483337768857,233.79382203541,157.64897630539872,157.64897630539872,0.0,0.0,0.0,0.0,0.0,0.0,0.0,0.0,0.0,0.0,0.0,0.0,0.0,0.0,0.0,0.0,0.0,0.0,0.0,0.0,0.0,0.0,0.0,0.0,-114.34192285470688,-114.34192285470688,-114.34192285470688,0.0,0.0,0.0,-114.34192285470688,-114.34192285470688,-114.34192285470688,0.0,0.0,0.0,43.30705345069184
2020-01-20,2020-01-20,154.3011180967811,-16.909867046031035,341.89916742026463,154.3011180967811,154.3011180967811,0.0,0.0,0.0,0.0,0.0,0.0,0.0,0.0,0.0,0.0,0.0,0.0,0.0,0.0,0.0,0.0,0.0,0.0,0.0,0.0,0.0,0.0,0.0,0.0,-0.05459574549446068,-0.05459574549446068,-0.05459574549446068,0.0,0.0,0.0,-0.05459574549446068,-0.05459574549446068,-0.05459574549446068,0.0,0.0,0.0,154.24652235128664
2020-01-27,2020-01-27,150.95325988816356,36.58434585216966,396.019505274915,150.95325988816356,150.95325988816356,0.0,0.0,0.0,0.0,0.0,0.0,0.0,0.0,0.0,0.0,0.0,0.0,0.0,0.0,0.0,0.0,0.0,0.0,0.0,0.0,0.0,0.0,0.0,0.0,67.95326780279463,67.95326780279463,67.95326780279463,0.0,0.0,0.0,67.95326780279463,67.95326780279463,67.95326780279463,0.0,0.0,0.0,218.90652769095817
2020-02-03,2020-02-03,147.6054016795459,-9.725530187545525,354.80134128785437,147.6054016795459,147.6054016795459,0.0,0.0,0.0,0.0,0.0,0.0,0.0,0.0,0.0,0.0,0.0,0.0,0.0,0.0,0.0,0.0,0.0,0.0,0.0,0.0,0.0,0.0,0.0,0.0,30.683473394444455,30.683473394444455,30.683473394444455,0.0,0.0,0.0,30.683473394444455,30.683473394444455,30.683473394444455,0.0,0.0,0.0,178.28887507399037
2020-02-10,2020-02-10,144.25754346879714,-104.65673662765799,258.5624921237974,144.25754346879714,144.25754346879714,0.0,0.0,0.0,0.0,0.0,0.0,0.0,0.0,0.0,0.0,0.0,0.0,0.0,0.0,0.0,0.0,0.0,0.0,0.0,0.0,0.0,0.0,0.0,0.0,-66.27747276631544,-66.27747276631544,-66.27747276631544,0.0,0.0,0.0,-66.27747276631544,-66.27747276631544,-66.27747276631544,0.0,0.0,0.0,77.9800707024817
2020-02-17,2020-02-17,140.90968525804846,-161.73171534296316,189.5020943196394,140.90968525804846,140.90968525804846,0.0,0.0,0.0,0.0,0.0,0.0,0.0,0.0,0.0,0.0,0.0,0.0,0.0,0.0,0.0,0.0,0.0,0.0,0.0,0.0,0.0,0.0,0.0,0.0,-123.09510950057489,-123.09510950057489,-123.09510950057489,0.0,0.0,0.0,-123.09510950057489,-123.09510950057489,-123.09510950057489,0.0,0.0,0.0,17.814575757473563
2020-02-24,2020-02-24,137.56182704729974,-131.95745749390252,239.09999240058326,137.56182704729974,137.56182704729974,0.0,0.0,0.0,0.0,0.0,0.0,0.0,0.0,0.0,0.0,0.0,0.0,0.0,0.0,0.0,0.0,0.0,0.0,0.0,0.0,0.0,0.0,0.0,0.0,-88.65825705592374,-88.65825705592374,-88.65825705592374,0.0,0.0,0.0,-88.65825705592374,-88.65825705592374,-88.65825705592374,0.0,0.0,0.0,48.903569991376
2020-03-02,2020-03-02,134.21396883655106,-34.97074588229999,309.2147601301331,134.21396883655106,134.21396883655106,0.0,0.0,0.0,0.0,0.0,0.0,0.0,0.0,0.0,0.0,0.0,0.0,0.0,0.0,0.0,0.0,0.0,0.0,0.0,0.0,0.0,0.0,0.0,0.0,-5.333733061973988,-5.333733061973988,-5.333733061973988,0.0,0.0,0.0,-5.333733061973988,-5.333733061973988,-5.333733061973988,0.0,0.0,0.0,128.88023577457707
2020-03-09,2020-03-09,130.86611062580238,-11.562671091006653,360.53452161956966,130.86611062580238,130.86611062580238,0.0,0.0,0.0,0.0,0.0,0.0,0.0,0.0,0.0,0.0,0.0,0.0,0.0,0.0,0.0,0.0,0.0,0.0,0.0,0.0,0.0,0.0,0.0,0.0,44.590759820696775,44.590759820696775,44.590759820696775,0.0,0.0,0.0,44.590759820696775,44.590759820696775,44.590759820696775,0.0,0.0,0.0,175.45687044649915
2020-03-16,2020-03-16,127.51825241422831,-25.017365494669825,335.16139160761264,127.51825241422831,127.51825241422831,0.0,0.0,0.0,0.0,0.0,0.0,0.0,0.0,0.0,0.0,0.0,0.0,0.0,0.0,0.0,0.0,0.0,0.0,0.0,0.0,0.0,0.0,0.0,0.0,23.710104608493126,23.710104608493126,23.710104608493126,0.0,0.0,0.0,23.710104608493126,23.710104608493126,23.710104608493126,0.0,0.0,0.0,151.22835702272144
2020-03-23,2020-03-23,124.1703942026543,-90.0084088516313,253.58184536366653,124.1703942026543,124.1703942026543,0.0,0.0,0.0,0.0,0.0,0.0,0.0,0.0,0.0,0.0,0.0,0.0,0.0,0.0,0.0,0.0,0.0,0.0,0.0,0.0,0.0,0.0,0.0,0.0,-34.015047785819505,-34.015047785819505,-34.015047785819505,0.0,0.0,0.0,-34.015047785819505,-34.015047785819505,-34.015047785819505,0.0,0.0,0.0,90.15534641683479
2020-03-30,2020-03-30,120.82253599108023,-138.65049378413346,221.18453477107778,120.82253599108023,120.82253599108023,0.0,0.0,0.0,0.0,0.0,0.0,0.0,0.0,0.0,0.0,0.0,0.0,0.0,0.0,0.0,0.0,0.0,0.0,0.0,0.0,0.0,0.0,0.0,0.0,-69.48970480702712,-69.48970480702712,-69.48970480702712,0.0,0.0,0.0,-69.48970480702712,-69.48970480702712,-69.48970480702712,0.0,0.0,0.0,51.332831184053106
2020-04-06,2020-04-06,117.47467777950621,-115.10211878924115,248.07196596818682,117.47467777950621,117.47467777950621,0.0,0.0,0.0,0.0,0.0,0.0,0.0,0.0,0.0,0.0,0.0,0.0,0.0,0.0,0.0,0.0,0.0,0.0,0.0,0.0,0.0,0.0,0.0,0.0,-55.96357667539836,-55.96357667539836,-55.96357667539836,0.0,0.0,0.0,-55.96357667539836,-55.96357667539836,-55.96357667539836,0.0,0.0,0.0,61.51110110410785
2020-04-13,2020-04-13,114.1268195679322,-77.37977288404109,300.3327854781897,114.1268195679322,114.1268195679322,0.0,0.0,0.0,0.0,0.0,0.0,0.0,0.0,0.0,0.0,0.0,0.0,0.0,0.0,0.0,0.0,0.0,0.0,0.0,0.0,0.0,0.0,0.0,0.0,-11.294309887281633,-11.294309887281633,-11.294309887281633,0.0,0.0,0.0,-11.294309887281633,-11.294309887281633,-11.294309887281633,0.0,0.0,0.0,102.83250968065057
2020-04-20,2020-04-20,110.77896134032379,-22.97986561401585,330.16312737591227,110.77896134032379,110.77896134032379,0.0,0.0,0.0,0.0,0.0,0.0,0.0,0.0,0.0,0.0,0.0,0.0,0.0,0.0,0.0,0.0,0.0,0.0,0.0,0.0,0.0,0.0,0.0,0.0,29.80868777776268,29.80868777776268,29.80868777776268,0.0,0.0,0.0,29.80868777776268,29.80868777776268,29.80868777776268,0.0,0.0,0.0,140.58764911808646
2020-04-27,2020-04-27,107.43110311271548,-21.787128348744574,324.9649010997608,107.43110311271548,107.43110311271548,0.0,0.0,0.0,0.0,0.0,0.0,0.0,0.0,0.0,0.0,0.0,0.0,0.0,0.0,0.0,0.0,0.0,0.0,0.0,0.0,0.0,0.0,0.0,0.0,42.49281267062195,42.49281267062195,42.49281267062195,0.0,0.0,0.0,42.49281267062195,42.49281267062195,42.49281267062195,0.0,0.0,0.0,149.92391578333743
2020-05-04,2020-05-04,104.08324488510712,-50.891344313791265,296.115171031999,104.08324488510712,104.08324488510712,0.0,0.0,0.0,0.0,0.0,0.0,0.0,0.0,0.0,0.0,0.0,0.0,0.0,0.0,0.0,0.0,0.0,0.0,0.0,0.0,0.0,0.0,0.0,0.0,18.09618410038658,18.09618410038658,18.09618410038658,0.0,0.0,0.0,18.09618410038658,18.09618410038658,18.09618410038658,0.0,0.0,0.0,122.1794289854937
2020-05-11,2020-05-11,100.73538665749881,-117.84698188087432,240.49261897285393,100.73538665749881,100.73538665749881,0.0,0.0,0.0,0.0,0.0,0.0,0.0,0.0,0.0,0.0,0.0,0.0,0.0,0.0,0.0,0.0,0.0,0.0,0.0,0.0,0.0,0.0,0.0,0.0,-36.2289602437797,-36.2289602437797,-36.2289602437797,0.0,0.0,0.0,-36.2289602437797,-36.2289602437797,-36.2289602437797,0.0,0.0,0.0,64.50642641371911
2020-05-18,2020-05-18,97.38752842989045,-176.29729415584077,188.5591371491003,97.38752842989045,97.38752842989045,0.0,0.0,0.0,0.0,0.0,0.0,0.0,0.0,0.0,0.0,0.0,0.0,0.0,0.0,0.0,0.0,0.0,0.0,0.0,0.0,0.0,0.0,0.0,0.0,-94.72045729644118,-94.72045729644118,-94.72045729644118,0.0,0.0,0.0,-94.72045729644118,-94.72045729644118,-94.72045729644118,0.0,0.0,0.0,2.6670711334492694
2020-05-25,2020-05-25,94.03967019540923,-199.61030355559888,144.8234058704667,94.03967019540923,94.03967019540923,0.0,0.0,0.0,0.0,0.0,0.0,0.0,0.0,0.0,0.0,0.0,0.0,0.0,0.0,0.0,0.0,0.0,0.0,0.0,0.0,0.0,0.0,0.0,0.0,-121.01591245425735,-121.01591245425735,-121.01591245425735,0.0,0.0,0.0,-121.01591245425735,-121.01591245425735,-121.01591245425735,0.0,0.0,0.0,-26.976242258848117
2020-06-01,2020-06-01,90.6918119609281,-188.49670932263186,166.00757689803805,90.6918119609281,90.6918119609281,0.0,0.0,0.0,0.0,0.0,0.0,0.0,0.0,0.0,0.0,0.0,0.0,0.0,0.0,0.0,0.0,0.0,0.0,0.0,0.0,0.0,0.0,0.0,0.0,-96.49833531318939,-96.49833531318939,-96.49833531318939,0.0,0.0,0.0,-96.49833531318939,-96.49833531318939,-96.49833531318939,0.0,0.0,0.0,-5.80652335226128
2020-06-08,2020-06-08,87.34395372644694,-135.09038689616438,209.01261559264626,87.34395372644694,87.34395372644694,0.0,0.0,0.0,0.0,0.0,0.0,0.0,0.0,0.0,0.0,0.0,0.0,0.0,0.0,0.0,0.0,0.0,0.0,0.0,0.0,0.0,0.0,0.0,0.0,-44.236232923065415,-44.236232923065415,-44.236232923065415,0.0,0.0,0.0,-44.236232923065415,-44.236232923065415,-44.236232923065415,0.0,0.0,0.0,43.107720803381525
2020-06-15,2020-06-15,83.99609549196578,-123.01526577590892,255.1031067117753,83.99609549196578,83.99609549196578,0.0,0.0,0.0,0.0,0.0,0.0,0.0,0.0,0.0,0.0,0.0,0.0,0.0,0.0,0.0,0.0,0.0,0.0,0.0,0.0,0.0,0.0,0.0,0.0,-12.727474458531887,-12.727474458531887,-12.727474458531887,0.0,0.0,0.0,-12.727474458531887,-12.727474458531887,-12.727474458531887,0.0,0.0,0.0,71.26862103343389
2020-06-22,2020-06-22,80.64823725748471,-120.17927384985992,235.16667872569556,80.64823725748471,80.64823725748471,0.0,0.0,0.0,0.0,0.0,0.0,0.0,0.0,0.0,0.0,0.0,0.0,0.0,0.0,0.0,0.0,0.0,0.0,0.0,0.0,0.0,0.0,0.0,0.0,-25.6947881882293,-25.6947881882293,-25.6947881882293,0.0,0.0,0.0,-25.6947881882293,-25.6947881882293,-25.6947881882293,0.0,0.0,0.0,54.95344906925541
2020-06-29,2020-06-29,77.30037902300344,-155.0514579833309,206.74750196515654,77.30037902300344,77.30037902300344,0.0,0.0,0.0,0.0,0.0,0.0,0.0,0.0,0.0,0.0,0.0,0.0,0.0,0.0,0.0,0.0,0.0,0.0,0.0,0.0,0.0,0.0,0.0,0.0,-52.71150570556782,-52.71150570556782,-52.71150570556782,0.0,0.0,0.0,-52.71150570556782,-52.71150570556782,-52.71150570556782,0.0,0.0,0.0,24.588873317435628
2020-07-06,2020-07-06,73.95252078852228,-137.69655815308937,217.93625520511415,73.95252078852228,73.95252078852228,0.0,0.0,0.0,0.0,0.0,0.0,0.0,0.0,0.0,0.0,0.0,0.0,0.0,0.0,0.0,0.0,0.0,0.0,0.0,0.0,0.0,0.0,0.0,0.0,-41.38759353651785,-41.38759353651785,-41.38759353651785,0.0,0.0,0.0,-41.38759353651785,-41.38759353651785,-41.38759353651785,0.0,0.0,0.0,32.56492725200443
2020-07-13,2020-07-13,70.6046625540412,-88.39939787248265,286.91920553133855,70.6046625540412,70.6046625540412,0.0,0.0,0.0,0.0,0.0,0.0,0.0,0.0,0.0,0.0,0.0,0.0,0.0,0.0,0.0,0.0,0.0,0.0,0.0,0.0,0.0,0.0,0.0,0.0,19.714665137412073,19.714665137412073,19.714665137412073,0.0,0.0,0.0,19.714665137412073,19.714665137412073,19.714665137412073,0.0,0.0,0.0,90.31932769145327
2020-07-20,2020-07-20,67.25680431956003,-31.153781722370887,335.4826213186076,67.25680431956003,67.25680431956003,0.0,0.0,0.0,0.0,0.0,0.0,0.0,0.0,0.0,0.0,0.0,0.0,0.0,0.0,0.0,0.0,0.0,0.0,0.0,0.0,0.0,0.0,0.0,0.0,81.74088036358461,81.74088036358461,81.74088036358461,0.0,0.0,0.0,81.74088036358461,81.74088036358461,81.74088036358461,0.0,0.0,0.0,148.99768468314466
2020-07-27,2020-07-27,63.90894608507887,-32.28622586517241,335.79855768329725,63.90894608507887,63.90894608507887,0.0,0.0,0.0,0.0,0.0,0.0,0.0,0.0,0.0,0.0,0.0,0.0,0.0,0.0,0.0,0.0,0.0,0.0,0.0,0.0,0.0,0.0,0.0,0.0,88.15034081034287,88.15034081034287,88.15034081034287,0.0,0.0,0.0,88.15034081034287,88.15034081034287,88.15034081034287,0.0,0.0,0.0,152.05928689542174
2020-08-03,2020-08-03,60.5610878505977,-63.09551529578155,281.3307739765088,60.5610878505977,60.5610878505977,0.0,0.0,0.0,0.0,0.0,0.0,0.0,0.0,0.0,0.0,0.0,0.0,0.0,0.0,0.0,0.0,0.0,0.0,0.0,0.0,0.0,0.0,0.0,0.0,40.73618283796902,40.73618283796902,40.73618283796902,0.0,0.0,0.0,40.73618283796902,40.73618283796902,40.73618283796902,0.0,0.0,0.0,101.29727068856673
2020-08-10,2020-08-10,57.21322961611653,-123.9118650552126,224.72958660315186,57.21322961611653,57.21322961611653,0.0,0.0,0.0,0.0,0.0,0.0,0.0,0.0,0.0,0.0,0.0,0.0,0.0,0.0,0.0,0.0,0.0,0.0,0.0,0.0,0.0,0.0,0.0,0.0,-0.5230485752975313,-0.5230485752975313,-0.5230485752975313,0.0,0.0,0.0,-0.5230485752975313,-0.5230485752975313,-0.5230485752975313,0.0,0.0,0.0,56.690181040819
2020-08-17,2020-08-17,53.86537138163536,-105.98702650358557,248.56467857138242,53.86537138163536,53.86537138163536,0.0,0.0,0.0,0.0,0.0,0.0,0.0,0.0,0.0,0.0,0.0,0.0,0.0,0.0,0.0,0.0,0.0,0.0,0.0,0.0,0.0,0.0,0.0,0.0,13.35222966037631,13.35222966037631,13.35222966037631,0.0,0.0,0.0,13.35222966037631,13.35222966037631,13.35222966037631,0.0,0.0,0.0,67.21760104201167
2020-08-24,2020-08-24,50.5175131471542,-68.9541457730545,289.6884624158955,50.5175131471542,50.5175131471542,0.0,0.0,0.0,0.0,0.0,0.0,0.0,0.0,0.0,0.0,0.0,0.0,0.0,0.0,0.0,0.0,0.0,0.0,0.0,0.0,0.0,0.0,0.0,0.0,63.72859881999696,63.72859881999696,63.72859881999696,0.0,0.0,0.0,63.72859881999696,63.72859881999696,63.72859881999696,0.0,0.0,0.0,114.24611196715117
2020-08-31,2020-08-31,47.16965491267303,-36.56233978958373,315.1182508991612,47.16965491267303,47.16965491267303,0.0,0.0,0.0,0.0,0.0,0.0,0.0,0.0,0.0,0.0,0.0,0.0,0.0,0.0,0.0,0.0,0.0,0.0,0.0,0.0,0.0,0.0,0.0,0.0,88.94927916378816,88.94927916378816,88.94927916378816,0.0,0.0,0.0,88.94927916378816,88.94927916378816,88.94927916378816,0.0,0.0,0.0,136.1189340764612
2020-09-07,2020-09-07,43.821796678191866,-69.94413580326285,283.35624816959154,43.821796678191866,43.821796678191866,0.0,0.0,0.0,0.0,0.0,0.0,0.0,0.0,0.0,0.0,0.0,0.0,0.0,0.0,0.0,0.0,0.0,0.0,0.0,0.0,0.0,0.0,0.0,0.0,60.549124540871055,60.549124540871055,60.549124540871055,0.0,0.0,0.0,60.549124540871055,60.549124540871055,60.549124540871055,0.0,0.0,0.0,104.37092121906292
2020-09-14,2020-09-14,40.47393844371069,-115.47739314106693,233.18434237533384,40.47393844371069,40.47393844371069,0.0,0.0,0.0,0.0,0.0,0.0,0.0,0.0,0.0,0.0,0.0,0.0,0.0,0.0,0.0,0.0,0.0,0.0,0.0,0.0,0.0,0.0,0.0,0.0,17.632098139151186,17.632098139151186,17.632098139151186,0.0,0.0,0.0,17.632098139151186,17.632098139151186,17.632098139151186,0.0,0.0,0.0,58.106036582861876
2020-09-21,2020-09-21,37.12608020922962,-126.13274374292897,233.15018022768172,37.12608020922962,37.12608020922962,0.0,0.0,0.0,0.0,0.0,0.0,0.0,0.0,0.0,0.0,0.0,0.0,0.0,0.0,0.0,0.0,0.0,0.0,0.0,0.0,0.0,0.0,0.0,0.0,16.803436365872987,16.803436365872987,16.803436365872987,0.0,0.0,0.0,16.803436365872987,16.803436365872987,16.803436365872987,0.0,0.0,0.0,53.92951657510261
2020-09-28,2020-09-28,33.778221974748455,-88.01118013702056,262.64019191492423,33.778221974748455,33.778221974748455,0.0,0.0,0.0,0.0,0.0,0.0,0.0,0.0,0.0,0.0,0.0,0.0,0.0,0.0,0.0,0.0,0.0,0.0,0.0,0.0,0.0,0.0,0.0,0.0,59.63823579547946,59.63823579547946,59.63823579547946,0.0,0.0,0.0,59.63823579547946,59.63823579547946,59.63823579547946,0.0,0.0,0.0,93.41645777022791
2020-10-05,2020-10-05,30.430363740267193,-49.23584460464803,298.8720073736808,30.430363740267193,30.430363740267193,0.0,0.0,0.0,0.0,0.0,0.0,0.0,0.0,0.0,0.0,0.0,0.0,0.0,0.0,0.0,0.0,0.0,0.0,0.0,0.0,0.0,0.0,0.0,0.0,88.49544328941,88.49544328941,88.49544328941,0.0,0.0,0.0,88.49544328941,88.49544328941,88.49544328941,0.0,0.0,0.0,118.9258070296772
2020-10-12,2020-10-12,27.08250550578612,-131.70905957616574,223.4428884471791,27.08250550578612,27.08250550578612,0.0,0.0,0.0,0.0,0.0,0.0,-38.88968204412749,-38.88968204412749,-38.88968204412749,0.0,0.0,0.0,0.0,0.0,0.0,0.0,0.0,0.0,0.0,0.0,0.0,0.0,0.0,0.0,18.55632215038918,18.55632215038918,18.55632215038918,-38.88968204412749,-38.88968204412749,-38.88968204412749,57.446004194516675,57.446004194516675,57.446004194516675,0.0,0.0,0.0,45.6388276561753
2020-10-19,2020-10-19,23.73464727130495,-164.86203695059174,194.3490686791383,23.73464727130495,23.73464727130495,0.0,0.0,0.0,0.0,0.0,0.0,0.0,0.0,0.0,0.0,0.0,0.0,0.0,0.0,0.0,0.0,0.0,0.0,0.0,0.0,0.0,0.0,0.0,0.0,-8.477322877540129,-8.477322877540129,-8.477322877540129,0.0,0.0,0.0,-8.477322877540129,-8.477322877540129,-8.477322877540129,0.0,0.0,0.0,15.257324393764822
2020-10-26,2020-10-26,20.386789036823785,-188.45520968283554,161.51640615195802,20.386789036823785,20.386789036823785,0.0,0.0,0.0,0.0,0.0,0.0,0.0,0.0,0.0,0.0,0.0,0.0,0.0,0.0,0.0,0.0,0.0,0.0,0.0,0.0,0.0,0.0,0.0,0.0,-39.18516922593599,-39.18516922593599,-39.18516922593599,0.0,0.0,0.0,-39.18516922593599,-39.18516922593599,-39.18516922593599,0.0,0.0,0.0,-18.7983801891122
2020-11-02,2020-11-02,17.03893080234262,-165.97188821756555,203.87975950057137,17.03893080234262,17.03893080234262,0.0,0.0,0.0,0.0,0.0,0.0,0.0,0.0,0.0,0.0,0.0,0.0,0.0,0.0,0.0,0.0,0.0,0.0,0.0,0.0,0.0,0.0,0.0,0.0,0.2059906998012038,0.2059906998012038,0.2059906998012038,0.0,0.0,0.0,0.2059906998012038,0.2059906998012038,0.2059906998012038,0.0,0.0,0.0,17.244921502143825
2020-11-09,2020-11-09,13.69107256786145,-102.28509085918037,251.64373864303897,13.69107256786145,13.69107256786145,0.0,0.0,0.0,0.0,0.0,0.0,0.0,0.0,0.0,0.0,0.0,0.0,0.0,0.0,0.0,0.0,0.0,0.0,0.0,0.0,0.0,0.0,0.0,0.0,71.58826644476845,71.58826644476845,71.58826644476845,0.0,0.0,0.0,71.58826644476845,71.58826644476845,71.58826644476845,0.0,0.0,0.0,85.2793390126299
2020-11-16,2020-11-16,10.343214333380283,-66.05176547354607,295.74985457101633,10.343214333380283,10.343214333380283,0.0,0.0,0.0,0.0,0.0,0.0,0.0,0.0,0.0,0.0,0.0,0.0,0.0,0.0,0.0,0.0,0.0,0.0,0.0,0.0,0.0,0.0,0.0,0.0,111.69196476040639,111.69196476040639,111.69196476040639,0.0,0.0,0.0,111.69196476040639,111.69196476040639,111.69196476040639,0.0,0.0,0.0,122.03517909378668
2020-11-23,2020-11-23,6.995356098899117,-64.74004105511926,288.1974546711881,6.995356098899117,6.995356098899117,0.0,0.0,0.0,0.0,0.0,0.0,0.0,0.0,0.0,0.0,0.0,0.0,0.0,0.0,0.0,0.0,0.0,0.0,0.0,0.0,0.0,0.0,0.0,0.0,103.18980104908127,103.18980104908127,103.18980104908127,0.0,0.0,0.0,103.18980104908127,103.18980104908127,103.18980104908127,0.0,0.0,0.0,110.18515714798039
2020-11-30,2020-11-30,3.6474978644180425,-91.18698760313596,261.66886620462907,3.6474978644180425,3.6474978644180425,0.0,0.0,0.0,0.0,0.0,0.0,0.0,0.0,0.0,0.0,0.0,0.0,0.0,0.0,0.0,0.0,0.0,0.0,0.0,0.0,0.0,0.0,0.0,0.0,81.41917944520475,81.41917944520475,81.41917944520475,0.0,0.0,0.0,81.41917944520475,81.41917944520475,81.41917944520475,0.0,0.0,0.0,85.06667730962279
2020-12-07,2020-12-07,0.2996396299368751,-104.67546075589,248.86183535176457,0.2996396299368751,0.2996396299368751,0.0,0.0,0.0,0.0,0.0,0.0,0.0,0.0,0.0,0.0,0.0,0.0,0.0,0.0,0.0,0.0,0.0,0.0,0.0,0.0,0.0,0.0,0.0,0.0,74.14730818759976,74.14730818759976,74.14730818759976,0.0,0.0,0.0,74.14730818759976,74.14730818759976,74.14730818759976,0.0,0.0,0.0,74.44694781753664
2020-12-14,2020-12-14,-3.0482186045442923,-108.51606049392296,227.62384050300065,-3.0482186045442923,-3.0482186045442923,0.0,0.0,0.0,0.0,0.0,0.0,0.0,0.0,0.0,0.0,0.0,0.0,0.0,0.0,0.0,0.0,0.0,0.0,0.0,0.0,0.0,0.0,0.0,0.0,58.14165989347243,58.14165989347243,58.14165989347243,0.0,0.0,0.0,58.14165989347243,58.14165989347243,58.14165989347243,0.0,0.0,0.0,55.09344128892813
2020-12-21,2020-12-21,-6.39607683902546,-202.9418729851647,164.17960254334344,-6.39607683902546,-6.39607683902546,0.0,0.0,0.0,0.0,0.0,0.0,0.0,0.0,0.0,0.0,0.0,0.0,0.0,0.0,0.0,0.0,0.0,0.0,0.0,0.0,0.0,0.0,0.0,0.0,-6.549074559023183,-6.549074559023183,-6.549074559023183,0.0,0.0,0.0,-6.549074559023183,-6.549074559023183,-6.549074559023183,0.0,0.0,0.0,-12.945151398048644
2020-12-28,2020-12-28,-9.743935073506627,-310.1234184674251,74.78879345448453,-9.743935073506627,-9.743935073506627,0.0,0.0,0.0,0.0,0.0,0.0,0.0,0.0,0.0,0.0,0.0,0.0,0.0,0.0,0.0,0.0,0.0,0.0,0.0,0.0,0.0,0.0,0.0,0.0,-107.34441843021955,-107.34441843021955,-107.34441843021955,0.0,0.0,0.0,-107.34441843021955,-107.34441843021955,-107.34441843021955,0.0,0.0,0.0,-117.08835350372618
2021-01-04,2021-01-04,-13.091793307987794,-358.6729920585304,-8.911564183961548,-13.091793307987794,-13.091793307987794,0.0,0.0,0.0,0.0,0.0,0.0,0.0,0.0,0.0,0.0,0.0,0.0,0.0,0.0,0.0,0.0,0.0,0.0,0.0,0.0,0.0,0.0,0.0,0.0,-169.52156975583694,-169.52156975583694,-169.52156975583694,0.0,0.0,0.0,-169.52156975583694,-169.52156975583694,-169.52156975583694,0.0,0.0,0.0,-182.61336306382472
2021-01-11,2021-01-11,-16.43965154246896,-331.25908071174814,43.16597681292105,-16.43965960166669,-16.439634236401798,0.0,0.0,0.0,0.0,0.0,0.0,0.0,0.0,0.0,0.0,0.0,0.0,0.0,0.0,0.0,0.0,0.0,0.0,0.0,0.0,0.0,0.0,0.0,0.0,-131.2320297411029,-131.2320297411029,-131.2320297411029,0.0,0.0,0.0,-131.2320297411029,-131.2320297411029,-131.2320297411029,0.0,0.0,0.0,-147.67168128357187
2021-01-18,2021-01-18,-19.787509776950035,-203.82024551686888,126.50900505953216,-19.787556466860234,-19.787447392035922,0.0,0.0,0.0,0.0,0.0,0.0,0.0,0.0,0.0,0.0,0.0,0.0,0.0,0.0,0.0,0.0,0.0,0.0,0.0,0.0,0.0,0.0,0.0,0.0,-20.10237924492645,-20.10237924492645,-20.10237924492645,0.0,0.0,0.0,-20.10237924492645,-20.10237924492645,-20.10237924492645,0.0,0.0,0.0,-39.889889021876485
2021-01-25,2021-01-25,-23.135368011431204,-137.14350366793624,225.3666458932748,-23.13546304099599,-23.13525374771128,0.0,0.0,0.0,0.0,0.0,0.0,0.0,0.0,0.0,0.0,0.0,0.0,0.0,0.0,0.0,0.0,0.0,0.0,0.0,0.0,0.0,0.0,0.0,0.0,63.14878328731015,63.14878328731015,63.14878328731015,0.0,0.0,0.0,63.14878328731015,63.14878328731015,63.14878328731015,0.0,0.0,0.0,40.01341527587895
2021-02-01,2021-02-01,-26.483226245912462,-144.72125435207494,192.49981432569788,-26.4833735360611,-26.483036325686935,0.0,0.0,0.0,0.0,0.0,0.0,0.0,0.0,0.0,0.0,0.0,0.0,0.0,0.0,0.0,0.0,0.0,0.0,0.0,0.0,0.0,0.0,0.0,0.0,44.3076492836148,44.3076492836148,44.3076492836148,0.0,0.0,0.0,44.3076492836148,44.3076492836148,44.3076492836148,0.0,0.0,0.0,17.82442303770234
2021-02-08,2021-02-08,-29.83108448039363,-259.9542473542661,100.85700172769344,-29.831291154674275,-29.830798604165953,0.0,0.0,0.0,0.0,0.0,0.0,0.0,0.0,0.0,0.0,0.0,0.0,0.0,0.0,0.0,0.0,0.0,0.0,0.0,0.0,0.0,0.0,0.0,0.0,-49.11395320921647,-49.11395320921647,-49.11395320921647,0.0,0.0,0.0,-49.11395320921647,-49.11395320921647,-49.11395320921647,0.0,0.0,0.0,-78.9450376896101
2021-02-15,2021-02-15,-33.1789427148748,-329.95972727191014,34.190525108438884,-33.17921535155921,-33.178588836123005,0.0,0.0,0.0,0.0,0.0,0.0,0.0,0.0,0.0,0.0,0.0,0.0,0.0,0.0,0.0,0.0,0.0,0.0,0.0,0.0,0.0,0.0,0.0,0.0,-119.42687921288324,-119.42687921288324,-119.42687921288324,0.0,0.0,0.0,-119.42687921288324,-119.42687921288324,-119.42687921288324,0.0,0.0,0.0,-152.60582192775803
2021-02-22,2021-02-22,-36.526800949355874,-320.2066840915327,53.77804084308433,-36.527140967311475,-36.52634578251847,0.0,0.0,0.0,0.0,0.0,0.0,0.0,0.0,0.0,0.0,0.0,0.0,0.0,0.0,0.0,0.0,0.0,0.0,0.0,0.0,0.0,0.0,0.0,0.0,-100.65681095870632,-100.65681095870632,-100.65681095870632,0.0,0.0,0.0,-100.65681095870632,-100.65681095870632,-100.65681095870632,0.0,0.0,0.0,-137.18361190806218
2021-03-01,2021-03-01,-39.87465918383704,-231.14940651126935,126.13457986518749,-39.87511499321001,-39.874134792742666,0.0,0.0,0.0,0.0,0.0,0.0,0.0,0.0,0.0,0.0,0.0,0.0,0.0,0.0,0.0,0.0,0.0,0.0,0.0,0.0,0.0,0.0,0.0,0.0,-19.956778231896184,-19.956778231896184,-19.956778231896184,0.0,0.0,0.0,-19.956778231896184,-19.956778231896184,-19.956778231896184,0.0,0.0,0.0,-59.83143741573322
2021-03-08,2021-03-08,-43.222517418318205,-187.254478110823,174.831875382435,-43.22306503758222,-43.22187448907421,0.0,0.0,0.0,0.0,0.0,0.0,0.0,0.0,0.0,0.0,0.0,0.0,0.0,0.0,0.0,0.0,0.0,0.0,0.0,0.0,0.0,0.0,0.0,0.0,40.813848398252645,40.813848398252645,40.813848398252645,0.0,0.0,0.0,40.813848398252645,40.813848398252645,40.813848398252645,0.0,0.0,0.0,-2.4086690200655596
